ISO-10303-21;
HEADER;
FILE_DESCRIPTION(('Open CASCADE Model'),'2;1');
FILE_NAME('Open CASCADE Shape Model','2026-06-03T22:41:54',('Author'),(
    'Open CASCADE'),'Open CASCADE STEP processor 7.5','Open CASCADE 7.5'
  ,'Unknown');
FILE_SCHEMA(('AUTOMOTIVE_DESIGN { 1 0 10303 214 1 1 1 1 }'));
ENDSEC;
DATA;
#1 = APPLICATION_PROTOCOL_DEFINITION('international standard',
  'automotive_design',2000,#2);
#2 = APPLICATION_CONTEXT(
  'core data for automotive mechanical design processes');
#3 = SHAPE_DEFINITION_REPRESENTATION(#4,#10);
#4 = PRODUCT_DEFINITION_SHAPE('','',#5);
#5 = PRODUCT_DEFINITION('design','',#6,#9);
#6 = PRODUCT_DEFINITION_FORMATION('','',#7);
#7 = PRODUCT('PCB','PCB','',(#8));
#8 = PRODUCT_CONTEXT('',#2,'mechanical');
#9 = PRODUCT_DEFINITION_CONTEXT('part definition',#2,'design');
#10 = SHAPE_REPRESENTATION('',(#11,#15,#19,#23,#27,#31,#35),#39);
#11 = AXIS2_PLACEMENT_3D('',#12,#13,#14);
#12 = CARTESIAN_POINT('',(0.,0.,0.));
#13 = DIRECTION('',(0.,0.,1.));
#14 = DIRECTION('',(1.,0.,-0.));
#15 = AXIS2_PLACEMENT_3D('',#16,#17,#18);
#16 = CARTESIAN_POINT('',(0.,0.,0.));
#17 = DIRECTION('',(0.,0.,1.));
#18 = DIRECTION('',(1.,0.,-0.));
#19 = AXIS2_PLACEMENT_3D('',#20,#21,#22);
#20 = CARTESIAN_POINT('',(0.,0.,0.));
#21 = DIRECTION('',(0.,0.,1.));
#22 = DIRECTION('',(1.,0.,-0.));
#23 = AXIS2_PLACEMENT_3D('',#24,#25,#26);
#24 = CARTESIAN_POINT('',(0.,0.,0.));
#25 = DIRECTION('',(0.,0.,1.));
#26 = DIRECTION('',(1.,0.,-0.));
#27 = AXIS2_PLACEMENT_3D('',#28,#29,#30);
#28 = CARTESIAN_POINT('',(0.,0.,0.));
#29 = DIRECTION('',(0.,0.,1.));
#30 = DIRECTION('',(1.,0.,-0.));
#31 = AXIS2_PLACEMENT_3D('',#32,#33,#34);
#32 = CARTESIAN_POINT('',(0.,0.,0.));
#33 = DIRECTION('',(0.,0.,1.));
#34 = DIRECTION('',(1.,0.,-0.));
#35 = AXIS2_PLACEMENT_3D('',#36,#37,#38);
#36 = CARTESIAN_POINT('',(0.,0.,0.));
#37 = DIRECTION('',(0.,0.,1.));
#38 = DIRECTION('',(1.,0.,-0.));
#39 = ( GEOMETRIC_REPRESENTATION_CONTEXT(3) 
GLOBAL_UNCERTAINTY_ASSIGNED_CONTEXT((#43)) GLOBAL_UNIT_ASSIGNED_CONTEXT(
(#40,#41,#42)) REPRESENTATION_CONTEXT('Context #1',
  '3D Context with UNIT and UNCERTAINTY') );
#40 = ( LENGTH_UNIT() NAMED_UNIT(*) SI_UNIT(.MILLI.,.METRE.) );
#41 = ( NAMED_UNIT(*) PLANE_ANGLE_UNIT() SI_UNIT($,.RADIAN.) );
#42 = ( NAMED_UNIT(*) SI_UNIT($,.STERADIAN.) SOLID_ANGLE_UNIT() );
#43 = UNCERTAINTY_MEASURE_WITH_UNIT(LENGTH_MEASURE(2.E-05),#40,
  'distance_accuracy_value','confusion accuracy');
#44 = PRODUCT_RELATED_PRODUCT_CATEGORY('part',$,(#7));
#45 = SHAPE_DEFINITION_REPRESENTATION(#46,#52);
#46 = PRODUCT_DEFINITION_SHAPE('','',#47);
#47 = PRODUCT_DEFINITION('design','',#48,#51);
#48 = PRODUCT_DEFINITION_FORMATION('','',#49);
#49 = PRODUCT('Board','Board','',(#50));
#50 = PRODUCT_CONTEXT('',#2,'mechanical');
#51 = PRODUCT_DEFINITION_CONTEXT('part definition',#2,'design');
#52 = SHAPE_REPRESENTATION('',(#11,#53),#57);
#53 = AXIS2_PLACEMENT_3D('',#54,#55,#56);
#54 = CARTESIAN_POINT('',(0.,0.,-1.55956));
#55 = DIRECTION('',(0.,0.,1.));
#56 = DIRECTION('',(1.,0.,-0.));
#57 = ( GEOMETRIC_REPRESENTATION_CONTEXT(3) 
GLOBAL_UNCERTAINTY_ASSIGNED_CONTEXT((#61)) GLOBAL_UNIT_ASSIGNED_CONTEXT(
(#58,#59,#60)) REPRESENTATION_CONTEXT('Context #1',
  '3D Context with UNIT and UNCERTAINTY') );
#58 = ( LENGTH_UNIT() NAMED_UNIT(*) SI_UNIT(.MILLI.,.METRE.) );
#59 = ( NAMED_UNIT(*) PLANE_ANGLE_UNIT() SI_UNIT($,.RADIAN.) );
#60 = ( NAMED_UNIT(*) SI_UNIT($,.STERADIAN.) SOLID_ANGLE_UNIT() );
#61 = UNCERTAINTY_MEASURE_WITH_UNIT(LENGTH_MEASURE(1.E-07),#58,
  'distance_accuracy_value','confusion accuracy');
#62 = ADVANCED_BREP_SHAPE_REPRESENTATION('',(#11,#63),#665);
#63 = MANIFOLD_SOLID_BREP('',#64);
#64 = CLOSED_SHELL('',(#65,#107,#138,#171,#202,#235,#266,#299,#321,#354,
    #387,#420,#453,#486,#519,#552,#585,#625));
#65 = ADVANCED_FACE('',(#66),#102,.T.);
#66 = FACE_BOUND('',#67,.F.);
#67 = EDGE_LOOP('',(#68,#78,#87,#95));
#68 = ORIENTED_EDGE('',*,*,#69,.T.);
#69 = EDGE_CURVE('',#70,#72,#74,.T.);
#70 = VERTEX_POINT('',#71);
#71 = CARTESIAN_POINT('',(10.,38.27,0.));
#72 = VERTEX_POINT('',#73);
#73 = CARTESIAN_POINT('',(10.,38.27,1.55956));
#74 = LINE('',#75,#76);
#75 = CARTESIAN_POINT('',(10.,38.27,0.));
#76 = VECTOR('',#77,1.);
#77 = DIRECTION('',(0.,0.,1.));
#78 = ORIENTED_EDGE('',*,*,#79,.T.);
#79 = EDGE_CURVE('',#72,#80,#82,.T.);
#80 = VERTEX_POINT('',#81);
#81 = CARTESIAN_POINT('',(11.27,37.,1.55956));
#82 = CIRCLE('',#83,1.270087455482);
#83 = AXIS2_PLACEMENT_3D('',#84,#85,#86);
#84 = CARTESIAN_POINT('',(11.270087452471,38.270087452471,1.55956));
#85 = DIRECTION('',(0.,0.,1.));
#86 = DIRECTION('',(-0.999999997629,-6.885547219487E-05,0.));
#87 = ORIENTED_EDGE('',*,*,#88,.F.);
#88 = EDGE_CURVE('',#89,#80,#91,.T.);
#89 = VERTEX_POINT('',#90);
#90 = CARTESIAN_POINT('',(11.27,37.,0.));
#91 = LINE('',#92,#93);
#92 = CARTESIAN_POINT('',(11.27,37.,0.));
#93 = VECTOR('',#94,1.);
#94 = DIRECTION('',(0.,0.,1.));
#95 = ORIENTED_EDGE('',*,*,#96,.F.);
#96 = EDGE_CURVE('',#70,#89,#97,.T.);
#97 = CIRCLE('',#98,1.270087455482);
#98 = AXIS2_PLACEMENT_3D('',#99,#100,#101);
#99 = CARTESIAN_POINT('',(11.270087452471,38.270087452471,0.));
#100 = DIRECTION('',(0.,0.,1.));
#101 = DIRECTION('',(-0.999999997629,-6.885547219487E-05,0.));
#102 = CYLINDRICAL_SURFACE('',#103,1.270087455482);
#103 = AXIS2_PLACEMENT_3D('',#104,#105,#106);
#104 = CARTESIAN_POINT('',(11.270087452471,38.270087452471,0.));
#105 = DIRECTION('',(-0.,-0.,-1.));
#106 = DIRECTION('',(-0.999999997629,-6.885547219487E-05,0.));
#107 = ADVANCED_FACE('',(#108),#133,.F.);
#108 = FACE_BOUND('',#109,.F.);
#109 = EDGE_LOOP('',(#110,#111,#119,#127));
#110 = ORIENTED_EDGE('',*,*,#88,.T.);
#111 = ORIENTED_EDGE('',*,*,#112,.T.);
#112 = EDGE_CURVE('',#80,#113,#115,.T.);
#113 = VERTEX_POINT('',#114);
#114 = CARTESIAN_POINT('',(57.73,37.,1.55956));
#115 = LINE('',#116,#117);
#116 = CARTESIAN_POINT('',(11.27,37.,1.55956));
#117 = VECTOR('',#118,1.);
#118 = DIRECTION('',(1.,0.,0.));
#119 = ORIENTED_EDGE('',*,*,#120,.F.);
#120 = EDGE_CURVE('',#121,#113,#123,.T.);
#121 = VERTEX_POINT('',#122);
#122 = CARTESIAN_POINT('',(57.73,37.,0.));
#123 = LINE('',#124,#125);
#124 = CARTESIAN_POINT('',(57.73,37.,0.));
#125 = VECTOR('',#126,1.);
#126 = DIRECTION('',(0.,0.,1.));
#127 = ORIENTED_EDGE('',*,*,#128,.F.);
#128 = EDGE_CURVE('',#89,#121,#129,.T.);
#129 = LINE('',#130,#131);
#130 = CARTESIAN_POINT('',(11.27,37.,0.));
#131 = VECTOR('',#132,1.);
#132 = DIRECTION('',(1.,0.,0.));
#133 = PLANE('',#134);
#134 = AXIS2_PLACEMENT_3D('',#135,#136,#137);
#135 = CARTESIAN_POINT('',(11.27,37.,0.));
#136 = DIRECTION('',(0.,1.,0.));
#137 = DIRECTION('',(1.,0.,0.));
#138 = ADVANCED_FACE('',(#139),#166,.T.);
#139 = FACE_BOUND('',#140,.F.);
#140 = EDGE_LOOP('',(#141,#142,#151,#159));
#141 = ORIENTED_EDGE('',*,*,#120,.T.);
#142 = ORIENTED_EDGE('',*,*,#143,.T.);
#143 = EDGE_CURVE('',#113,#144,#146,.T.);
#144 = VERTEX_POINT('',#145);
#145 = CARTESIAN_POINT('',(59.,38.27,1.55956));
#146 = CIRCLE('',#147,1.270087455482);
#147 = AXIS2_PLACEMENT_3D('',#148,#149,#150);
#148 = CARTESIAN_POINT('',(57.729912547529,38.270087452471,1.55956));
#149 = DIRECTION('',(0.,0.,1.));
#150 = DIRECTION('',(6.885547219487E-05,-0.999999997629,0.));
#151 = ORIENTED_EDGE('',*,*,#152,.F.);
#152 = EDGE_CURVE('',#153,#144,#155,.T.);
#153 = VERTEX_POINT('',#154);
#154 = CARTESIAN_POINT('',(59.,38.27,0.));
#155 = LINE('',#156,#157);
#156 = CARTESIAN_POINT('',(59.,38.27,0.));
#157 = VECTOR('',#158,1.);
#158 = DIRECTION('',(0.,0.,1.));
#159 = ORIENTED_EDGE('',*,*,#160,.F.);
#160 = EDGE_CURVE('',#121,#153,#161,.T.);
#161 = CIRCLE('',#162,1.270087455482);
#162 = AXIS2_PLACEMENT_3D('',#163,#164,#165);
#163 = CARTESIAN_POINT('',(57.729912547529,38.270087452471,0.));
#164 = DIRECTION('',(0.,0.,1.));
#165 = DIRECTION('',(6.885547219487E-05,-0.999999997629,0.));
#166 = CYLINDRICAL_SURFACE('',#167,1.270087455482);
#167 = AXIS2_PLACEMENT_3D('',#168,#169,#170);
#168 = CARTESIAN_POINT('',(57.729912547529,38.270087452471,0.));
#169 = DIRECTION('',(-0.,-0.,-1.));
#170 = DIRECTION('',(6.885547219487E-05,-0.999999997629,0.));
#171 = ADVANCED_FACE('',(#172),#197,.F.);
#172 = FACE_BOUND('',#173,.F.);
#173 = EDGE_LOOP('',(#174,#175,#183,#191));
#174 = ORIENTED_EDGE('',*,*,#152,.T.);
#175 = ORIENTED_EDGE('',*,*,#176,.T.);
#176 = EDGE_CURVE('',#144,#177,#179,.T.);
#177 = VERTEX_POINT('',#178);
#178 = CARTESIAN_POINT('',(59.,58.73,1.55956));
#179 = LINE('',#180,#181);
#180 = CARTESIAN_POINT('',(59.,38.27,1.55956));
#181 = VECTOR('',#182,1.);
#182 = DIRECTION('',(0.,1.,0.));
#183 = ORIENTED_EDGE('',*,*,#184,.F.);
#184 = EDGE_CURVE('',#185,#177,#187,.T.);
#185 = VERTEX_POINT('',#186);
#186 = CARTESIAN_POINT('',(59.,58.73,0.));
#187 = LINE('',#188,#189);
#188 = CARTESIAN_POINT('',(59.,58.73,0.));
#189 = VECTOR('',#190,1.);
#190 = DIRECTION('',(0.,0.,1.));
#191 = ORIENTED_EDGE('',*,*,#192,.F.);
#192 = EDGE_CURVE('',#153,#185,#193,.T.);
#193 = LINE('',#194,#195);
#194 = CARTESIAN_POINT('',(59.,38.27,0.));
#195 = VECTOR('',#196,1.);
#196 = DIRECTION('',(0.,1.,0.));
#197 = PLANE('',#198);
#198 = AXIS2_PLACEMENT_3D('',#199,#200,#201);
#199 = CARTESIAN_POINT('',(59.,38.27,0.));
#200 = DIRECTION('',(-1.,0.,0.));
#201 = DIRECTION('',(0.,1.,0.));
#202 = ADVANCED_FACE('',(#203),#230,.T.);
#203 = FACE_BOUND('',#204,.F.);
#204 = EDGE_LOOP('',(#205,#206,#215,#223));
#205 = ORIENTED_EDGE('',*,*,#184,.T.);
#206 = ORIENTED_EDGE('',*,*,#207,.T.);
#207 = EDGE_CURVE('',#177,#208,#210,.T.);
#208 = VERTEX_POINT('',#209);
#209 = CARTESIAN_POINT('',(57.73,60.,1.55956));
#210 = CIRCLE('',#211,1.270087455482);
#211 = AXIS2_PLACEMENT_3D('',#212,#213,#214);
#212 = CARTESIAN_POINT('',(57.729912547529,58.729912547529,1.55956));
#213 = DIRECTION('',(0.,0.,1.));
#214 = DIRECTION('',(0.999999997629,6.885547219487E-05,-0.));
#215 = ORIENTED_EDGE('',*,*,#216,.F.);
#216 = EDGE_CURVE('',#217,#208,#219,.T.);
#217 = VERTEX_POINT('',#218);
#218 = CARTESIAN_POINT('',(57.73,60.,0.));
#219 = LINE('',#220,#221);
#220 = CARTESIAN_POINT('',(57.73,60.,0.));
#221 = VECTOR('',#222,1.);
#222 = DIRECTION('',(0.,0.,1.));
#223 = ORIENTED_EDGE('',*,*,#224,.F.);
#224 = EDGE_CURVE('',#185,#217,#225,.T.);
#225 = CIRCLE('',#226,1.270087455482);
#226 = AXIS2_PLACEMENT_3D('',#227,#228,#229);
#227 = CARTESIAN_POINT('',(57.729912547529,58.729912547529,0.));
#228 = DIRECTION('',(0.,0.,1.));
#229 = DIRECTION('',(0.999999997629,6.885547219487E-05,-0.));
#230 = CYLINDRICAL_SURFACE('',#231,1.270087455482);
#231 = AXIS2_PLACEMENT_3D('',#232,#233,#234);
#232 = CARTESIAN_POINT('',(57.729912547529,58.729912547529,0.));
#233 = DIRECTION('',(-0.,-0.,-1.));
#234 = DIRECTION('',(0.999999997629,6.885547219487E-05,-0.));
#235 = ADVANCED_FACE('',(#236),#261,.F.);
#236 = FACE_BOUND('',#237,.F.);
#237 = EDGE_LOOP('',(#238,#239,#247,#255));
#238 = ORIENTED_EDGE('',*,*,#216,.T.);
#239 = ORIENTED_EDGE('',*,*,#240,.T.);
#240 = EDGE_CURVE('',#208,#241,#243,.T.);
#241 = VERTEX_POINT('',#242);
#242 = CARTESIAN_POINT('',(11.27,60.,1.55956));
#243 = LINE('',#244,#245);
#244 = CARTESIAN_POINT('',(57.73,60.,1.55956));
#245 = VECTOR('',#246,1.);
#246 = DIRECTION('',(-1.,0.,0.));
#247 = ORIENTED_EDGE('',*,*,#248,.F.);
#248 = EDGE_CURVE('',#249,#241,#251,.T.);
#249 = VERTEX_POINT('',#250);
#250 = CARTESIAN_POINT('',(11.27,60.,0.));
#251 = LINE('',#252,#253);
#252 = CARTESIAN_POINT('',(11.27,60.,0.));
#253 = VECTOR('',#254,1.);
#254 = DIRECTION('',(0.,0.,1.));
#255 = ORIENTED_EDGE('',*,*,#256,.F.);
#256 = EDGE_CURVE('',#217,#249,#257,.T.);
#257 = LINE('',#258,#259);
#258 = CARTESIAN_POINT('',(57.73,60.,0.));
#259 = VECTOR('',#260,1.);
#260 = DIRECTION('',(-1.,0.,0.));
#261 = PLANE('',#262);
#262 = AXIS2_PLACEMENT_3D('',#263,#264,#265);
#263 = CARTESIAN_POINT('',(57.73,60.,0.));
#264 = DIRECTION('',(0.,-1.,0.));
#265 = DIRECTION('',(-1.,0.,0.));
#266 = ADVANCED_FACE('',(#267),#294,.T.);
#267 = FACE_BOUND('',#268,.F.);
#268 = EDGE_LOOP('',(#269,#270,#279,#287));
#269 = ORIENTED_EDGE('',*,*,#248,.T.);
#270 = ORIENTED_EDGE('',*,*,#271,.T.);
#271 = EDGE_CURVE('',#241,#272,#274,.T.);
#272 = VERTEX_POINT('',#273);
#273 = CARTESIAN_POINT('',(10.,58.73,1.55956));
#274 = CIRCLE('',#275,1.270087455482);
#275 = AXIS2_PLACEMENT_3D('',#276,#277,#278);
#276 = CARTESIAN_POINT('',(11.270087452471,58.729912547529,1.55956));
#277 = DIRECTION('',(0.,0.,1.));
#278 = DIRECTION('',(-6.885547219907E-05,0.999999997629,0.));
#279 = ORIENTED_EDGE('',*,*,#280,.F.);
#280 = EDGE_CURVE('',#281,#272,#283,.T.);
#281 = VERTEX_POINT('',#282);
#282 = CARTESIAN_POINT('',(10.,58.73,0.));
#283 = LINE('',#284,#285);
#284 = CARTESIAN_POINT('',(10.,58.73,0.));
#285 = VECTOR('',#286,1.);
#286 = DIRECTION('',(0.,0.,1.));
#287 = ORIENTED_EDGE('',*,*,#288,.F.);
#288 = EDGE_CURVE('',#249,#281,#289,.T.);
#289 = CIRCLE('',#290,1.270087455482);
#290 = AXIS2_PLACEMENT_3D('',#291,#292,#293);
#291 = CARTESIAN_POINT('',(11.270087452471,58.729912547529,0.));
#292 = DIRECTION('',(0.,0.,1.));
#293 = DIRECTION('',(-6.885547219907E-05,0.999999997629,0.));
#294 = CYLINDRICAL_SURFACE('',#295,1.270087455482);
#295 = AXIS2_PLACEMENT_3D('',#296,#297,#298);
#296 = CARTESIAN_POINT('',(11.270087452471,58.729912547529,0.));
#297 = DIRECTION('',(-0.,-0.,-1.));
#298 = DIRECTION('',(-6.885547219907E-05,0.999999997629,0.));
#299 = ADVANCED_FACE('',(#300),#316,.F.);
#300 = FACE_BOUND('',#301,.F.);
#301 = EDGE_LOOP('',(#302,#303,#309,#310));
#302 = ORIENTED_EDGE('',*,*,#280,.T.);
#303 = ORIENTED_EDGE('',*,*,#304,.T.);
#304 = EDGE_CURVE('',#272,#72,#305,.T.);
#305 = LINE('',#306,#307);
#306 = CARTESIAN_POINT('',(10.,58.73,1.55956));
#307 = VECTOR('',#308,1.);
#308 = DIRECTION('',(0.,-1.,0.));
#309 = ORIENTED_EDGE('',*,*,#69,.F.);
#310 = ORIENTED_EDGE('',*,*,#311,.F.);
#311 = EDGE_CURVE('',#281,#70,#312,.T.);
#312 = LINE('',#313,#314);
#313 = CARTESIAN_POINT('',(10.,58.73,0.));
#314 = VECTOR('',#315,1.);
#315 = DIRECTION('',(0.,-1.,0.));
#316 = PLANE('',#317);
#317 = AXIS2_PLACEMENT_3D('',#318,#319,#320);
#318 = CARTESIAN_POINT('',(10.,58.73,0.));
#319 = DIRECTION('',(1.,0.,-0.));
#320 = DIRECTION('',(0.,-1.,0.));
#321 = ADVANCED_FACE('',(#322),#349,.F.);
#322 = FACE_BOUND('',#323,.T.);
#323 = EDGE_LOOP('',(#324,#334,#341,#342));
#324 = ORIENTED_EDGE('',*,*,#325,.T.);
#325 = EDGE_CURVE('',#326,#328,#330,.T.);
#326 = VERTEX_POINT('',#327);
#327 = CARTESIAN_POINT('',(15.65,45.5,0.));
#328 = VERTEX_POINT('',#329);
#329 = CARTESIAN_POINT('',(15.65,45.5,1.55956));
#330 = LINE('',#331,#332);
#331 = CARTESIAN_POINT('',(15.65,45.5,0.));
#332 = VECTOR('',#333,1.);
#333 = DIRECTION('',(0.,0.,1.));
#334 = ORIENTED_EDGE('',*,*,#335,.T.);
#335 = EDGE_CURVE('',#328,#328,#336,.T.);
#336 = CIRCLE('',#337,0.65);
#337 = AXIS2_PLACEMENT_3D('',#338,#339,#340);
#338 = CARTESIAN_POINT('',(15.,45.5,1.55956));
#339 = DIRECTION('',(0.,0.,1.));
#340 = DIRECTION('',(1.,0.,-0.));
#341 = ORIENTED_EDGE('',*,*,#325,.F.);
#342 = ORIENTED_EDGE('',*,*,#343,.F.);
#343 = EDGE_CURVE('',#326,#326,#344,.T.);
#344 = CIRCLE('',#345,0.65);
#345 = AXIS2_PLACEMENT_3D('',#346,#347,#348);
#346 = CARTESIAN_POINT('',(15.,45.5,0.));
#347 = DIRECTION('',(0.,0.,1.));
#348 = DIRECTION('',(1.,0.,-0.));
#349 = CYLINDRICAL_SURFACE('',#350,0.65);
#350 = AXIS2_PLACEMENT_3D('',#351,#352,#353);
#351 = CARTESIAN_POINT('',(15.,45.5,0.));
#352 = DIRECTION('',(-0.,-0.,-1.));
#353 = DIRECTION('',(1.,0.,-0.));
#354 = ADVANCED_FACE('',(#355),#382,.F.);
#355 = FACE_BOUND('',#356,.T.);
#356 = EDGE_LOOP('',(#357,#367,#374,#375));
#357 = ORIENTED_EDGE('',*,*,#358,.T.);
#358 = EDGE_CURVE('',#359,#361,#363,.T.);
#359 = VERTEX_POINT('',#360);
#360 = CARTESIAN_POINT('',(24.381,48.865,0.));
#361 = VERTEX_POINT('',#362);
#362 = CARTESIAN_POINT('',(24.381,48.865,1.55956));
#363 = LINE('',#364,#365);
#364 = CARTESIAN_POINT('',(24.381,48.865,0.));
#365 = VECTOR('',#366,1.);
#366 = DIRECTION('',(0.,0.,1.));
#367 = ORIENTED_EDGE('',*,*,#368,.T.);
#368 = EDGE_CURVE('',#361,#361,#369,.T.);
#369 = CIRCLE('',#370,0.381);
#370 = AXIS2_PLACEMENT_3D('',#371,#372,#373);
#371 = CARTESIAN_POINT('',(24.,48.865,1.55956));
#372 = DIRECTION('',(0.,0.,1.));
#373 = DIRECTION('',(1.,0.,-0.));
#374 = ORIENTED_EDGE('',*,*,#358,.F.);
#375 = ORIENTED_EDGE('',*,*,#376,.F.);
#376 = EDGE_CURVE('',#359,#359,#377,.T.);
#377 = CIRCLE('',#378,0.381);
#378 = AXIS2_PLACEMENT_3D('',#379,#380,#381);
#379 = CARTESIAN_POINT('',(24.,48.865,0.));
#380 = DIRECTION('',(0.,0.,1.));
#381 = DIRECTION('',(1.,0.,-0.));
#382 = CYLINDRICAL_SURFACE('',#383,0.381);
#383 = AXIS2_PLACEMENT_3D('',#384,#385,#386);
#384 = CARTESIAN_POINT('',(24.,48.865,0.));
#385 = DIRECTION('',(-0.,-0.,-1.));
#386 = DIRECTION('',(1.,0.,-0.));
#387 = ADVANCED_FACE('',(#388),#415,.F.);
#388 = FACE_BOUND('',#389,.T.);
#389 = EDGE_LOOP('',(#390,#400,#407,#408));
#390 = ORIENTED_EDGE('',*,*,#391,.T.);
#391 = EDGE_CURVE('',#392,#394,#396,.T.);
#392 = VERTEX_POINT('',#393);
#393 = CARTESIAN_POINT('',(15.65,50.5,0.));
#394 = VERTEX_POINT('',#395);
#395 = CARTESIAN_POINT('',(15.65,50.5,1.55956));
#396 = LINE('',#397,#398);
#397 = CARTESIAN_POINT('',(15.65,50.5,0.));
#398 = VECTOR('',#399,1.);
#399 = DIRECTION('',(0.,0.,1.));
#400 = ORIENTED_EDGE('',*,*,#401,.T.);
#401 = EDGE_CURVE('',#394,#394,#402,.T.);
#402 = CIRCLE('',#403,0.65);
#403 = AXIS2_PLACEMENT_3D('',#404,#405,#406);
#404 = CARTESIAN_POINT('',(15.,50.5,1.55956));
#405 = DIRECTION('',(0.,0.,1.));
#406 = DIRECTION('',(1.,0.,-0.));
#407 = ORIENTED_EDGE('',*,*,#391,.F.);
#408 = ORIENTED_EDGE('',*,*,#409,.F.);
#409 = EDGE_CURVE('',#392,#392,#410,.T.);
#410 = CIRCLE('',#411,0.65);
#411 = AXIS2_PLACEMENT_3D('',#412,#413,#414);
#412 = CARTESIAN_POINT('',(15.,50.5,0.));
#413 = DIRECTION('',(0.,0.,1.));
#414 = DIRECTION('',(1.,0.,-0.));
#415 = CYLINDRICAL_SURFACE('',#416,0.65);
#416 = AXIS2_PLACEMENT_3D('',#417,#418,#419);
#417 = CARTESIAN_POINT('',(15.,50.5,0.));
#418 = DIRECTION('',(-0.,-0.,-1.));
#419 = DIRECTION('',(1.,0.,-0.));
#420 = ADVANCED_FACE('',(#421),#448,.F.);
#421 = FACE_BOUND('',#422,.T.);
#422 = EDGE_LOOP('',(#423,#433,#440,#441));
#423 = ORIENTED_EDGE('',*,*,#424,.T.);
#424 = EDGE_CURVE('',#425,#427,#429,.T.);
#425 = VERTEX_POINT('',#426);
#426 = CARTESIAN_POINT('',(24.381,50.865,0.));
#427 = VERTEX_POINT('',#428);
#428 = CARTESIAN_POINT('',(24.381,50.865,1.55956));
#429 = LINE('',#430,#431);
#430 = CARTESIAN_POINT('',(24.381,50.865,0.));
#431 = VECTOR('',#432,1.);
#432 = DIRECTION('',(0.,0.,1.));
#433 = ORIENTED_EDGE('',*,*,#434,.T.);
#434 = EDGE_CURVE('',#427,#427,#435,.T.);
#435 = CIRCLE('',#436,0.381);
#436 = AXIS2_PLACEMENT_3D('',#437,#438,#439);
#437 = CARTESIAN_POINT('',(24.,50.865,1.55956));
#438 = DIRECTION('',(0.,0.,1.));
#439 = DIRECTION('',(1.,0.,-0.));
#440 = ORIENTED_EDGE('',*,*,#424,.F.);
#441 = ORIENTED_EDGE('',*,*,#442,.F.);
#442 = EDGE_CURVE('',#425,#425,#443,.T.);
#443 = CIRCLE('',#444,0.381);
#444 = AXIS2_PLACEMENT_3D('',#445,#446,#447);
#445 = CARTESIAN_POINT('',(24.,50.865,0.));
#446 = DIRECTION('',(0.,0.,1.));
#447 = DIRECTION('',(1.,0.,-0.));
#448 = CYLINDRICAL_SURFACE('',#449,0.381);
#449 = AXIS2_PLACEMENT_3D('',#450,#451,#452);
#450 = CARTESIAN_POINT('',(24.,50.865,0.));
#451 = DIRECTION('',(-0.,-0.,-1.));
#452 = DIRECTION('',(1.,0.,-0.));
#453 = ADVANCED_FACE('',(#454),#481,.F.);
#454 = FACE_BOUND('',#455,.T.);
#455 = EDGE_LOOP('',(#456,#466,#473,#474));
#456 = ORIENTED_EDGE('',*,*,#457,.T.);
#457 = EDGE_CURVE('',#458,#460,#462,.T.);
#458 = VERTEX_POINT('',#459);
#459 = CARTESIAN_POINT('',(45.381,49.,0.));
#460 = VERTEX_POINT('',#461);
#461 = CARTESIAN_POINT('',(45.381,49.,1.55956));
#462 = LINE('',#463,#464);
#463 = CARTESIAN_POINT('',(45.381,49.,0.));
#464 = VECTOR('',#465,1.);
#465 = DIRECTION('',(0.,0.,1.));
#466 = ORIENTED_EDGE('',*,*,#467,.T.);
#467 = EDGE_CURVE('',#460,#460,#468,.T.);
#468 = CIRCLE('',#469,0.381);
#469 = AXIS2_PLACEMENT_3D('',#470,#471,#472);
#470 = CARTESIAN_POINT('',(45.,49.,1.55956));
#471 = DIRECTION('',(0.,0.,1.));
#472 = DIRECTION('',(1.,0.,-0.));
#473 = ORIENTED_EDGE('',*,*,#457,.F.);
#474 = ORIENTED_EDGE('',*,*,#475,.F.);
#475 = EDGE_CURVE('',#458,#458,#476,.T.);
#476 = CIRCLE('',#477,0.381);
#477 = AXIS2_PLACEMENT_3D('',#478,#479,#480);
#478 = CARTESIAN_POINT('',(45.,49.,0.));
#479 = DIRECTION('',(0.,0.,1.));
#480 = DIRECTION('',(1.,0.,-0.));
#481 = CYLINDRICAL_SURFACE('',#482,0.381);
#482 = AXIS2_PLACEMENT_3D('',#483,#484,#485);
#483 = CARTESIAN_POINT('',(45.,49.,0.));
#484 = DIRECTION('',(-0.,-0.,-1.));
#485 = DIRECTION('',(1.,0.,-0.));
#486 = ADVANCED_FACE('',(#487),#514,.F.);
#487 = FACE_BOUND('',#488,.T.);
#488 = EDGE_LOOP('',(#489,#499,#506,#507));
#489 = ORIENTED_EDGE('',*,*,#490,.T.);
#490 = EDGE_CURVE('',#491,#493,#495,.T.);
#491 = VERTEX_POINT('',#492);
#492 = CARTESIAN_POINT('',(54.503,46.147,0.));
#493 = VERTEX_POINT('',#494);
#494 = CARTESIAN_POINT('',(54.503,46.147,1.55956));
#495 = LINE('',#496,#497);
#496 = CARTESIAN_POINT('',(54.503,46.147,0.));
#497 = VECTOR('',#498,1.);
#498 = DIRECTION('',(0.,0.,1.));
#499 = ORIENTED_EDGE('',*,*,#500,.T.);
#500 = EDGE_CURVE('',#493,#493,#501,.T.);
#501 = CIRCLE('',#502,0.65);
#502 = AXIS2_PLACEMENT_3D('',#503,#504,#505);
#503 = CARTESIAN_POINT('',(53.853,46.147,1.55956));
#504 = DIRECTION('',(0.,0.,1.));
#505 = DIRECTION('',(1.,0.,-0.));
#506 = ORIENTED_EDGE('',*,*,#490,.F.);
#507 = ORIENTED_EDGE('',*,*,#508,.F.);
#508 = EDGE_CURVE('',#491,#491,#509,.T.);
#509 = CIRCLE('',#510,0.65);
#510 = AXIS2_PLACEMENT_3D('',#511,#512,#513);
#511 = CARTESIAN_POINT('',(53.853,46.147,0.));
#512 = DIRECTION('',(0.,0.,1.));
#513 = DIRECTION('',(1.,0.,-0.));
#514 = CYLINDRICAL_SURFACE('',#515,0.65);
#515 = AXIS2_PLACEMENT_3D('',#516,#517,#518);
#516 = CARTESIAN_POINT('',(53.853,46.147,0.));
#517 = DIRECTION('',(-0.,-0.,-1.));
#518 = DIRECTION('',(1.,0.,-0.));
#519 = ADVANCED_FACE('',(#520),#547,.F.);
#520 = FACE_BOUND('',#521,.T.);
#521 = EDGE_LOOP('',(#522,#532,#539,#540));
#522 = ORIENTED_EDGE('',*,*,#523,.T.);
#523 = EDGE_CURVE('',#524,#526,#528,.T.);
#524 = VERTEX_POINT('',#525);
#525 = CARTESIAN_POINT('',(45.381,51.,0.));
#526 = VERTEX_POINT('',#527);
#527 = CARTESIAN_POINT('',(45.381,51.,1.55956));
#528 = LINE('',#529,#530);
#529 = CARTESIAN_POINT('',(45.381,51.,0.));
#530 = VECTOR('',#531,1.);
#531 = DIRECTION('',(0.,0.,1.));
#532 = ORIENTED_EDGE('',*,*,#533,.T.);
#533 = EDGE_CURVE('',#526,#526,#534,.T.);
#534 = CIRCLE('',#535,0.381);
#535 = AXIS2_PLACEMENT_3D('',#536,#537,#538);
#536 = CARTESIAN_POINT('',(45.,51.,1.55956));
#537 = DIRECTION('',(0.,0.,1.));
#538 = DIRECTION('',(1.,0.,-0.));
#539 = ORIENTED_EDGE('',*,*,#523,.F.);
#540 = ORIENTED_EDGE('',*,*,#541,.F.);
#541 = EDGE_CURVE('',#524,#524,#542,.T.);
#542 = CIRCLE('',#543,0.381);
#543 = AXIS2_PLACEMENT_3D('',#544,#545,#546);
#544 = CARTESIAN_POINT('',(45.,51.,0.));
#545 = DIRECTION('',(0.,0.,1.));
#546 = DIRECTION('',(1.,0.,-0.));
#547 = CYLINDRICAL_SURFACE('',#548,0.381);
#548 = AXIS2_PLACEMENT_3D('',#549,#550,#551);
#549 = CARTESIAN_POINT('',(45.,51.,0.));
#550 = DIRECTION('',(-0.,-0.,-1.));
#551 = DIRECTION('',(1.,0.,-0.));
#552 = ADVANCED_FACE('',(#553),#580,.F.);
#553 = FACE_BOUND('',#554,.T.);
#554 = EDGE_LOOP('',(#555,#565,#572,#573));
#555 = ORIENTED_EDGE('',*,*,#556,.T.);
#556 = EDGE_CURVE('',#557,#559,#561,.T.);
#557 = VERTEX_POINT('',#558);
#558 = CARTESIAN_POINT('',(54.503,51.147,0.));
#559 = VERTEX_POINT('',#560);
#560 = CARTESIAN_POINT('',(54.503,51.147,1.55956));
#561 = LINE('',#562,#563);
#562 = CARTESIAN_POINT('',(54.503,51.147,0.));
#563 = VECTOR('',#564,1.);
#564 = DIRECTION('',(0.,0.,1.));
#565 = ORIENTED_EDGE('',*,*,#566,.T.);
#566 = EDGE_CURVE('',#559,#559,#567,.T.);
#567 = CIRCLE('',#568,0.65);
#568 = AXIS2_PLACEMENT_3D('',#569,#570,#571);
#569 = CARTESIAN_POINT('',(53.853,51.147,1.55956));
#570 = DIRECTION('',(0.,0.,1.));
#571 = DIRECTION('',(1.,0.,-0.));
#572 = ORIENTED_EDGE('',*,*,#556,.F.);
#573 = ORIENTED_EDGE('',*,*,#574,.F.);
#574 = EDGE_CURVE('',#557,#557,#575,.T.);
#575 = CIRCLE('',#576,0.65);
#576 = AXIS2_PLACEMENT_3D('',#577,#578,#579);
#577 = CARTESIAN_POINT('',(53.853,51.147,0.));
#578 = DIRECTION('',(0.,0.,1.));
#579 = DIRECTION('',(1.,0.,-0.));
#580 = CYLINDRICAL_SURFACE('',#581,0.65);
#581 = AXIS2_PLACEMENT_3D('',#582,#583,#584);
#582 = CARTESIAN_POINT('',(53.853,51.147,0.));
#583 = DIRECTION('',(-0.,-0.,-1.));
#584 = DIRECTION('',(1.,0.,-0.));
#585 = ADVANCED_FACE('',(#586,#596,#599,#602,#605,#608,#611,#614,#617),
  #620,.F.);
#586 = FACE_BOUND('',#587,.F.);
#587 = EDGE_LOOP('',(#588,#589,#590,#591,#592,#593,#594,#595));
#588 = ORIENTED_EDGE('',*,*,#96,.T.);
#589 = ORIENTED_EDGE('',*,*,#128,.T.);
#590 = ORIENTED_EDGE('',*,*,#160,.T.);
#591 = ORIENTED_EDGE('',*,*,#192,.T.);
#592 = ORIENTED_EDGE('',*,*,#224,.T.);
#593 = ORIENTED_EDGE('',*,*,#256,.T.);
#594 = ORIENTED_EDGE('',*,*,#288,.T.);
#595 = ORIENTED_EDGE('',*,*,#311,.T.);
#596 = FACE_BOUND('',#597,.F.);
#597 = EDGE_LOOP('',(#598));
#598 = ORIENTED_EDGE('',*,*,#343,.F.);
#599 = FACE_BOUND('',#600,.F.);
#600 = EDGE_LOOP('',(#601));
#601 = ORIENTED_EDGE('',*,*,#376,.F.);
#602 = FACE_BOUND('',#603,.F.);
#603 = EDGE_LOOP('',(#604));
#604 = ORIENTED_EDGE('',*,*,#409,.F.);
#605 = FACE_BOUND('',#606,.F.);
#606 = EDGE_LOOP('',(#607));
#607 = ORIENTED_EDGE('',*,*,#442,.F.);
#608 = FACE_BOUND('',#609,.F.);
#609 = EDGE_LOOP('',(#610));
#610 = ORIENTED_EDGE('',*,*,#475,.F.);
#611 = FACE_BOUND('',#612,.F.);
#612 = EDGE_LOOP('',(#613));
#613 = ORIENTED_EDGE('',*,*,#508,.F.);
#614 = FACE_BOUND('',#615,.F.);
#615 = EDGE_LOOP('',(#616));
#616 = ORIENTED_EDGE('',*,*,#541,.F.);
#617 = FACE_BOUND('',#618,.F.);
#618 = EDGE_LOOP('',(#619));
#619 = ORIENTED_EDGE('',*,*,#574,.F.);
#620 = PLANE('',#621);
#621 = AXIS2_PLACEMENT_3D('',#622,#623,#624);
#622 = CARTESIAN_POINT('',(34.5,48.5,0.));
#623 = DIRECTION('',(0.,0.,1.));
#624 = DIRECTION('',(1.,0.,-0.));
#625 = ADVANCED_FACE('',(#626,#636,#639,#642,#645,#648,#651,#654,#657),
  #660,.T.);
#626 = FACE_BOUND('',#627,.T.);
#627 = EDGE_LOOP('',(#628,#629,#630,#631,#632,#633,#634,#635));
#628 = ORIENTED_EDGE('',*,*,#79,.T.);
#629 = ORIENTED_EDGE('',*,*,#112,.T.);
#630 = ORIENTED_EDGE('',*,*,#143,.T.);
#631 = ORIENTED_EDGE('',*,*,#176,.T.);
#632 = ORIENTED_EDGE('',*,*,#207,.T.);
#633 = ORIENTED_EDGE('',*,*,#240,.T.);
#634 = ORIENTED_EDGE('',*,*,#271,.T.);
#635 = ORIENTED_EDGE('',*,*,#304,.T.);
#636 = FACE_BOUND('',#637,.T.);
#637 = EDGE_LOOP('',(#638));
#638 = ORIENTED_EDGE('',*,*,#335,.F.);
#639 = FACE_BOUND('',#640,.T.);
#640 = EDGE_LOOP('',(#641));
#641 = ORIENTED_EDGE('',*,*,#368,.F.);
#642 = FACE_BOUND('',#643,.T.);
#643 = EDGE_LOOP('',(#644));
#644 = ORIENTED_EDGE('',*,*,#401,.F.);
#645 = FACE_BOUND('',#646,.T.);
#646 = EDGE_LOOP('',(#647));
#647 = ORIENTED_EDGE('',*,*,#434,.F.);
#648 = FACE_BOUND('',#649,.T.);
#649 = EDGE_LOOP('',(#650));
#650 = ORIENTED_EDGE('',*,*,#467,.F.);
#651 = FACE_BOUND('',#652,.T.);
#652 = EDGE_LOOP('',(#653));
#653 = ORIENTED_EDGE('',*,*,#500,.F.);
#654 = FACE_BOUND('',#655,.T.);
#655 = EDGE_LOOP('',(#656));
#656 = ORIENTED_EDGE('',*,*,#533,.F.);
#657 = FACE_BOUND('',#658,.T.);
#658 = EDGE_LOOP('',(#659));
#659 = ORIENTED_EDGE('',*,*,#566,.F.);
#660 = PLANE('',#661);
#661 = AXIS2_PLACEMENT_3D('',#662,#663,#664);
#662 = CARTESIAN_POINT('',(34.5,48.5,1.55956));
#663 = DIRECTION('',(0.,0.,1.));
#664 = DIRECTION('',(1.,0.,-0.));
#665 = ( GEOMETRIC_REPRESENTATION_CONTEXT(3) 
GLOBAL_UNCERTAINTY_ASSIGNED_CONTEXT((#669)) GLOBAL_UNIT_ASSIGNED_CONTEXT
((#666,#667,#668)) REPRESENTATION_CONTEXT('Context #1',
  '3D Context with UNIT and UNCERTAINTY') );
#666 = ( LENGTH_UNIT() NAMED_UNIT(*) SI_UNIT(.MILLI.,.METRE.) );
#667 = ( NAMED_UNIT(*) PLANE_ANGLE_UNIT() SI_UNIT($,.RADIAN.) );
#668 = ( NAMED_UNIT(*) SI_UNIT($,.STERADIAN.) SOLID_ANGLE_UNIT() );
#669 = UNCERTAINTY_MEASURE_WITH_UNIT(LENGTH_MEASURE(1.E-07),#666,
  'distance_accuracy_value','confusion accuracy');
#670 = SHAPE_DEFINITION_REPRESENTATION(#671,#62);
#671 = PRODUCT_DEFINITION_SHAPE('','',#672);
#672 = PRODUCT_DEFINITION('design','',#673,#676);
#673 = PRODUCT_DEFINITION_FORMATION('','',#674);
#674 = PRODUCT('Open CASCADE STEP translator 7.5 1.1.1',
  'Open CASCADE STEP translator 7.5 1.1.1','',(#675));
#675 = PRODUCT_CONTEXT('',#2,'mechanical');
#676 = PRODUCT_DEFINITION_CONTEXT('part definition',#2,'design');
#677 = CONTEXT_DEPENDENT_SHAPE_REPRESENTATION(#678,#680);
#678 = ( REPRESENTATION_RELATIONSHIP('','',#62,#52) 
REPRESENTATION_RELATIONSHIP_WITH_TRANSFORMATION(#679) 
SHAPE_REPRESENTATION_RELATIONSHIP() );
#679 = ITEM_DEFINED_TRANSFORMATION('','',#11,#53);
#680 = PRODUCT_DEFINITION_SHAPE('Placement','Placement of an item',#681
  );
#681 = NEXT_ASSEMBLY_USAGE_OCCURRENCE('1','','',#47,#672,$);
#682 = PRODUCT_RELATED_PRODUCT_CATEGORY('part',$,(#674));
#683 = CONTEXT_DEPENDENT_SHAPE_REPRESENTATION(#684,#686);
#684 = ( REPRESENTATION_RELATIONSHIP('','',#52,#10) 
REPRESENTATION_RELATIONSHIP_WITH_TRANSFORMATION(#685) 
SHAPE_REPRESENTATION_RELATIONSHIP() );
#685 = ITEM_DEFINED_TRANSFORMATION('','',#11,#15);
#686 = PRODUCT_DEFINITION_SHAPE('Placement','Placement of an item',#687
  );
#687 = NEXT_ASSEMBLY_USAGE_OCCURRENCE('2','','',#5,#47,$);
#688 = PRODUCT_RELATED_PRODUCT_CATEGORY('part',$,(#49));
#689 = SHAPE_DEFINITION_REPRESENTATION(#690,#696);
#690 = PRODUCT_DEFINITION_SHAPE('','',#691);
#691 = PRODUCT_DEFINITION('design','',#692,#695);
#692 = PRODUCT_DEFINITION_FORMATION('','',#693);
#693 = PRODUCT('Q1','Q1','',(#694));
#694 = PRODUCT_CONTEXT('',#2,'mechanical');
#695 = PRODUCT_DEFINITION_CONTEXT('part definition',#2,'design');
#696 = SHAPE_REPRESENTATION('',(#11,#697),#701);
#697 = AXIS2_PLACEMENT_3D('',#698,#699,#700);
#698 = CARTESIAN_POINT('',(35.00000436543,50.774997236523,0.));
#699 = DIRECTION('',(0.,0.,1.));
#700 = DIRECTION('',(1.,0.,0.));
#701 = ( GEOMETRIC_REPRESENTATION_CONTEXT(3) 
GLOBAL_UNCERTAINTY_ASSIGNED_CONTEXT((#705)) GLOBAL_UNIT_ASSIGNED_CONTEXT
((#702,#703,#704)) REPRESENTATION_CONTEXT('Context #1',
  '3D Context with UNIT and UNCERTAINTY') );
#702 = ( LENGTH_UNIT() NAMED_UNIT(*) SI_UNIT(.MILLI.,.METRE.) );
#703 = ( NAMED_UNIT(*) PLANE_ANGLE_UNIT() SI_UNIT($,.RADIAN.) );
#704 = ( NAMED_UNIT(*) SI_UNIT($,.STERADIAN.) SOLID_ANGLE_UNIT() );
#705 = UNCERTAINTY_MEASURE_WITH_UNIT(LENGTH_MEASURE(1.E-07),#702,
  'distance_accuracy_value','confusion accuracy');
#706 = SHAPE_DEFINITION_REPRESENTATION(#707,#713);
#707 = PRODUCT_DEFINITION_SHAPE('','',#708);
#708 = PRODUCT_DEFINITION('design','',#709,#712);
#709 = PRODUCT_DEFINITION_FORMATION('','',#710);
#710 = PRODUCT('8485785056','8485785056','',(#711));
#711 = PRODUCT_CONTEXT('',#2,'mechanical');
#712 = PRODUCT_DEFINITION_CONTEXT('part definition',#2,'design');
#713 = SHAPE_REPRESENTATION('',(#11,#714),#718);
#714 = AXIS2_PLACEMENT_3D('',#715,#716,#717);
#715 = CARTESIAN_POINT('',(0.,0.,0.));
#716 = DIRECTION('',(0.,0.,1.));
#717 = DIRECTION('',(1.,0.,0.));
#718 = ( GEOMETRIC_REPRESENTATION_CONTEXT(3) 
GLOBAL_UNCERTAINTY_ASSIGNED_CONTEXT((#722)) GLOBAL_UNIT_ASSIGNED_CONTEXT
((#719,#720,#721)) REPRESENTATION_CONTEXT('Context #1',
  '3D Context with UNIT and UNCERTAINTY') );
#719 = ( LENGTH_UNIT() NAMED_UNIT(*) SI_UNIT(.MILLI.,.METRE.) );
#720 = ( NAMED_UNIT(*) PLANE_ANGLE_UNIT() SI_UNIT($,.RADIAN.) );
#721 = ( NAMED_UNIT(*) SI_UNIT($,.STERADIAN.) SOLID_ANGLE_UNIT() );
#722 = UNCERTAINTY_MEASURE_WITH_UNIT(LENGTH_MEASURE(1.E-07),#719,
  'distance_accuracy_value','confusion accuracy');
#723 = ADVANCED_BREP_SHAPE_REPRESENTATION('',(#11,#724),#874);
#724 = MANIFOLD_SOLID_BREP('',#725);
#725 = CLOSED_SHELL('',(#726,#766,#797,#828,#850,#862));
#726 = ADVANCED_FACE('',(#727),#761,.F.);
#727 = FACE_BOUND('',#728,.F.);
#728 = EDGE_LOOP('',(#729,#739,#747,#755));
#729 = ORIENTED_EDGE('',*,*,#730,.T.);
#730 = EDGE_CURVE('',#731,#733,#735,.T.);
#731 = VERTEX_POINT('',#732);
#732 = CARTESIAN_POINT('',(-5.19999976,-4.67499954,0.));
#733 = VERTEX_POINT('',#734);
#734 = CARTESIAN_POINT('',(-5.19999976,-4.67499954,4.60000096));
#735 = LINE('',#736,#737);
#736 = CARTESIAN_POINT('',(-5.19999976,-4.67499954,0.));
#737 = VECTOR('',#738,1.);
#738 = DIRECTION('',(0.,0.,1.));
#739 = ORIENTED_EDGE('',*,*,#740,.T.);
#740 = EDGE_CURVE('',#733,#741,#743,.T.);
#741 = VERTEX_POINT('',#742);
#742 = CARTESIAN_POINT('',(5.19999976,-4.67499954,4.60000096));
#743 = LINE('',#744,#745);
#744 = CARTESIAN_POINT('',(-5.19999976,-4.67499954,4.60000096));
#745 = VECTOR('',#746,1.);
#746 = DIRECTION('',(1.,0.,0.));
#747 = ORIENTED_EDGE('',*,*,#748,.F.);
#748 = EDGE_CURVE('',#749,#741,#751,.T.);
#749 = VERTEX_POINT('',#750);
#750 = CARTESIAN_POINT('',(5.19999976,-4.67499954,0.));
#751 = LINE('',#752,#753);
#752 = CARTESIAN_POINT('',(5.19999976,-4.67499954,0.));
#753 = VECTOR('',#754,1.);
#754 = DIRECTION('',(0.,0.,1.));
#755 = ORIENTED_EDGE('',*,*,#756,.F.);
#756 = EDGE_CURVE('',#731,#749,#757,.T.);
#757 = LINE('',#758,#759);
#758 = CARTESIAN_POINT('',(-5.19999976,-4.67499954,0.));
#759 = VECTOR('',#760,1.);
#760 = DIRECTION('',(1.,0.,0.));
#761 = PLANE('',#762);
#762 = AXIS2_PLACEMENT_3D('',#763,#764,#765);
#763 = CARTESIAN_POINT('',(-5.19999976,-4.67499954,0.));
#764 = DIRECTION('',(0.,1.,0.));
#765 = DIRECTION('',(1.,0.,0.));
#766 = ADVANCED_FACE('',(#767),#792,.F.);
#767 = FACE_BOUND('',#768,.F.);
#768 = EDGE_LOOP('',(#769,#770,#778,#786));
#769 = ORIENTED_EDGE('',*,*,#748,.T.);
#770 = ORIENTED_EDGE('',*,*,#771,.T.);
#771 = EDGE_CURVE('',#741,#772,#774,.T.);
#772 = VERTEX_POINT('',#773);
#773 = CARTESIAN_POINT('',(5.19999976,4.67500208,4.60000096));
#774 = LINE('',#775,#776);
#775 = CARTESIAN_POINT('',(5.19999976,-4.67499954,4.60000096));
#776 = VECTOR('',#777,1.);
#777 = DIRECTION('',(0.,1.,0.));
#778 = ORIENTED_EDGE('',*,*,#779,.F.);
#779 = EDGE_CURVE('',#780,#772,#782,.T.);
#780 = VERTEX_POINT('',#781);
#781 = CARTESIAN_POINT('',(5.19999976,4.67500208,0.));
#782 = LINE('',#783,#784);
#783 = CARTESIAN_POINT('',(5.19999976,4.67500208,0.));
#784 = VECTOR('',#785,1.);
#785 = DIRECTION('',(0.,0.,1.));
#786 = ORIENTED_EDGE('',*,*,#787,.F.);
#787 = EDGE_CURVE('',#749,#780,#788,.T.);
#788 = LINE('',#789,#790);
#789 = CARTESIAN_POINT('',(5.19999976,-4.67499954,0.));
#790 = VECTOR('',#791,1.);
#791 = DIRECTION('',(0.,1.,0.));
#792 = PLANE('',#793);
#793 = AXIS2_PLACEMENT_3D('',#794,#795,#796);
#794 = CARTESIAN_POINT('',(5.19999976,-4.67499954,0.));
#795 = DIRECTION('',(-1.,0.,0.));
#796 = DIRECTION('',(0.,1.,0.));
#797 = ADVANCED_FACE('',(#798),#823,.F.);
#798 = FACE_BOUND('',#799,.F.);
#799 = EDGE_LOOP('',(#800,#801,#809,#817));
#800 = ORIENTED_EDGE('',*,*,#779,.T.);
#801 = ORIENTED_EDGE('',*,*,#802,.T.);
#802 = EDGE_CURVE('',#772,#803,#805,.T.);
#803 = VERTEX_POINT('',#804);
#804 = CARTESIAN_POINT('',(-5.19999976,4.67500208,4.60000096));
#805 = LINE('',#806,#807);
#806 = CARTESIAN_POINT('',(5.19999976,4.67500208,4.60000096));
#807 = VECTOR('',#808,1.);
#808 = DIRECTION('',(-1.,0.,0.));
#809 = ORIENTED_EDGE('',*,*,#810,.F.);
#810 = EDGE_CURVE('',#811,#803,#813,.T.);
#811 = VERTEX_POINT('',#812);
#812 = CARTESIAN_POINT('',(-5.19999976,4.67500208,0.));
#813 = LINE('',#814,#815);
#814 = CARTESIAN_POINT('',(-5.19999976,4.67500208,0.));
#815 = VECTOR('',#816,1.);
#816 = DIRECTION('',(0.,0.,1.));
#817 = ORIENTED_EDGE('',*,*,#818,.F.);
#818 = EDGE_CURVE('',#780,#811,#819,.T.);
#819 = LINE('',#820,#821);
#820 = CARTESIAN_POINT('',(5.19999976,4.67500208,0.));
#821 = VECTOR('',#822,1.);
#822 = DIRECTION('',(-1.,0.,0.));
#823 = PLANE('',#824);
#824 = AXIS2_PLACEMENT_3D('',#825,#826,#827);
#825 = CARTESIAN_POINT('',(5.19999976,4.67500208,0.));
#826 = DIRECTION('',(0.,-1.,0.));
#827 = DIRECTION('',(-1.,0.,0.));
#828 = ADVANCED_FACE('',(#829),#845,.F.);
#829 = FACE_BOUND('',#830,.F.);
#830 = EDGE_LOOP('',(#831,#832,#838,#839));
#831 = ORIENTED_EDGE('',*,*,#810,.T.);
#832 = ORIENTED_EDGE('',*,*,#833,.T.);
#833 = EDGE_CURVE('',#803,#733,#834,.T.);
#834 = LINE('',#835,#836);
#835 = CARTESIAN_POINT('',(-5.19999976,4.67500208,4.60000096));
#836 = VECTOR('',#837,1.);
#837 = DIRECTION('',(0.,-1.,0.));
#838 = ORIENTED_EDGE('',*,*,#730,.F.);
#839 = ORIENTED_EDGE('',*,*,#840,.F.);
#840 = EDGE_CURVE('',#811,#731,#841,.T.);
#841 = LINE('',#842,#843);
#842 = CARTESIAN_POINT('',(-5.19999976,4.67500208,0.));
#843 = VECTOR('',#844,1.);
#844 = DIRECTION('',(0.,-1.,0.));
#845 = PLANE('',#846);
#846 = AXIS2_PLACEMENT_3D('',#847,#848,#849);
#847 = CARTESIAN_POINT('',(-5.19999976,4.67500208,0.));
#848 = DIRECTION('',(1.,0.,-0.));
#849 = DIRECTION('',(0.,-1.,0.));
#850 = ADVANCED_FACE('',(#851),#857,.F.);
#851 = FACE_BOUND('',#852,.F.);
#852 = EDGE_LOOP('',(#853,#854,#855,#856));
#853 = ORIENTED_EDGE('',*,*,#756,.T.);
#854 = ORIENTED_EDGE('',*,*,#787,.T.);
#855 = ORIENTED_EDGE('',*,*,#818,.T.);
#856 = ORIENTED_EDGE('',*,*,#840,.T.);
#857 = PLANE('',#858);
#858 = AXIS2_PLACEMENT_3D('',#859,#860,#861);
#859 = CARTESIAN_POINT('',(0.,1.269999998585E-06,0.));
#860 = DIRECTION('',(0.,0.,1.));
#861 = DIRECTION('',(1.,0.,-0.));
#862 = ADVANCED_FACE('',(#863),#869,.T.);
#863 = FACE_BOUND('',#864,.T.);
#864 = EDGE_LOOP('',(#865,#866,#867,#868));
#865 = ORIENTED_EDGE('',*,*,#740,.T.);
#866 = ORIENTED_EDGE('',*,*,#771,.T.);
#867 = ORIENTED_EDGE('',*,*,#802,.T.);
#868 = ORIENTED_EDGE('',*,*,#833,.T.);
#869 = PLANE('',#870);
#870 = AXIS2_PLACEMENT_3D('',#871,#872,#873);
#871 = CARTESIAN_POINT('',(0.,1.269999998585E-06,4.60000096));
#872 = DIRECTION('',(0.,0.,1.));
#873 = DIRECTION('',(1.,0.,-0.));
#874 = ( GEOMETRIC_REPRESENTATION_CONTEXT(3) 
GLOBAL_UNCERTAINTY_ASSIGNED_CONTEXT((#878)) GLOBAL_UNIT_ASSIGNED_CONTEXT
((#875,#876,#877)) REPRESENTATION_CONTEXT('Context #1',
  '3D Context with UNIT and UNCERTAINTY') );
#875 = ( LENGTH_UNIT() NAMED_UNIT(*) SI_UNIT(.MILLI.,.METRE.) );
#876 = ( NAMED_UNIT(*) PLANE_ANGLE_UNIT() SI_UNIT($,.RADIAN.) );
#877 = ( NAMED_UNIT(*) SI_UNIT($,.STERADIAN.) SOLID_ANGLE_UNIT() );
#878 = UNCERTAINTY_MEASURE_WITH_UNIT(LENGTH_MEASURE(1.E-07),#875,
  'distance_accuracy_value','confusion accuracy');
#879 = SHAPE_DEFINITION_REPRESENTATION(#880,#723);
#880 = PRODUCT_DEFINITION_SHAPE('','',#881);
#881 = PRODUCT_DEFINITION('design','',#882,#885);
#882 = PRODUCT_DEFINITION_FORMATION('','',#883);
#883 = PRODUCT('Extruded','Extruded','',(#884));
#884 = PRODUCT_CONTEXT('',#2,'mechanical');
#885 = PRODUCT_DEFINITION_CONTEXT('part definition',#2,'design');
#886 = CONTEXT_DEPENDENT_SHAPE_REPRESENTATION(#887,#889);
#887 = ( REPRESENTATION_RELATIONSHIP('','',#723,#713) 
REPRESENTATION_RELATIONSHIP_WITH_TRANSFORMATION(#888) 
SHAPE_REPRESENTATION_RELATIONSHIP() );
#888 = ITEM_DEFINED_TRANSFORMATION('','',#11,#714);
#889 = PRODUCT_DEFINITION_SHAPE('Placement','Placement of an item',#890
  );
#890 = NEXT_ASSEMBLY_USAGE_OCCURRENCE('3','1','',#708,#881,$);
#891 = PRODUCT_RELATED_PRODUCT_CATEGORY('part',$,(#883));
#892 = CONTEXT_DEPENDENT_SHAPE_REPRESENTATION(#893,#895);
#893 = ( REPRESENTATION_RELATIONSHIP('','',#713,#696) 
REPRESENTATION_RELATIONSHIP_WITH_TRANSFORMATION(#894) 
SHAPE_REPRESENTATION_RELATIONSHIP() );
#894 = ITEM_DEFINED_TRANSFORMATION('','',#11,#697);
#895 = PRODUCT_DEFINITION_SHAPE('Placement','Placement of an item',#896
  );
#896 = NEXT_ASSEMBLY_USAGE_OCCURRENCE('4','','',#691,#708,$);
#897 = PRODUCT_RELATED_PRODUCT_CATEGORY('part',$,(#710));
#898 = CONTEXT_DEPENDENT_SHAPE_REPRESENTATION(#899,#901);
#899 = ( REPRESENTATION_RELATIONSHIP('','',#696,#10) 
REPRESENTATION_RELATIONSHIP_WITH_TRANSFORMATION(#900) 
SHAPE_REPRESENTATION_RELATIONSHIP() );
#900 = ITEM_DEFINED_TRANSFORMATION('','',#11,#19);
#901 = PRODUCT_DEFINITION_SHAPE('Placement','Placement of an item',#902
  );
#902 = NEXT_ASSEMBLY_USAGE_OCCURRENCE('5','','',#5,#691,$);
#903 = PRODUCT_RELATED_PRODUCT_CATEGORY('part',$,(#693));
#904 = SHAPE_DEFINITION_REPRESENTATION(#905,#911);
#905 = PRODUCT_DEFINITION_SHAPE('','',#906);
#906 = PRODUCT_DEFINITION('design','',#907,#910);
#907 = PRODUCT_DEFINITION_FORMATION('','',#908);
#908 = PRODUCT('J2','J2','',(#909));
#909 = PRODUCT_CONTEXT('',#2,'mechanical');
#910 = PRODUCT_DEFINITION_CONTEXT('part definition',#2,'design');
#911 = SHAPE_REPRESENTATION('',(#11,#912),#916);
#912 = AXIS2_PLACEMENT_3D('',#913,#914,#915);
#913 = CARTESIAN_POINT('',(19.19400460957,43.043994428906,0.));
#914 = DIRECTION('',(0.,0.,1.));
#915 = DIRECTION('',(-4.371138828674E-08,1.,0.));
#916 = ( GEOMETRIC_REPRESENTATION_CONTEXT(3) 
GLOBAL_UNCERTAINTY_ASSIGNED_CONTEXT((#920)) GLOBAL_UNIT_ASSIGNED_CONTEXT
((#917,#918,#919)) REPRESENTATION_CONTEXT('Context #1',
  '3D Context with UNIT and UNCERTAINTY') );
#917 = ( LENGTH_UNIT() NAMED_UNIT(*) SI_UNIT(.MILLI.,.METRE.) );
#918 = ( NAMED_UNIT(*) PLANE_ANGLE_UNIT() SI_UNIT($,.RADIAN.) );
#919 = ( NAMED_UNIT(*) SI_UNIT($,.STERADIAN.) SOLID_ANGLE_UNIT() );
#920 = UNCERTAINTY_MEASURE_WITH_UNIT(LENGTH_MEASURE(2.E-05),#917,
  'distance_accuracy_value','confusion accuracy');
#921 = SHAPE_DEFINITION_REPRESENTATION(#922,#928);
#922 = PRODUCT_DEFINITION_SHAPE('','',#923);
#923 = PRODUCT_DEFINITION('design','',#924,#927);
#924 = PRODUCT_DEFINITION_FORMATION('','',#925);
#925 = PRODUCT('8110897824','8110897824','',(#926));
#926 = PRODUCT_CONTEXT('',#2,'mechanical');
#927 = PRODUCT_DEFINITION_CONTEXT('part definition',#2,'design');
#928 = SHAPE_REPRESENTATION('',(#11,#929),#933);
#929 = AXIS2_PLACEMENT_3D('',#930,#931,#932);
#930 = CARTESIAN_POINT('',(0.,0.,0.));
#931 = DIRECTION('',(0.,0.,1.));
#932 = DIRECTION('',(1.,0.,0.));
#933 = ( GEOMETRIC_REPRESENTATION_CONTEXT(3) 
GLOBAL_UNCERTAINTY_ASSIGNED_CONTEXT((#937)) GLOBAL_UNIT_ASSIGNED_CONTEXT
((#934,#935,#936)) REPRESENTATION_CONTEXT('Context #1',
  '3D Context with UNIT and UNCERTAINTY') );
#934 = ( LENGTH_UNIT() NAMED_UNIT(*) SI_UNIT(.MILLI.,.METRE.) );
#935 = ( NAMED_UNIT(*) PLANE_ANGLE_UNIT() SI_UNIT($,.RADIAN.) );
#936 = ( NAMED_UNIT(*) SI_UNIT($,.STERADIAN.) SOLID_ANGLE_UNIT() );
#937 = UNCERTAINTY_MEASURE_WITH_UNIT(LENGTH_MEASURE(2.E-05),#934,
  'distance_accuracy_value','confusion accuracy');
#938 = ADVANCED_BREP_SHAPE_REPRESENTATION('',(#11,#939),#4548);
#939 = MANIFOLD_SOLID_BREP('',#940);
#940 = CLOSED_SHELL('',(#941,#983,#1021,#1063,#1105,#1149,#1227,#1263,
    #1305,#1347,#1385,#1429,#1507,#1549,#1585,#1625,#1665,#1698,#1730,
    #1773,#1797,#1822,#1846,#1868,#1899,#1944,#1978,#2002,#2038,#2074,
    #2111,#2140,#2165,#2197,#2215,#2233,#2279,#2308,#2346,#2367,#2383,
    #2433,#2451,#2467,#2498,#2522,#2546,#2563,#2583,#2595,#2635,#2666,
    #2690,#2714,#2731,#2749,#2767,#2798,#2822,#2846,#2955,#2986,#3010,
    #3055,#3086,#3167,#3191,#3209,#3227,#3245,#3270,#3327,#3367,#3392,
    #3416,#3453,#3482,#3507,#3539,#3557,#3573,#3591,#3611,#3623,#3663,
    #3685,#3725,#3747,#3769,#3791,#3824,#3841,#3858,#3870,#3882,#3894,
    #3976,#4007,#4085,#4116,#4149,#4180,#4220,#4262,#4286,#4306,#4330,
    #4350,#4368,#4386,#4416,#4446,#4468,#4486,#4508,#4524,#4536));
#941 = ADVANCED_FACE('',(#942),#978,.T.);
#942 = FACE_BOUND('',#943,.T.);
#943 = EDGE_LOOP('',(#944,#955,#963,#972));
#944 = ORIENTED_EDGE('',*,*,#945,.F.);
#945 = EDGE_CURVE('',#946,#948,#950,.T.);
#946 = VERTEX_POINT('',#947);
#947 = CARTESIAN_POINT('',(3.,4.25,-7.780492421955E-15));
#948 = VERTEX_POINT('',#949);
#949 = CARTESIAN_POINT('',(2.,4.25,-7.780492421955E-15));
#950 = CIRCLE('',#951,0.5);
#951 = AXIS2_PLACEMENT_3D('',#952,#953,#954);
#952 = CARTESIAN_POINT('',(2.5,4.25,-7.780492421955E-15));
#953 = DIRECTION('',(0.,0.,1.));
#954 = DIRECTION('',(-1.,0.,0.));
#955 = ORIENTED_EDGE('',*,*,#956,.T.);
#956 = EDGE_CURVE('',#946,#957,#959,.T.);
#957 = VERTEX_POINT('',#958);
#958 = CARTESIAN_POINT('',(2.999999999669,4.25,-3.85));
#959 = LINE('',#960,#961);
#960 = CARTESIAN_POINT('',(3.,4.25,0.75));
#961 = VECTOR('',#962,1.);
#962 = DIRECTION('',(0.,0.,-1.));
#963 = ORIENTED_EDGE('',*,*,#964,.T.);
#964 = EDGE_CURVE('',#957,#965,#967,.T.);
#965 = VERTEX_POINT('',#966);
#966 = CARTESIAN_POINT('',(2.000000000331,4.25,-3.85));
#967 = CIRCLE('',#968,0.5);
#968 = AXIS2_PLACEMENT_3D('',#969,#970,#971);
#969 = CARTESIAN_POINT('',(2.5,4.25,-3.85));
#970 = DIRECTION('',(0.,0.,1.));
#971 = DIRECTION('',(-1.,0.,0.));
#972 = ORIENTED_EDGE('',*,*,#973,.F.);
#973 = EDGE_CURVE('',#948,#965,#974,.T.);
#974 = LINE('',#975,#976);
#975 = CARTESIAN_POINT('',(2.,4.25,0.75));
#976 = VECTOR('',#977,1.);
#977 = DIRECTION('',(0.,0.,-1.));
#978 = CYLINDRICAL_SURFACE('',#979,0.5);
#979 = AXIS2_PLACEMENT_3D('',#980,#981,#982);
#980 = CARTESIAN_POINT('',(2.5,4.25,0.75));
#981 = DIRECTION('',(0.,0.,-1.));
#982 = DIRECTION('',(-1.,0.,0.));
#983 = ADVANCED_FACE('',(#984),#1016,.T.);
#984 = FACE_BOUND('',#985,.T.);
#985 = EDGE_LOOP('',(#986,#997,#1003,#1010));
#986 = ORIENTED_EDGE('',*,*,#987,.F.);
#987 = EDGE_CURVE('',#988,#990,#992,.T.);
#988 = VERTEX_POINT('',#989);
#989 = CARTESIAN_POINT('',(2.75,4.25,-4.35));
#990 = VERTEX_POINT('',#991);
#991 = CARTESIAN_POINT('',(2.25,4.25,-4.35));
#992 = CIRCLE('',#993,0.25);
#993 = AXIS2_PLACEMENT_3D('',#994,#995,#996);
#994 = CARTESIAN_POINT('',(2.5,4.25,-4.35));
#995 = DIRECTION('',(0.,0.,-1.));
#996 = DIRECTION('',(-1.,0.,0.));
#997 = ORIENTED_EDGE('',*,*,#998,.T.);
#998 = EDGE_CURVE('',#988,#957,#999,.T.);
#999 = LINE('',#1000,#1001);
#1000 = CARTESIAN_POINT('',(2.75,4.25,-4.35));
#1001 = VECTOR('',#1002,1.);
#1002 = DIRECTION('',(0.447213595026,-5.476786976839E-17,0.894427191237)
  );
#1003 = ORIENTED_EDGE('',*,*,#1004,.F.);
#1004 = EDGE_CURVE('',#965,#957,#1005,.T.);
#1005 = CIRCLE('',#1006,0.5);
#1006 = AXIS2_PLACEMENT_3D('',#1007,#1008,#1009);
#1007 = CARTESIAN_POINT('',(2.5,4.25,-3.85));
#1008 = DIRECTION('',(0.,0.,1.));
#1009 = DIRECTION('',(-1.,0.,0.));
#1010 = ORIENTED_EDGE('',*,*,#1011,.F.);
#1011 = EDGE_CURVE('',#990,#965,#1012,.T.);
#1012 = LINE('',#1013,#1014);
#1013 = CARTESIAN_POINT('',(2.25,4.25,-4.35));
#1014 = VECTOR('',#1015,1.);
#1015 = DIRECTION('',(-0.447213595026,0.,0.894427191237));
#1016 = CONICAL_SURFACE('',#1017,0.25,0.463647608471);
#1017 = AXIS2_PLACEMENT_3D('',#1018,#1019,#1020);
#1018 = CARTESIAN_POINT('',(2.5,4.25,-4.35));
#1019 = DIRECTION('',(0.,0.,1.));
#1020 = DIRECTION('',(-1.,0.,0.));
#1021 = ADVANCED_FACE('',(#1022),#1058,.F.);
#1022 = FACE_BOUND('',#1023,.F.);
#1023 = EDGE_LOOP('',(#1024,#1034,#1043,#1051));
#1024 = ORIENTED_EDGE('',*,*,#1025,.T.);
#1025 = EDGE_CURVE('',#1026,#1028,#1030,.T.);
#1026 = VERTEX_POINT('',#1027);
#1027 = CARTESIAN_POINT('',(2.5,6.25,1.35));
#1028 = VERTEX_POINT('',#1029);
#1029 = CARTESIAN_POINT('',(2.5,5.95,1.35));
#1030 = LINE('',#1031,#1032);
#1031 = CARTESIAN_POINT('',(2.5,9.55,1.35));
#1032 = VECTOR('',#1033,1.);
#1033 = DIRECTION('',(0.,-1.,0.));
#1034 = ORIENTED_EDGE('',*,*,#1035,.F.);
#1035 = EDGE_CURVE('',#1036,#1028,#1038,.T.);
#1036 = VERTEX_POINT('',#1037);
#1037 = CARTESIAN_POINT('',(2.5,5.95,4.15));
#1038 = CIRCLE('',#1039,1.4);
#1039 = AXIS2_PLACEMENT_3D('',#1040,#1041,#1042);
#1040 = CARTESIAN_POINT('',(2.5,5.95,2.75));
#1041 = DIRECTION('',(0.,-1.,0.));
#1042 = DIRECTION('',(0.,0.,1.));
#1043 = ORIENTED_EDGE('',*,*,#1044,.F.);
#1044 = EDGE_CURVE('',#1045,#1036,#1047,.T.);
#1045 = VERTEX_POINT('',#1046);
#1046 = CARTESIAN_POINT('',(2.5,6.25,4.15));
#1047 = LINE('',#1048,#1049);
#1048 = CARTESIAN_POINT('',(2.5,9.55,4.15));
#1049 = VECTOR('',#1050,1.);
#1050 = DIRECTION('',(0.,-1.,0.));
#1051 = ORIENTED_EDGE('',*,*,#1052,.F.);
#1052 = EDGE_CURVE('',#1026,#1045,#1053,.T.);
#1053 = CIRCLE('',#1054,1.4);
#1054 = AXIS2_PLACEMENT_3D('',#1055,#1056,#1057);
#1055 = CARTESIAN_POINT('',(2.5,6.25,2.75));
#1056 = DIRECTION('',(0.,1.,0.));
#1057 = DIRECTION('',(0.,-0.,1.));
#1058 = CYLINDRICAL_SURFACE('',#1059,1.4);
#1059 = AXIS2_PLACEMENT_3D('',#1060,#1061,#1062);
#1060 = CARTESIAN_POINT('',(2.5,9.55,2.75));
#1061 = DIRECTION('',(0.,-1.,0.));
#1062 = DIRECTION('',(0.,0.,-1.));
#1063 = ADVANCED_FACE('',(#1064),#1100,.F.);
#1064 = FACE_BOUND('',#1065,.F.);
#1065 = EDGE_LOOP('',(#1066,#1076,#1085,#1093));
#1066 = ORIENTED_EDGE('',*,*,#1067,.T.);
#1067 = EDGE_CURVE('',#1068,#1070,#1072,.T.);
#1068 = VERTEX_POINT('',#1069);
#1069 = CARTESIAN_POINT('',(2.5,2.5,8.));
#1070 = VERTEX_POINT('',#1071);
#1071 = CARTESIAN_POINT('',(2.5,2.5,10.));
#1072 = LINE('',#1073,#1074);
#1073 = CARTESIAN_POINT('',(2.5,2.5,10.));
#1074 = VECTOR('',#1075,1.);
#1075 = DIRECTION('',(0.,-3.675221047035E-15,1.));
#1076 = ORIENTED_EDGE('',*,*,#1077,.F.);
#1077 = EDGE_CURVE('',#1078,#1070,#1080,.T.);
#1078 = VERTEX_POINT('',#1079);
#1079 = CARTESIAN_POINT('',(2.5,6.,10.));
#1080 = CIRCLE('',#1081,1.75);
#1081 = AXIS2_PLACEMENT_3D('',#1082,#1083,#1084);
#1082 = CARTESIAN_POINT('',(2.5,4.25,10.));
#1083 = DIRECTION('',(0.,-3.675221047035E-15,1.));
#1084 = DIRECTION('',(0.,-1.,-3.675221047035E-15));
#1085 = ORIENTED_EDGE('',*,*,#1086,.F.);
#1086 = EDGE_CURVE('',#1087,#1078,#1089,.T.);
#1087 = VERTEX_POINT('',#1088);
#1088 = CARTESIAN_POINT('',(2.5,6.,8.));
#1089 = LINE('',#1090,#1091);
#1090 = CARTESIAN_POINT('',(2.5,6.,10.));
#1091 = VECTOR('',#1092,1.);
#1092 = DIRECTION('',(0.,-3.675221047035E-15,1.));
#1093 = ORIENTED_EDGE('',*,*,#1094,.F.);
#1094 = EDGE_CURVE('',#1068,#1087,#1095,.T.);
#1095 = CIRCLE('',#1096,1.75);
#1096 = AXIS2_PLACEMENT_3D('',#1097,#1098,#1099);
#1097 = CARTESIAN_POINT('',(2.5,4.25,8.));
#1098 = DIRECTION('',(0.,0.,-1.));
#1099 = DIRECTION('',(1.,0.,0.));
#1100 = CYLINDRICAL_SURFACE('',#1101,1.75);
#1101 = AXIS2_PLACEMENT_3D('',#1102,#1103,#1104);
#1102 = CARTESIAN_POINT('',(2.5,4.25,10.));
#1103 = DIRECTION('',(0.,-3.675221047035E-15,1.));
#1104 = DIRECTION('',(0.,-1.,-3.675221047035E-15));
#1105 = ADVANCED_FACE('',(#1106),#1144,.T.);
#1106 = FACE_BOUND('',#1107,.T.);
#1107 = EDGE_LOOP('',(#1108,#1119,#1128,#1137));
#1108 = ORIENTED_EDGE('',*,*,#1109,.F.);
#1109 = EDGE_CURVE('',#1110,#1112,#1114,.T.);
#1110 = VERTEX_POINT('',#1111);
#1111 = CARTESIAN_POINT('',(2.5,5.85,8.));
#1112 = VERTEX_POINT('',#1113);
#1113 = CARTESIAN_POINT('',(2.5,2.65,8.));
#1114 = CIRCLE('',#1115,1.6);
#1115 = AXIS2_PLACEMENT_3D('',#1116,#1117,#1118);
#1116 = CARTESIAN_POINT('',(2.5,4.25,8.));
#1117 = DIRECTION('',(0.,0.,-1.));
#1118 = DIRECTION('',(0.,-1.,0.));
#1119 = ORIENTED_EDGE('',*,*,#1120,.T.);
#1120 = EDGE_CURVE('',#1110,#1121,#1123,.T.);
#1121 = VERTEX_POINT('',#1122);
#1122 = CARTESIAN_POINT('',(2.5,5.949999999885,8.1));
#1123 = CIRCLE('',#1124,0.1);
#1124 = AXIS2_PLACEMENT_3D('',#1125,#1126,#1127);
#1125 = CARTESIAN_POINT('',(2.5,5.85,8.1));
#1126 = DIRECTION('',(1.,-1.224646799147E-16,0.));
#1127 = DIRECTION('',(1.224646799147E-16,1.,0.));
#1128 = ORIENTED_EDGE('',*,*,#1129,.F.);
#1129 = EDGE_CURVE('',#1130,#1121,#1132,.T.);
#1130 = VERTEX_POINT('',#1131);
#1131 = CARTESIAN_POINT('',(2.5,2.550000000115,8.1));
#1132 = CIRCLE('',#1133,1.7);
#1133 = AXIS2_PLACEMENT_3D('',#1134,#1135,#1136);
#1134 = CARTESIAN_POINT('',(2.5,4.25,8.1));
#1135 = DIRECTION('',(0.,0.,1.));
#1136 = DIRECTION('',(0.,-1.,0.));
#1137 = ORIENTED_EDGE('',*,*,#1138,.F.);
#1138 = EDGE_CURVE('',#1112,#1130,#1139,.T.);
#1139 = CIRCLE('',#1140,1.E-01);
#1140 = AXIS2_PLACEMENT_3D('',#1141,#1142,#1143);
#1141 = CARTESIAN_POINT('',(2.5,2.65,8.1));
#1142 = DIRECTION('',(-1.,0.,0.));
#1143 = DIRECTION('',(0.,0.,1.));
#1144 = TOROIDAL_SURFACE('',#1145,1.6,0.1);
#1145 = AXIS2_PLACEMENT_3D('',#1146,#1147,#1148);
#1146 = CARTESIAN_POINT('',(2.5,4.25,8.1));
#1147 = DIRECTION('',(0.,0.,1.));
#1148 = DIRECTION('',(0.,-1.,0.));
#1149 = ADVANCED_FACE('',(#1150),#1222,.T.);
#1150 = FACE_BOUND('',#1151,.T.);
#1151 = EDGE_LOOP('',(#1152,#1163,#1169,#1176,#1184,#1193,#1204,#1213));
#1152 = ORIENTED_EDGE('',*,*,#1153,.T.);
#1153 = EDGE_CURVE('',#1154,#1156,#1158,.T.);
#1154 = VERTEX_POINT('',#1155);
#1155 = CARTESIAN_POINT('',(0.937107388569,4.65,9.314249409998));
#1156 = VERTEX_POINT('',#1157);
#1157 = CARTESIAN_POINT('',(2.5,5.863267899286,9.314249409998));
#1158 = CIRCLE('',#1159,1.613267899286);
#1159 = AXIS2_PLACEMENT_3D('',#1160,#1161,#1162);
#1160 = CARTESIAN_POINT('',(2.5,4.25,9.314249409998));
#1161 = DIRECTION('',(0.,0.,-1.));
#1162 = DIRECTION('',(0.,-1.,0.));
#1163 = ORIENTED_EDGE('',*,*,#1164,.T.);
#1164 = EDGE_CURVE('',#1156,#1121,#1165,.T.);
#1165 = LINE('',#1166,#1167);
#1166 = CARTESIAN_POINT('',(2.5,5.85,9.5));
#1167 = VECTOR('',#1168,1.);
#1168 = DIRECTION('',(-8.725247161685E-18,7.124704990664E-02,
    -0.997458699837));
#1169 = ORIENTED_EDGE('',*,*,#1170,.T.);
#1170 = EDGE_CURVE('',#1121,#1130,#1171,.T.);
#1171 = CIRCLE('',#1172,1.7);
#1172 = AXIS2_PLACEMENT_3D('',#1173,#1174,#1175);
#1173 = CARTESIAN_POINT('',(2.5,4.25,8.1));
#1174 = DIRECTION('',(0.,0.,1.));
#1175 = DIRECTION('',(0.,-1.,0.));
#1176 = ORIENTED_EDGE('',*,*,#1177,.F.);
#1177 = EDGE_CURVE('',#1178,#1130,#1180,.T.);
#1178 = VERTEX_POINT('',#1179);
#1179 = CARTESIAN_POINT('',(2.5,2.636732100714,9.314249409998));
#1180 = LINE('',#1181,#1182);
#1181 = CARTESIAN_POINT('',(2.5,2.65,9.5));
#1182 = VECTOR('',#1183,1.);
#1183 = DIRECTION('',(0.,-7.124704990664E-02,-0.997458699837));
#1184 = ORIENTED_EDGE('',*,*,#1185,.T.);
#1185 = EDGE_CURVE('',#1178,#1186,#1188,.T.);
#1186 = VERTEX_POINT('',#1187);
#1187 = CARTESIAN_POINT('',(0.937107388569,3.85,9.314249409998));
#1188 = CIRCLE('',#1189,1.613267899286);
#1189 = AXIS2_PLACEMENT_3D('',#1190,#1191,#1192);
#1190 = CARTESIAN_POINT('',(2.5,4.25,9.314249409998));
#1191 = DIRECTION('',(0.,0.,-1.));
#1192 = DIRECTION('',(0.,-1.,0.));
#1193 = ORIENTED_EDGE('',*,*,#1194,.T.);
#1194 = EDGE_CURVE('',#1186,#1195,#1197,.T.);
#1195 = VERTEX_POINT('',#1196);
#1196 = CARTESIAN_POINT('',(0.899218940642,3.85,8.8));
#1197 = B_SPLINE_CURVE_WITH_KNOTS('',3,(#1198,#1199,#1200,#1201,#1202,
    #1203),.UNSPECIFIED.,.F.,.F.,(4,2,4),(0.,0.455603274493,1.),
  .UNSPECIFIED.);
#1198 = CARTESIAN_POINT('',(0.937107388569,3.85,9.314249409998));
#1199 = CARTESIAN_POINT('',(0.93134918525,3.85,9.236151811975));
#1200 = CARTESIAN_POINT('',(0.925592927451,3.85,9.158054070484));
#1201 = CARTESIAN_POINT('',(0.912962694866,3.85,8.98663765568));
#1202 = CARTESIAN_POINT('',(0.906089525206,3.85,8.893318922984));
#1203 = CARTESIAN_POINT('',(0.899218940642,3.85,8.8));
#1204 = ORIENTED_EDGE('',*,*,#1205,.F.);
#1205 = EDGE_CURVE('',#1206,#1195,#1208,.T.);
#1206 = VERTEX_POINT('',#1207);
#1207 = CARTESIAN_POINT('',(0.899218940642,4.65,8.8));
#1208 = CIRCLE('',#1209,1.65);
#1209 = AXIS2_PLACEMENT_3D('',#1210,#1211,#1212);
#1210 = CARTESIAN_POINT('',(2.5,4.25,8.8));
#1211 = DIRECTION('',(0.,-0.,1.));
#1212 = DIRECTION('',(0.,1.,0.));
#1213 = ORIENTED_EDGE('',*,*,#1214,.T.);
#1214 = EDGE_CURVE('',#1206,#1154,#1215,.T.);
#1215 = B_SPLINE_CURVE_WITH_KNOTS('',3,(#1216,#1217,#1218,#1219,#1220,
    #1221),.UNSPECIFIED.,.F.,.F.,(4,2,4),(0.,0.544396723563,1.),
  .UNSPECIFIED.);
#1216 = CARTESIAN_POINT('',(0.899218940642,4.65,8.8));
#1217 = CARTESIAN_POINT('',(0.906089525206,4.65,8.893318922984));
#1218 = CARTESIAN_POINT('',(0.912962694866,4.65,8.98663765568));
#1219 = CARTESIAN_POINT('',(0.925592927451,4.65,9.158054070484));
#1220 = CARTESIAN_POINT('',(0.93134918525,4.65,9.236151811974));
#1221 = CARTESIAN_POINT('',(0.937107388569,4.65,9.314249409998));
#1222 = CONICAL_SURFACE('',#1223,1.6,7.130746470381E-02);
#1223 = AXIS2_PLACEMENT_3D('',#1224,#1225,#1226);
#1224 = CARTESIAN_POINT('',(2.5,4.25,9.5));
#1225 = DIRECTION('',(0.,0.,-1.));
#1226 = DIRECTION('',(0.,-1.,0.));
#1227 = ADVANCED_FACE('',(#1228),#1258,.T.);
#1228 = FACE_BOUND('',#1229,.T.);
#1229 = EDGE_LOOP('',(#1230,#1231,#1240,#1249));
#1230 = ORIENTED_EDGE('',*,*,#1185,.F.);
#1231 = ORIENTED_EDGE('',*,*,#1232,.T.);
#1232 = EDGE_CURVE('',#1178,#1233,#1235,.T.);
#1233 = VERTEX_POINT('',#1234);
#1234 = CARTESIAN_POINT('',(2.5,2.83622384068,9.5));
#1235 = CIRCLE('',#1236,0.2);
#1236 = AXIS2_PLACEMENT_3D('',#1237,#1238,#1239);
#1237 = CARTESIAN_POINT('',(2.5,2.83622384068,9.3));
#1238 = DIRECTION('',(-1.,0.,0.));
#1239 = DIRECTION('',(0.,0.,1.));
#1240 = ORIENTED_EDGE('',*,*,#1241,.F.);
#1241 = EDGE_CURVE('',#1242,#1233,#1244,.T.);
#1242 = VERTEX_POINT('',#1243);
#1243 = CARTESIAN_POINT('',(1.143990033716,3.85,9.5));
#1244 = CIRCLE('',#1245,1.41377615932);
#1245 = AXIS2_PLACEMENT_3D('',#1246,#1247,#1248);
#1246 = CARTESIAN_POINT('',(2.5,4.25,9.5));
#1247 = DIRECTION('',(0.,0.,1.));
#1248 = DIRECTION('',(0.,-1.,0.));
#1249 = ORIENTED_EDGE('',*,*,#1250,.T.);
#1250 = EDGE_CURVE('',#1242,#1186,#1251,.T.);
#1251 = B_SPLINE_CURVE_WITH_KNOTS('',3,(#1252,#1253,#1254,#1255,#1256,
    #1257),.UNSPECIFIED.,.F.,.F.,(4,2,4),(1.951563910474E-18,
    1.521198112225E-04,3.042396224449E-04),.UNSPECIFIED.);
#1252 = CARTESIAN_POINT('',(1.143990033716,3.85,9.5));
#1253 = CARTESIAN_POINT('',(1.092568578621,3.85,9.5));
#1254 = CARTESIAN_POINT('',(1.042213446765,3.85,9.481490714224));
#1255 = CARTESIAN_POINT('',(0.9655523954,3.85,9.413837825582));
#1256 = CARTESIAN_POINT('',(0.94089277935,3.85,9.365590064581));
#1257 = CARTESIAN_POINT('',(0.937107388569,3.85,9.314249409998));
#1258 = TOROIDAL_SURFACE('',#1259,1.41377615932,0.2);
#1259 = AXIS2_PLACEMENT_3D('',#1260,#1261,#1262);
#1260 = CARTESIAN_POINT('',(2.5,4.25,9.3));
#1261 = DIRECTION('',(0.,0.,1.));
#1262 = DIRECTION('',(0.,-1.,0.));
#1263 = ADVANCED_FACE('',(#1264),#1300,.T.);
#1264 = FACE_BOUND('',#1265,.T.);
#1265 = EDGE_LOOP('',(#1266,#1277,#1285,#1294));
#1266 = ORIENTED_EDGE('',*,*,#1267,.F.);
#1267 = EDGE_CURVE('',#1268,#1270,#1272,.T.);
#1268 = VERTEX_POINT('',#1269);
#1269 = CARTESIAN_POINT('',(8.,4.25,0.));
#1270 = VERTEX_POINT('',#1271);
#1271 = CARTESIAN_POINT('',(7.,4.25,0.));
#1272 = CIRCLE('',#1273,0.5);
#1273 = AXIS2_PLACEMENT_3D('',#1274,#1275,#1276);
#1274 = CARTESIAN_POINT('',(7.5,4.25,0.));
#1275 = DIRECTION('',(0.,0.,1.));
#1276 = DIRECTION('',(-1.,0.,0.));
#1277 = ORIENTED_EDGE('',*,*,#1278,.T.);
#1278 = EDGE_CURVE('',#1268,#1279,#1281,.T.);
#1279 = VERTEX_POINT('',#1280);
#1280 = CARTESIAN_POINT('',(7.999999999669,4.25,-3.85));
#1281 = LINE('',#1282,#1283);
#1282 = CARTESIAN_POINT('',(8.,4.25,0.75));
#1283 = VECTOR('',#1284,1.);
#1284 = DIRECTION('',(0.,0.,-1.));
#1285 = ORIENTED_EDGE('',*,*,#1286,.T.);
#1286 = EDGE_CURVE('',#1279,#1287,#1289,.T.);
#1287 = VERTEX_POINT('',#1288);
#1288 = CARTESIAN_POINT('',(7.000000000331,4.25,-3.85));
#1289 = CIRCLE('',#1290,0.5);
#1290 = AXIS2_PLACEMENT_3D('',#1291,#1292,#1293);
#1291 = CARTESIAN_POINT('',(7.5,4.25,-3.85));
#1292 = DIRECTION('',(0.,0.,1.));
#1293 = DIRECTION('',(-1.,0.,0.));
#1294 = ORIENTED_EDGE('',*,*,#1295,.F.);
#1295 = EDGE_CURVE('',#1270,#1287,#1296,.T.);
#1296 = LINE('',#1297,#1298);
#1297 = CARTESIAN_POINT('',(7.,4.25,0.75));
#1298 = VECTOR('',#1299,1.);
#1299 = DIRECTION('',(0.,0.,-1.));
#1300 = CYLINDRICAL_SURFACE('',#1301,0.5);
#1301 = AXIS2_PLACEMENT_3D('',#1302,#1303,#1304);
#1302 = CARTESIAN_POINT('',(7.5,4.25,0.75));
#1303 = DIRECTION('',(0.,0.,-1.));
#1304 = DIRECTION('',(-1.,0.,0.));
#1305 = ADVANCED_FACE('',(#1306),#1342,.F.);
#1306 = FACE_BOUND('',#1307,.F.);
#1307 = EDGE_LOOP('',(#1308,#1318,#1327,#1335));
#1308 = ORIENTED_EDGE('',*,*,#1309,.T.);
#1309 = EDGE_CURVE('',#1310,#1312,#1314,.T.);
#1310 = VERTEX_POINT('',#1311);
#1311 = CARTESIAN_POINT('',(7.5,2.5,8.));
#1312 = VERTEX_POINT('',#1313);
#1313 = CARTESIAN_POINT('',(7.5,2.5,10.));
#1314 = LINE('',#1315,#1316);
#1315 = CARTESIAN_POINT('',(7.5,2.5,10.));
#1316 = VECTOR('',#1317,1.);
#1317 = DIRECTION('',(0.,-3.675221047035E-15,1.));
#1318 = ORIENTED_EDGE('',*,*,#1319,.F.);
#1319 = EDGE_CURVE('',#1320,#1312,#1322,.T.);
#1320 = VERTEX_POINT('',#1321);
#1321 = CARTESIAN_POINT('',(7.5,6.,10.));
#1322 = CIRCLE('',#1323,1.75);
#1323 = AXIS2_PLACEMENT_3D('',#1324,#1325,#1326);
#1324 = CARTESIAN_POINT('',(7.5,4.25,10.));
#1325 = DIRECTION('',(0.,-3.675221047035E-15,1.));
#1326 = DIRECTION('',(0.,-1.,-3.675221047035E-15));
#1327 = ORIENTED_EDGE('',*,*,#1328,.F.);
#1328 = EDGE_CURVE('',#1329,#1320,#1331,.T.);
#1329 = VERTEX_POINT('',#1330);
#1330 = CARTESIAN_POINT('',(7.5,6.,8.));
#1331 = LINE('',#1332,#1333);
#1332 = CARTESIAN_POINT('',(7.5,6.,10.));
#1333 = VECTOR('',#1334,1.);
#1334 = DIRECTION('',(0.,-3.675221047035E-15,1.));
#1335 = ORIENTED_EDGE('',*,*,#1336,.F.);
#1336 = EDGE_CURVE('',#1310,#1329,#1337,.T.);
#1337 = CIRCLE('',#1338,1.75);
#1338 = AXIS2_PLACEMENT_3D('',#1339,#1340,#1341);
#1339 = CARTESIAN_POINT('',(7.5,4.25,8.));
#1340 = DIRECTION('',(0.,0.,-1.));
#1341 = DIRECTION('',(1.,0.,0.));
#1342 = CYLINDRICAL_SURFACE('',#1343,1.75);
#1343 = AXIS2_PLACEMENT_3D('',#1344,#1345,#1346);
#1344 = CARTESIAN_POINT('',(7.5,4.25,10.));
#1345 = DIRECTION('',(0.,-3.675221047035E-15,1.));
#1346 = DIRECTION('',(0.,-1.,-3.675221047035E-15));
#1347 = ADVANCED_FACE('',(#1348),#1380,.T.);
#1348 = FACE_BOUND('',#1349,.T.);
#1349 = EDGE_LOOP('',(#1350,#1361,#1367,#1374));
#1350 = ORIENTED_EDGE('',*,*,#1351,.F.);
#1351 = EDGE_CURVE('',#1352,#1354,#1356,.T.);
#1352 = VERTEX_POINT('',#1353);
#1353 = CARTESIAN_POINT('',(7.75,4.25,-4.35));
#1354 = VERTEX_POINT('',#1355);
#1355 = CARTESIAN_POINT('',(7.25,4.25,-4.35));
#1356 = CIRCLE('',#1357,0.25);
#1357 = AXIS2_PLACEMENT_3D('',#1358,#1359,#1360);
#1358 = CARTESIAN_POINT('',(7.5,4.25,-4.35));
#1359 = DIRECTION('',(0.,0.,-1.));
#1360 = DIRECTION('',(-1.,0.,0.));
#1361 = ORIENTED_EDGE('',*,*,#1362,.T.);
#1362 = EDGE_CURVE('',#1352,#1279,#1363,.T.);
#1363 = LINE('',#1364,#1365);
#1364 = CARTESIAN_POINT('',(7.75,4.25,-4.35));
#1365 = VECTOR('',#1366,1.);
#1366 = DIRECTION('',(0.447213595026,-5.476786976839E-17,0.894427191237)
  );
#1367 = ORIENTED_EDGE('',*,*,#1368,.F.);
#1368 = EDGE_CURVE('',#1287,#1279,#1369,.T.);
#1369 = CIRCLE('',#1370,0.5);
#1370 = AXIS2_PLACEMENT_3D('',#1371,#1372,#1373);
#1371 = CARTESIAN_POINT('',(7.5,4.25,-3.85));
#1372 = DIRECTION('',(0.,0.,1.));
#1373 = DIRECTION('',(-1.,0.,0.));
#1374 = ORIENTED_EDGE('',*,*,#1375,.F.);
#1375 = EDGE_CURVE('',#1354,#1287,#1376,.T.);
#1376 = LINE('',#1377,#1378);
#1377 = CARTESIAN_POINT('',(7.25,4.25,-4.35));
#1378 = VECTOR('',#1379,1.);
#1379 = DIRECTION('',(-0.447213595026,0.,0.894427191237));
#1380 = CONICAL_SURFACE('',#1381,0.25,0.463647608471);
#1381 = AXIS2_PLACEMENT_3D('',#1382,#1383,#1384);
#1382 = CARTESIAN_POINT('',(7.5,4.25,-4.35));
#1383 = DIRECTION('',(0.,0.,1.));
#1384 = DIRECTION('',(-1.,0.,0.));
#1385 = ADVANCED_FACE('',(#1386),#1424,.T.);
#1386 = FACE_BOUND('',#1387,.T.);
#1387 = EDGE_LOOP('',(#1388,#1399,#1408,#1417));
#1388 = ORIENTED_EDGE('',*,*,#1389,.F.);
#1389 = EDGE_CURVE('',#1390,#1392,#1394,.T.);
#1390 = VERTEX_POINT('',#1391);
#1391 = CARTESIAN_POINT('',(7.5,5.85,8.));
#1392 = VERTEX_POINT('',#1393);
#1393 = CARTESIAN_POINT('',(7.5,2.65,8.));
#1394 = CIRCLE('',#1395,1.6);
#1395 = AXIS2_PLACEMENT_3D('',#1396,#1397,#1398);
#1396 = CARTESIAN_POINT('',(7.5,4.25,8.));
#1397 = DIRECTION('',(0.,0.,-1.));
#1398 = DIRECTION('',(0.,-1.,0.));
#1399 = ORIENTED_EDGE('',*,*,#1400,.T.);
#1400 = EDGE_CURVE('',#1390,#1401,#1403,.T.);
#1401 = VERTEX_POINT('',#1402);
#1402 = CARTESIAN_POINT('',(7.5,5.949999999885,8.1));
#1403 = CIRCLE('',#1404,0.1);
#1404 = AXIS2_PLACEMENT_3D('',#1405,#1406,#1407);
#1405 = CARTESIAN_POINT('',(7.5,5.85,8.1));
#1406 = DIRECTION('',(1.,-1.224646799147E-16,0.));
#1407 = DIRECTION('',(1.224646799147E-16,1.,0.));
#1408 = ORIENTED_EDGE('',*,*,#1409,.F.);
#1409 = EDGE_CURVE('',#1410,#1401,#1412,.T.);
#1410 = VERTEX_POINT('',#1411);
#1411 = CARTESIAN_POINT('',(7.5,2.550000000115,8.1));
#1412 = CIRCLE('',#1413,1.7);
#1413 = AXIS2_PLACEMENT_3D('',#1414,#1415,#1416);
#1414 = CARTESIAN_POINT('',(7.5,4.25,8.1));
#1415 = DIRECTION('',(0.,0.,1.));
#1416 = DIRECTION('',(0.,-1.,0.));
#1417 = ORIENTED_EDGE('',*,*,#1418,.F.);
#1418 = EDGE_CURVE('',#1392,#1410,#1419,.T.);
#1419 = CIRCLE('',#1420,1.E-01);
#1420 = AXIS2_PLACEMENT_3D('',#1421,#1422,#1423);
#1421 = CARTESIAN_POINT('',(7.5,2.65,8.1));
#1422 = DIRECTION('',(-1.,0.,0.));
#1423 = DIRECTION('',(0.,0.,1.));
#1424 = TOROIDAL_SURFACE('',#1425,1.6,0.1);
#1425 = AXIS2_PLACEMENT_3D('',#1426,#1427,#1428);
#1426 = CARTESIAN_POINT('',(7.5,4.25,8.1));
#1427 = DIRECTION('',(0.,0.,1.));
#1428 = DIRECTION('',(0.,-1.,0.));
#1429 = ADVANCED_FACE('',(#1430),#1502,.T.);
#1430 = FACE_BOUND('',#1431,.T.);
#1431 = EDGE_LOOP('',(#1432,#1443,#1449,#1456,#1464,#1473,#1484,#1493));
#1432 = ORIENTED_EDGE('',*,*,#1433,.T.);
#1433 = EDGE_CURVE('',#1434,#1436,#1438,.T.);
#1434 = VERTEX_POINT('',#1435);
#1435 = CARTESIAN_POINT('',(5.937107388569,4.65,9.314249409998));
#1436 = VERTEX_POINT('',#1437);
#1437 = CARTESIAN_POINT('',(7.5,5.863267899286,9.314249409998));
#1438 = CIRCLE('',#1439,1.613267899286);
#1439 = AXIS2_PLACEMENT_3D('',#1440,#1441,#1442);
#1440 = CARTESIAN_POINT('',(7.5,4.25,9.314249409998));
#1441 = DIRECTION('',(0.,0.,-1.));
#1442 = DIRECTION('',(0.,-1.,0.));
#1443 = ORIENTED_EDGE('',*,*,#1444,.T.);
#1444 = EDGE_CURVE('',#1436,#1401,#1445,.T.);
#1445 = LINE('',#1446,#1447);
#1446 = CARTESIAN_POINT('',(7.5,5.85,9.5));
#1447 = VECTOR('',#1448,1.);
#1448 = DIRECTION('',(-8.725247161685E-18,7.124704990664E-02,
    -0.997458699837));
#1449 = ORIENTED_EDGE('',*,*,#1450,.T.);
#1450 = EDGE_CURVE('',#1401,#1410,#1451,.T.);
#1451 = CIRCLE('',#1452,1.7);
#1452 = AXIS2_PLACEMENT_3D('',#1453,#1454,#1455);
#1453 = CARTESIAN_POINT('',(7.5,4.25,8.1));
#1454 = DIRECTION('',(0.,0.,1.));
#1455 = DIRECTION('',(0.,-1.,0.));
#1456 = ORIENTED_EDGE('',*,*,#1457,.F.);
#1457 = EDGE_CURVE('',#1458,#1410,#1460,.T.);
#1458 = VERTEX_POINT('',#1459);
#1459 = CARTESIAN_POINT('',(7.5,2.636732100714,9.314249409998));
#1460 = LINE('',#1461,#1462);
#1461 = CARTESIAN_POINT('',(7.5,2.65,9.5));
#1462 = VECTOR('',#1463,1.);
#1463 = DIRECTION('',(0.,-7.124704990664E-02,-0.997458699837));
#1464 = ORIENTED_EDGE('',*,*,#1465,.T.);
#1465 = EDGE_CURVE('',#1458,#1466,#1468,.T.);
#1466 = VERTEX_POINT('',#1467);
#1467 = CARTESIAN_POINT('',(5.937107388569,3.85,9.314249409998));
#1468 = CIRCLE('',#1469,1.613267899286);
#1469 = AXIS2_PLACEMENT_3D('',#1470,#1471,#1472);
#1470 = CARTESIAN_POINT('',(7.5,4.25,9.314249409998));
#1471 = DIRECTION('',(0.,0.,-1.));
#1472 = DIRECTION('',(0.,-1.,0.));
#1473 = ORIENTED_EDGE('',*,*,#1474,.T.);
#1474 = EDGE_CURVE('',#1466,#1475,#1477,.T.);
#1475 = VERTEX_POINT('',#1476);
#1476 = CARTESIAN_POINT('',(5.899218940642,3.85,8.8));
#1477 = B_SPLINE_CURVE_WITH_KNOTS('',3,(#1478,#1479,#1480,#1481,#1482,
    #1483),.UNSPECIFIED.,.F.,.F.,(4,2,4),(0.,0.455603274493,1.),
  .UNSPECIFIED.);
#1478 = CARTESIAN_POINT('',(5.937107388569,3.85,9.314249409998));
#1479 = CARTESIAN_POINT('',(5.93134918525,3.85,9.236151811974));
#1480 = CARTESIAN_POINT('',(5.925592927451,3.85,9.158054070484));
#1481 = CARTESIAN_POINT('',(5.912962694866,3.85,8.98663765568));
#1482 = CARTESIAN_POINT('',(5.906089525206,3.85,8.893318922984));
#1483 = CARTESIAN_POINT('',(5.899218940642,3.85,8.8));
#1484 = ORIENTED_EDGE('',*,*,#1485,.F.);
#1485 = EDGE_CURVE('',#1486,#1475,#1488,.T.);
#1486 = VERTEX_POINT('',#1487);
#1487 = CARTESIAN_POINT('',(5.899218940642,4.65,8.8));
#1488 = CIRCLE('',#1489,1.65);
#1489 = AXIS2_PLACEMENT_3D('',#1490,#1491,#1492);
#1490 = CARTESIAN_POINT('',(7.5,4.25,8.8));
#1491 = DIRECTION('',(0.,-0.,1.));
#1492 = DIRECTION('',(0.,1.,0.));
#1493 = ORIENTED_EDGE('',*,*,#1494,.T.);
#1494 = EDGE_CURVE('',#1486,#1434,#1495,.T.);
#1495 = B_SPLINE_CURVE_WITH_KNOTS('',3,(#1496,#1497,#1498,#1499,#1500,
    #1501),.UNSPECIFIED.,.F.,.F.,(4,2,4),(0.,0.544396723563,1.),
  .UNSPECIFIED.);
#1496 = CARTESIAN_POINT('',(5.899218940642,4.65,8.8));
#1497 = CARTESIAN_POINT('',(5.906089525206,4.65,8.893318922984));
#1498 = CARTESIAN_POINT('',(5.912962694866,4.65,8.98663765568));
#1499 = CARTESIAN_POINT('',(5.925592927451,4.65,9.158054070484));
#1500 = CARTESIAN_POINT('',(5.93134918525,4.65,9.236151811974));
#1501 = CARTESIAN_POINT('',(5.937107388569,4.65,9.314249409998));
#1502 = CONICAL_SURFACE('',#1503,1.6,7.130746470381E-02);
#1503 = AXIS2_PLACEMENT_3D('',#1504,#1505,#1506);
#1504 = CARTESIAN_POINT('',(7.5,4.25,9.5));
#1505 = DIRECTION('',(0.,0.,-1.));
#1506 = DIRECTION('',(0.,-1.,0.));
#1507 = ADVANCED_FACE('',(#1508),#1544,.F.);
#1508 = FACE_BOUND('',#1509,.F.);
#1509 = EDGE_LOOP('',(#1510,#1520,#1529,#1537));
#1510 = ORIENTED_EDGE('',*,*,#1511,.T.);
#1511 = EDGE_CURVE('',#1512,#1514,#1516,.T.);
#1512 = VERTEX_POINT('',#1513);
#1513 = CARTESIAN_POINT('',(7.5,6.25,1.35));
#1514 = VERTEX_POINT('',#1515);
#1515 = CARTESIAN_POINT('',(7.5,5.95,1.35));
#1516 = LINE('',#1517,#1518);
#1517 = CARTESIAN_POINT('',(7.5,9.55,1.35));
#1518 = VECTOR('',#1519,1.);
#1519 = DIRECTION('',(0.,-1.,0.));
#1520 = ORIENTED_EDGE('',*,*,#1521,.F.);
#1521 = EDGE_CURVE('',#1522,#1514,#1524,.T.);
#1522 = VERTEX_POINT('',#1523);
#1523 = CARTESIAN_POINT('',(7.5,5.95,4.15));
#1524 = CIRCLE('',#1525,1.4);
#1525 = AXIS2_PLACEMENT_3D('',#1526,#1527,#1528);
#1526 = CARTESIAN_POINT('',(7.5,5.95,2.75));
#1527 = DIRECTION('',(0.,-1.,0.));
#1528 = DIRECTION('',(0.,0.,1.));
#1529 = ORIENTED_EDGE('',*,*,#1530,.F.);
#1530 = EDGE_CURVE('',#1531,#1522,#1533,.T.);
#1531 = VERTEX_POINT('',#1532);
#1532 = CARTESIAN_POINT('',(7.5,6.25,4.15));
#1533 = LINE('',#1534,#1535);
#1534 = CARTESIAN_POINT('',(7.5,9.55,4.15));
#1535 = VECTOR('',#1536,1.);
#1536 = DIRECTION('',(0.,-1.,0.));
#1537 = ORIENTED_EDGE('',*,*,#1538,.F.);
#1538 = EDGE_CURVE('',#1512,#1531,#1539,.T.);
#1539 = CIRCLE('',#1540,1.4);
#1540 = AXIS2_PLACEMENT_3D('',#1541,#1542,#1543);
#1541 = CARTESIAN_POINT('',(7.5,6.25,2.75));
#1542 = DIRECTION('',(0.,1.,0.));
#1543 = DIRECTION('',(0.,-0.,1.));
#1544 = CYLINDRICAL_SURFACE('',#1545,1.4);
#1545 = AXIS2_PLACEMENT_3D('',#1546,#1547,#1548);
#1546 = CARTESIAN_POINT('',(7.5,9.55,2.75));
#1547 = DIRECTION('',(0.,-1.,0.));
#1548 = DIRECTION('',(0.,0.,-1.));
#1549 = ADVANCED_FACE('',(#1550),#1580,.T.);
#1550 = FACE_BOUND('',#1551,.T.);
#1551 = EDGE_LOOP('',(#1552,#1553,#1562,#1571));
#1552 = ORIENTED_EDGE('',*,*,#1465,.F.);
#1553 = ORIENTED_EDGE('',*,*,#1554,.T.);
#1554 = EDGE_CURVE('',#1458,#1555,#1557,.T.);
#1555 = VERTEX_POINT('',#1556);
#1556 = CARTESIAN_POINT('',(7.5,2.83622384068,9.5));
#1557 = CIRCLE('',#1558,0.2);
#1558 = AXIS2_PLACEMENT_3D('',#1559,#1560,#1561);
#1559 = CARTESIAN_POINT('',(7.5,2.83622384068,9.3));
#1560 = DIRECTION('',(-1.,0.,0.));
#1561 = DIRECTION('',(0.,0.,1.));
#1562 = ORIENTED_EDGE('',*,*,#1563,.F.);
#1563 = EDGE_CURVE('',#1564,#1555,#1566,.T.);
#1564 = VERTEX_POINT('',#1565);
#1565 = CARTESIAN_POINT('',(6.143990033716,3.85,9.5));
#1566 = CIRCLE('',#1567,1.41377615932);
#1567 = AXIS2_PLACEMENT_3D('',#1568,#1569,#1570);
#1568 = CARTESIAN_POINT('',(7.5,4.25,9.5));
#1569 = DIRECTION('',(0.,0.,1.));
#1570 = DIRECTION('',(0.,-1.,0.));
#1571 = ORIENTED_EDGE('',*,*,#1572,.T.);
#1572 = EDGE_CURVE('',#1564,#1466,#1573,.T.);
#1573 = B_SPLINE_CURVE_WITH_KNOTS('',3,(#1574,#1575,#1576,#1577,#1578,
    #1579),.UNSPECIFIED.,.F.,.F.,(4,2,4),(1.734723475977E-18,
    1.521198112225E-04,3.042396224449E-04),.UNSPECIFIED.);
#1574 = CARTESIAN_POINT('',(6.143990033716,3.85,9.5));
#1575 = CARTESIAN_POINT('',(6.092568578621,3.85,9.5));
#1576 = CARTESIAN_POINT('',(6.042213446765,3.85,9.481490714224));
#1577 = CARTESIAN_POINT('',(5.9655523954,3.85,9.413837825582));
#1578 = CARTESIAN_POINT('',(5.94089277935,3.85,9.365590064581));
#1579 = CARTESIAN_POINT('',(5.937107388569,3.85,9.314249409998));
#1580 = TOROIDAL_SURFACE('',#1581,1.41377615932,0.2);
#1581 = AXIS2_PLACEMENT_3D('',#1582,#1583,#1584);
#1582 = CARTESIAN_POINT('',(7.5,4.25,9.3));
#1583 = DIRECTION('',(0.,0.,1.));
#1584 = DIRECTION('',(0.,-1.,0.));
#1585 = ADVANCED_FACE('',(#1586),#1620,.T.);
#1586 = FACE_BOUND('',#1587,.T.);
#1587 = EDGE_LOOP('',(#1588,#1598,#1606,#1614));
#1588 = ORIENTED_EDGE('',*,*,#1589,.F.);
#1589 = EDGE_CURVE('',#1590,#1592,#1594,.T.);
#1590 = VERTEX_POINT('',#1591);
#1591 = CARTESIAN_POINT('',(6.45,5.95,3.291739462922));
#1592 = VERTEX_POINT('',#1593);
#1593 = CARTESIAN_POINT('',(8.55,5.95,3.291739462922));
#1594 = LINE('',#1595,#1596);
#1595 = CARTESIAN_POINT('',(4.5,5.95,3.291739462922));
#1596 = VECTOR('',#1597,1.);
#1597 = DIRECTION('',(1.,0.,0.));
#1598 = ORIENTED_EDGE('',*,*,#1599,.T.);
#1599 = EDGE_CURVE('',#1590,#1600,#1602,.T.);
#1600 = VERTEX_POINT('',#1601);
#1601 = CARTESIAN_POINT('',(6.45,6.405650476444,3.372082935692));
#1602 = LINE('',#1603,#1604);
#1603 = CARTESIAN_POINT('',(6.45,3.592004494645,2.875961234939));
#1604 = VECTOR('',#1605,1.);
#1605 = DIRECTION('',(6.323770134184E-17,0.984807753012,0.173648177667)
  );
#1606 = ORIENTED_EDGE('',*,*,#1607,.T.);
#1607 = EDGE_CURVE('',#1600,#1608,#1610,.T.);
#1608 = VERTEX_POINT('',#1609);
#1609 = CARTESIAN_POINT('',(8.55,6.405650476444,3.372082935692));
#1610 = LINE('',#1611,#1612);
#1611 = CARTESIAN_POINT('',(4.5,6.405650476444,3.372082935692));
#1612 = VECTOR('',#1613,1.);
#1613 = DIRECTION('',(1.,0.,0.));
#1614 = ORIENTED_EDGE('',*,*,#1615,.F.);
#1615 = EDGE_CURVE('',#1592,#1608,#1616,.T.);
#1616 = LINE('',#1617,#1618);
#1617 = CARTESIAN_POINT('',(8.55,3.592004494645,2.875961234939));
#1618 = VECTOR('',#1619,1.);
#1619 = DIRECTION('',(-6.323770134184E-17,0.984807753012,0.173648177667)
  );
#1620 = PLANE('',#1621);
#1621 = AXIS2_PLACEMENT_3D('',#1622,#1623,#1624);
#1622 = CARTESIAN_POINT('',(4.5,3.592004494645,2.875961234939));
#1623 = DIRECTION('',(0.,0.173648177667,-0.984807753012));
#1624 = DIRECTION('',(0.,-0.984807753012,-0.173648177667));
#1625 = ADVANCED_FACE('',(#1626),#1660,.T.);
#1626 = FACE_BOUND('',#1627,.T.);
#1627 = EDGE_LOOP('',(#1628,#1638,#1646,#1654));
#1628 = ORIENTED_EDGE('',*,*,#1629,.F.);
#1629 = EDGE_CURVE('',#1630,#1632,#1634,.T.);
#1630 = VERTEX_POINT('',#1631);
#1631 = CARTESIAN_POINT('',(8.55,5.95,3.4948247853));
#1632 = VERTEX_POINT('',#1633);
#1633 = CARTESIAN_POINT('',(6.45,5.95,3.4948247853));
#1634 = LINE('',#1635,#1636);
#1635 = CARTESIAN_POINT('',(4.5,5.95,3.4948247853));
#1636 = VECTOR('',#1637,1.);
#1637 = DIRECTION('',(-1.,0.,0.));
#1638 = ORIENTED_EDGE('',*,*,#1639,.F.);
#1639 = EDGE_CURVE('',#1640,#1630,#1642,.T.);
#1640 = VERTEX_POINT('',#1641);
#1641 = CARTESIAN_POINT('',(8.55,6.370920840911,3.569044486295));
#1642 = LINE('',#1643,#1644);
#1643 = CARTESIAN_POINT('',(8.55,6.370920840911,3.569044486295));
#1644 = VECTOR('',#1645,1.);
#1645 = DIRECTION('',(6.323770134184E-17,-0.984807753012,-0.173648177667
    ));
#1646 = ORIENTED_EDGE('',*,*,#1647,.F.);
#1647 = EDGE_CURVE('',#1648,#1640,#1650,.T.);
#1648 = VERTEX_POINT('',#1649);
#1649 = CARTESIAN_POINT('',(6.45,6.370920840911,3.569044486295));
#1650 = LINE('',#1651,#1652);
#1651 = CARTESIAN_POINT('',(4.5,6.370920840911,3.569044486295));
#1652 = VECTOR('',#1653,1.);
#1653 = DIRECTION('',(1.,0.,0.));
#1654 = ORIENTED_EDGE('',*,*,#1655,.T.);
#1655 = EDGE_CURVE('',#1648,#1632,#1656,.T.);
#1656 = LINE('',#1657,#1658);
#1657 = CARTESIAN_POINT('',(6.45,6.370920840911,3.569044486295));
#1658 = VECTOR('',#1659,1.);
#1659 = DIRECTION('',(-6.323770134184E-17,-0.984807753012,
    -0.173648177667));
#1660 = PLANE('',#1661);
#1661 = AXIS2_PLACEMENT_3D('',#1662,#1663,#1664);
#1662 = CARTESIAN_POINT('',(4.5,6.370920840911,3.569044486295));
#1663 = DIRECTION('',(0.,-0.173648177667,0.984807753012));
#1664 = DIRECTION('',(0.,0.984807753012,0.173648177667));
#1665 = ADVANCED_FACE('',(#1666),#1693,.F.);
#1666 = FACE_BOUND('',#1667,.F.);
#1667 = EDGE_LOOP('',(#1668,#1669,#1678,#1686));
#1668 = ORIENTED_EDGE('',*,*,#1647,.F.);
#1669 = ORIENTED_EDGE('',*,*,#1670,.F.);
#1670 = EDGE_CURVE('',#1671,#1648,#1673,.T.);
#1671 = VERTEX_POINT('',#1672);
#1672 = CARTESIAN_POINT('',(6.45,6.700487189948,3.990870176997));
#1673 = CIRCLE('',#1674,0.4);
#1674 = AXIS2_PLACEMENT_3D('',#1675,#1676,#1677);
#1675 = CARTESIAN_POINT('',(6.45,6.301461569844,3.9629675875));
#1676 = DIRECTION('',(-1.,0.,3.641714079093E-16));
#1677 = DIRECTION('',(-3.641714079093E-16,0.,-1.));
#1678 = ORIENTED_EDGE('',*,*,#1679,.T.);
#1679 = EDGE_CURVE('',#1671,#1680,#1682,.T.);
#1680 = VERTEX_POINT('',#1681);
#1681 = CARTESIAN_POINT('',(8.55,6.700487189948,3.990870176997));
#1682 = LINE('',#1683,#1684);
#1683 = CARTESIAN_POINT('',(4.5,6.700487189948,3.990870176997));
#1684 = VECTOR('',#1685,1.);
#1685 = DIRECTION('',(1.,0.,0.));
#1686 = ORIENTED_EDGE('',*,*,#1687,.T.);
#1687 = EDGE_CURVE('',#1680,#1640,#1688,.T.);
#1688 = CIRCLE('',#1689,0.4);
#1689 = AXIS2_PLACEMENT_3D('',#1690,#1691,#1692);
#1690 = CARTESIAN_POINT('',(8.55,6.301461569844,3.9629675875));
#1691 = DIRECTION('',(-1.,0.,-3.641714079093E-16));
#1692 = DIRECTION('',(3.641714079093E-16,0.,-1.));
#1693 = CYLINDRICAL_SURFACE('',#1694,0.4);
#1694 = AXIS2_PLACEMENT_3D('',#1695,#1696,#1697);
#1695 = CARTESIAN_POINT('',(4.5,6.301461569844,3.9629675875));
#1696 = DIRECTION('',(1.,0.,0.));
#1697 = DIRECTION('',(0.,0.,-1.));
#1698 = ADVANCED_FACE('',(#1699),#1725,.T.);
#1699 = FACE_BOUND('',#1700,.T.);
#1700 = EDGE_LOOP('',(#1701,#1707,#1708,#1709,#1717,#1724));
#1701 = ORIENTED_EDGE('',*,*,#1702,.F.);
#1702 = EDGE_CURVE('',#1632,#1590,#1703,.T.);
#1703 = LINE('',#1704,#1705);
#1704 = CARTESIAN_POINT('',(6.45,5.95,2.8));
#1705 = VECTOR('',#1706,1.);
#1706 = DIRECTION('',(-3.641714079093E-16,0.,-1.));
#1707 = ORIENTED_EDGE('',*,*,#1655,.F.);
#1708 = ORIENTED_EDGE('',*,*,#1670,.F.);
#1709 = ORIENTED_EDGE('',*,*,#1710,.T.);
#1710 = EDGE_CURVE('',#1671,#1711,#1713,.T.);
#1711 = VERTEX_POINT('',#1712);
#1712 = CARTESIAN_POINT('',(6.45,6.900812423268,3.990870176997));
#1713 = LINE('',#1714,#1715);
#1714 = CARTESIAN_POINT('',(6.45,-1.462314593355,3.990870176997));
#1715 = VECTOR('',#1716,1.);
#1716 = DIRECTION('',(0.,1.,0.));
#1717 = ORIENTED_EDGE('',*,*,#1718,.F.);
#1718 = EDGE_CURVE('',#1600,#1711,#1719,.T.);
#1719 = CIRCLE('',#1720,0.6);
#1720 = AXIS2_PLACEMENT_3D('',#1721,#1722,#1723);
#1721 = CARTESIAN_POINT('',(6.45,6.301461569844,3.9629675875));
#1722 = DIRECTION('',(1.,0.,-3.641714079093E-16));
#1723 = DIRECTION('',(-3.641714079093E-16,-0.,-1.));
#1724 = ORIENTED_EDGE('',*,*,#1599,.F.);
#1725 = PLANE('',#1726);
#1726 = AXIS2_PLACEMENT_3D('',#1727,#1728,#1729);
#1727 = CARTESIAN_POINT('',(6.45,-1.462314593355,2.8));
#1728 = DIRECTION('',(-1.,0.,3.641714079093E-16));
#1729 = DIRECTION('',(-3.641714079093E-16,0.,-1.));
#1730 = ADVANCED_FACE('',(#1731),#1768,.T.);
#1731 = FACE_BOUND('',#1732,.T.);
#1732 = EDGE_LOOP('',(#1733,#1742,#1743,#1744,#1753,#1761));
#1733 = ORIENTED_EDGE('',*,*,#1734,.F.);
#1734 = EDGE_CURVE('',#1608,#1735,#1737,.T.);
#1735 = VERTEX_POINT('',#1736);
#1736 = CARTESIAN_POINT('',(8.55,6.900812423268,3.990870176997));
#1737 = CIRCLE('',#1738,0.6);
#1738 = AXIS2_PLACEMENT_3D('',#1739,#1740,#1741);
#1739 = CARTESIAN_POINT('',(8.55,6.301461569844,3.9629675875));
#1740 = DIRECTION('',(1.,0.,3.641714079093E-16));
#1741 = DIRECTION('',(3.641714079093E-16,0.,-1.));
#1742 = ORIENTED_EDGE('',*,*,#1607,.F.);
#1743 = ORIENTED_EDGE('',*,*,#1718,.T.);
#1744 = ORIENTED_EDGE('',*,*,#1745,.T.);
#1745 = EDGE_CURVE('',#1711,#1746,#1748,.T.);
#1746 = VERTEX_POINT('',#1747);
#1747 = CARTESIAN_POINT('',(6.446052745852,6.9,4.004821471746));
#1748 = ( BOUNDED_CURVE() B_SPLINE_CURVE(3,(#1749,#1750,#1751,#1752),
.UNSPECIFIED.,.F.,.F.) B_SPLINE_CURVE_WITH_KNOTS((4,4),(1.617317421062,
1.640609496875),.PIECEWISE_BEZIER_KNOTS.) CURVE() 
GEOMETRIC_REPRESENTATION_ITEM() RATIONAL_B_SPLINE_CURVE((1.,
0.999954790445,0.999954790445,1.)) REPRESENTATION_ITEM('') );
#1749 = CARTESIAN_POINT('',(6.45,6.900812423268,3.990870176997));
#1750 = CARTESIAN_POINT('',(6.448683386022,6.90059578196,3.995523657362)
  );
#1751 = CARTESIAN_POINT('',(6.447367575153,6.900324961961,4.000174299198
    ));
#1752 = CARTESIAN_POINT('',(6.446052745852,6.9,4.004821471746));
#1753 = ORIENTED_EDGE('',*,*,#1754,.T.);
#1754 = EDGE_CURVE('',#1746,#1755,#1757,.T.);
#1755 = VERTEX_POINT('',#1756);
#1756 = CARTESIAN_POINT('',(8.553947254148,6.9,4.004821471746));
#1757 = LINE('',#1758,#1759);
#1758 = CARTESIAN_POINT('',(4.5,6.9,4.004821471746));
#1759 = VECTOR('',#1760,1.);
#1760 = DIRECTION('',(1.,0.,0.));
#1761 = ORIENTED_EDGE('',*,*,#1762,.F.);
#1762 = EDGE_CURVE('',#1735,#1755,#1763,.T.);
#1763 = ( BOUNDED_CURVE() B_SPLINE_CURVE(3,(#1764,#1765,#1766,#1767),
.UNSPECIFIED.,.F.,.F.) B_SPLINE_CURVE_WITH_KNOTS((4,4),(4.758910074652,
4.782202150464),.PIECEWISE_BEZIER_KNOTS.) CURVE() 
GEOMETRIC_REPRESENTATION_ITEM() RATIONAL_B_SPLINE_CURVE((1.,
0.999954790445,0.999954790445,1.)) REPRESENTATION_ITEM('') );
#1764 = CARTESIAN_POINT('',(8.55,6.900812423268,3.990870176997));
#1765 = CARTESIAN_POINT('',(8.551316613978,6.90059578196,3.995523657362)
  );
#1766 = CARTESIAN_POINT('',(8.552632424847,6.900324961961,4.000174299198
    ));
#1767 = CARTESIAN_POINT('',(8.553947254148,6.9,4.004821471746));
#1768 = CYLINDRICAL_SURFACE('',#1769,0.6);
#1769 = AXIS2_PLACEMENT_3D('',#1770,#1771,#1772);
#1770 = CARTESIAN_POINT('',(4.5,6.301461569844,3.9629675875));
#1771 = DIRECTION('',(1.,0.,0.));
#1772 = DIRECTION('',(0.,0.,-1.));
#1773 = ADVANCED_FACE('',(#1774),#1792,.F.);
#1774 = FACE_BOUND('',#1775,.T.);
#1775 = EDGE_LOOP('',(#1776,#1777,#1783,#1784,#1785,#1791));
#1776 = ORIENTED_EDGE('',*,*,#1639,.T.);
#1777 = ORIENTED_EDGE('',*,*,#1778,.T.);
#1778 = EDGE_CURVE('',#1630,#1592,#1779,.T.);
#1779 = LINE('',#1780,#1781);
#1780 = CARTESIAN_POINT('',(8.55,5.95,2.8));
#1781 = VECTOR('',#1782,1.);
#1782 = DIRECTION('',(3.641714079093E-16,0.,-1.));
#1783 = ORIENTED_EDGE('',*,*,#1615,.T.);
#1784 = ORIENTED_EDGE('',*,*,#1734,.T.);
#1785 = ORIENTED_EDGE('',*,*,#1786,.F.);
#1786 = EDGE_CURVE('',#1680,#1735,#1787,.T.);
#1787 = LINE('',#1788,#1789);
#1788 = CARTESIAN_POINT('',(8.55,-1.462314593355,3.990870176997));
#1789 = VECTOR('',#1790,1.);
#1790 = DIRECTION('',(0.,1.,0.));
#1791 = ORIENTED_EDGE('',*,*,#1687,.T.);
#1792 = PLANE('',#1793);
#1793 = AXIS2_PLACEMENT_3D('',#1794,#1795,#1796);
#1794 = CARTESIAN_POINT('',(8.55,-1.462314593355,2.8));
#1795 = DIRECTION('',(-1.,0.,-3.641714079093E-16));
#1796 = DIRECTION('',(3.641714079093E-16,0.,-1.));
#1797 = ADVANCED_FACE('',(#1798),#1817,.T.);
#1798 = FACE_BOUND('',#1799,.T.);
#1799 = EDGE_LOOP('',(#1800,#1811));
#1800 = ORIENTED_EDGE('',*,*,#1801,.T.);
#1801 = EDGE_CURVE('',#1802,#1804,#1806,.T.);
#1802 = VERTEX_POINT('',#1803);
#1803 = CARTESIAN_POINT('',(8.856009966284,4.65,9.5));
#1804 = VERTEX_POINT('',#1805);
#1805 = CARTESIAN_POINT('',(6.143990033716,4.65,9.5));
#1806 = CIRCLE('',#1807,1.41377615932);
#1807 = AXIS2_PLACEMENT_3D('',#1808,#1809,#1810);
#1808 = CARTESIAN_POINT('',(7.5,4.25,9.5));
#1809 = DIRECTION('',(0.,0.,1.));
#1810 = DIRECTION('',(0.,-1.,0.));
#1811 = ORIENTED_EDGE('',*,*,#1812,.T.);
#1812 = EDGE_CURVE('',#1804,#1802,#1813,.T.);
#1813 = LINE('',#1814,#1815);
#1814 = CARTESIAN_POINT('',(5.8,4.65,9.5));
#1815 = VECTOR('',#1816,1.);
#1816 = DIRECTION('',(1.,2.232180943353E-16,0.));
#1817 = PLANE('',#1818);
#1818 = AXIS2_PLACEMENT_3D('',#1819,#1820,#1821);
#1819 = CARTESIAN_POINT('',(7.5,4.25,9.5));
#1820 = DIRECTION('',(0.,0.,1.));
#1821 = DIRECTION('',(0.,-1.,0.));
#1822 = ADVANCED_FACE('',(#1823),#1841,.T.);
#1823 = FACE_BOUND('',#1824,.T.);
#1824 = EDGE_LOOP('',(#1825,#1826,#1835));
#1825 = ORIENTED_EDGE('',*,*,#1563,.T.);
#1826 = ORIENTED_EDGE('',*,*,#1827,.T.);
#1827 = EDGE_CURVE('',#1555,#1828,#1830,.T.);
#1828 = VERTEX_POINT('',#1829);
#1829 = CARTESIAN_POINT('',(8.856009966284,3.85,9.5));
#1830 = CIRCLE('',#1831,1.41377615932);
#1831 = AXIS2_PLACEMENT_3D('',#1832,#1833,#1834);
#1832 = CARTESIAN_POINT('',(7.5,4.25,9.5));
#1833 = DIRECTION('',(0.,0.,1.));
#1834 = DIRECTION('',(0.,-1.,0.));
#1835 = ORIENTED_EDGE('',*,*,#1836,.T.);
#1836 = EDGE_CURVE('',#1828,#1564,#1837,.T.);
#1837 = LINE('',#1838,#1839);
#1838 = CARTESIAN_POINT('',(9.2,3.85,9.5));
#1839 = VECTOR('',#1840,1.);
#1840 = DIRECTION('',(-1.,-5.580452358381E-16,0.));
#1841 = PLANE('',#1842);
#1842 = AXIS2_PLACEMENT_3D('',#1843,#1844,#1845);
#1843 = CARTESIAN_POINT('',(7.5,4.25,9.5));
#1844 = DIRECTION('',(0.,0.,1.));
#1845 = DIRECTION('',(0.,-1.,0.));
#1846 = ADVANCED_FACE('',(#1847,#1853),#1863,.T.);
#1847 = FACE_BOUND('',#1848,.T.);
#1848 = EDGE_LOOP('',(#1849,#1850,#1851,#1852));
#1849 = ORIENTED_EDGE('',*,*,#1629,.T.);
#1850 = ORIENTED_EDGE('',*,*,#1702,.T.);
#1851 = ORIENTED_EDGE('',*,*,#1589,.T.);
#1852 = ORIENTED_EDGE('',*,*,#1778,.F.);
#1853 = FACE_BOUND('',#1854,.T.);
#1854 = EDGE_LOOP('',(#1855,#1862));
#1855 = ORIENTED_EDGE('',*,*,#1856,.F.);
#1856 = EDGE_CURVE('',#1514,#1522,#1857,.T.);
#1857 = CIRCLE('',#1858,1.4);
#1858 = AXIS2_PLACEMENT_3D('',#1859,#1860,#1861);
#1859 = CARTESIAN_POINT('',(7.5,5.95,2.75));
#1860 = DIRECTION('',(0.,-1.,0.));
#1861 = DIRECTION('',(0.,0.,1.));
#1862 = ORIENTED_EDGE('',*,*,#1521,.F.);
#1863 = PLANE('',#1864);
#1864 = AXIS2_PLACEMENT_3D('',#1865,#1866,#1867);
#1865 = CARTESIAN_POINT('',(-4.55,5.95,0.65));
#1866 = DIRECTION('',(0.,1.,0.));
#1867 = DIRECTION('',(0.,-0.,1.));
#1868 = ADVANCED_FACE('',(#1869),#1894,.T.);
#1869 = FACE_BOUND('',#1870,.T.);
#1870 = EDGE_LOOP('',(#1871,#1879,#1887,#1893));
#1871 = ORIENTED_EDGE('',*,*,#1872,.F.);
#1872 = EDGE_CURVE('',#1873,#1680,#1875,.T.);
#1873 = VERTEX_POINT('',#1874);
#1874 = CARTESIAN_POINT('',(8.871701747923,6.620978138265,5.127902589498
    ));
#1875 = LINE('',#1876,#1877);
#1876 = CARTESIAN_POINT('',(8.549145049326,6.700698492242,3.987848413411
    ));
#1877 = VECTOR('',#1878,1.);
#1878 = DIRECTION('',(-0.271630022788,6.713375248915E-02,-0.960057388908
    ));
#1879 = ORIENTED_EDGE('',*,*,#1880,.F.);
#1880 = EDGE_CURVE('',#1881,#1873,#1883,.T.);
#1881 = VERTEX_POINT('',#1882);
#1882 = CARTESIAN_POINT('',(6.128298252077,6.620978138265,5.127902589498
    ));
#1883 = LINE('',#1884,#1885);
#1884 = CARTESIAN_POINT('',(4.5,6.620978138265,5.127902589498));
#1885 = VECTOR('',#1886,1.);
#1886 = DIRECTION('',(1.,0.,0.));
#1887 = ORIENTED_EDGE('',*,*,#1888,.T.);
#1888 = EDGE_CURVE('',#1881,#1671,#1889,.T.);
#1889 = LINE('',#1890,#1891);
#1890 = CARTESIAN_POINT('',(6.008157734996,6.591285235931,5.552530875971
    ));
#1891 = VECTOR('',#1892,1.);
#1892 = DIRECTION('',(0.271630022788,6.713375248915E-02,-0.960057388908)
  );
#1893 = ORIENTED_EDGE('',*,*,#1679,.T.);
#1894 = PLANE('',#1895);
#1895 = AXIS2_PLACEMENT_3D('',#1896,#1897,#1898);
#1896 = CARTESIAN_POINT('',(4.5,6.620978138265,5.127902589498));
#1897 = DIRECTION('',(0.,-0.99756405026,-6.975647374413E-02));
#1898 = DIRECTION('',(0.,-6.975647374413E-02,0.99756405026));
#1899 = ADVANCED_FACE('',(#1900),#1939,.T.);
#1900 = FACE_BOUND('',#1901,.T.);
#1901 = EDGE_LOOP('',(#1902,#1913,#1922,#1933));
#1902 = ORIENTED_EDGE('',*,*,#1903,.F.);
#1903 = EDGE_CURVE('',#1904,#1906,#1908,.T.);
#1904 = VERTEX_POINT('',#1905);
#1905 = CARTESIAN_POINT('',(6.041844085659,6.384612859942,5.465433459297
    ));
#1906 = VERTEX_POINT('',#1907);
#1907 = CARTESIAN_POINT('',(6.075900883378,6.560463200156,5.31309743822)
  );
#1908 = B_SPLINE_CURVE_WITH_KNOTS('',3,(#1909,#1910,#1911,#1912),
  .UNSPECIFIED.,.F.,.F.,(4,4),(8.46978517263E-14,2.372982933282E-04),
  .PIECEWISE_BEZIER_KNOTS.);
#1909 = CARTESIAN_POINT('',(6.041844085659,6.384612859942,5.465433459297
    ));
#1910 = CARTESIAN_POINT('',(6.047237146906,6.457750997099,5.432878492312
    ));
#1911 = CARTESIAN_POINT('',(6.057217321802,6.518892729352,5.379133184779
    ));
#1912 = CARTESIAN_POINT('',(6.075900883378,6.560463200156,5.31309743822)
  );
#1913 = ORIENTED_EDGE('',*,*,#1914,.T.);
#1914 = EDGE_CURVE('',#1904,#1915,#1917,.T.);
#1915 = VERTEX_POINT('',#1916);
#1916 = CARTESIAN_POINT('',(6.023102587142,6.379062759269,5.679065083714
    ));
#1917 = ( BOUNDED_CURVE() B_SPLINE_CURVE(3,(#1918,#1919,#1920,#1921),
.UNSPECIFIED.,.F.,.F.) B_SPLINE_CURVE_WITH_KNOTS((4,4),(2.97742344528,
3.130753692573),.PIECEWISE_BEZIER_KNOTS.) CURVE() 
GEOMETRIC_REPRESENTATION_ITEM() RATIONAL_B_SPLINE_CURVE((1.,
0.998041779014,0.998041779014,1.)) REPRESENTATION_ITEM('') );
#1918 = CARTESIAN_POINT('',(6.041844085659,6.384612859942,5.465433459297
    ));
#1919 = CARTESIAN_POINT('',(6.030138328427,6.381146321179,5.53609473145)
  );
#1920 = CARTESIAN_POINT('',(6.02387890492,6.379292657739,5.607444992501)
  );
#1921 = CARTESIAN_POINT('',(6.023102587142,6.379062759269,5.679065083714
    ));
#1922 = ORIENTED_EDGE('',*,*,#1923,.F.);
#1923 = EDGE_CURVE('',#1924,#1915,#1926,.T.);
#1924 = VERTEX_POINT('',#1925);
#1925 = CARTESIAN_POINT('',(6.075900883378,6.782835288288,5.31309743822)
  );
#1926 = B_SPLINE_CURVE_WITH_KNOTS('',3,(#1927,#1928,#1929,#1930,#1931,
    #1932),.UNSPECIFIED.,.F.,.F.,(4,2,4),(8.673617379884E-19,
    2.833620163781E-04,5.667240327563E-04),.UNSPECIFIED.);
#1927 = CARTESIAN_POINT('',(6.075900883378,6.782835288288,5.31309743822)
  );
#1928 = CARTESIAN_POINT('',(6.051396625905,6.749929893837,5.399706028852
    ));
#1929 = CARTESIAN_POINT('',(6.038082531245,6.695996851607,5.47969149473)
  );
#1930 = CARTESIAN_POINT('',(6.024296180761,6.556746840807,5.606750848806
    ));
#1931 = CARTESIAN_POINT('',(6.023374480558,6.471514947045,5.653981231837
    ));
#1932 = CARTESIAN_POINT('',(6.023102587142,6.379062759269,5.679065083714
    ));
#1933 = ORIENTED_EDGE('',*,*,#1934,.F.);
#1934 = EDGE_CURVE('',#1906,#1924,#1935,.T.);
#1935 = LINE('',#1936,#1937);
#1936 = CARTESIAN_POINT('',(6.075900883378,-1.462314593355,5.31309743822
    ));
#1937 = VECTOR('',#1938,1.);
#1938 = DIRECTION('',(0.,1.,0.));
#1939 = CYLINDRICAL_SURFACE('',#1940,1.4);
#1940 = AXIS2_PLACEMENT_3D('',#1941,#1942,#1943);
#1941 = CARTESIAN_POINT('',(7.423020349793,-1.462314593355,
    5.694239332015));
#1942 = DIRECTION('',(0.,1.,0.));
#1943 = DIRECTION('',(0.,-0.,1.));
#1944 = ADVANCED_FACE('',(#1945),#1973,.T.);
#1945 = FACE_BOUND('',#1946,.T.);
#1946 = EDGE_LOOP('',(#1947,#1954,#1955,#1964,#1970,#1971,#1972));
#1947 = ORIENTED_EDGE('',*,*,#1948,.F.);
#1948 = EDGE_CURVE('',#1906,#1881,#1949,.T.);
#1949 = ( BOUNDED_CURVE() B_SPLINE_CURVE(3,(#1950,#1951,#1952,#1953),
.UNSPECIFIED.,.F.,.F.) B_SPLINE_CURVE_WITH_KNOTS((4,4),(4.15054975047,
4.642575810305),.PIECEWISE_BEZIER_KNOTS.) CURVE() 
GEOMETRIC_REPRESENTATION_ITEM() RATIONAL_B_SPLINE_CURVE((1.,
0.979927406939,0.979927406939,1.)) REPRESENTATION_ITEM('') );
#1950 = CARTESIAN_POINT('',(6.075900883378,6.560463200156,5.31309743822)
  );
#1951 = CARTESIAN_POINT('',(6.091769397759,6.595770259307,5.257011279829
    ));
#1952 = CARTESIAN_POINT('',(6.109592952282,6.616355096402,5.194015168277
    ));
#1953 = CARTESIAN_POINT('',(6.128298252077,6.620978138265,5.127902589498
    ));
#1954 = ORIENTED_EDGE('',*,*,#1934,.T.);
#1955 = ORIENTED_EDGE('',*,*,#1956,.F.);
#1956 = EDGE_CURVE('',#1957,#1924,#1959,.T.);
#1957 = VERTEX_POINT('',#1958);
#1958 = CARTESIAN_POINT('',(6.124350997929,6.820490948317,5.141853884246
    ));
#1959 = ( BOUNDED_CURVE() B_SPLINE_CURVE(3,(#1960,#1961,#1962,#1963),
.UNSPECIFIED.,.F.,.F.) B_SPLINE_CURVE_WITH_KNOTS((4,4),(1.640609496875,
1.933884111302),.PIECEWISE_BEZIER_KNOTS.) CURVE() 
GEOMETRIC_REPRESENTATION_ITEM() RATIONAL_B_SPLINE_CURVE((1.,
0.992845334106,0.992845334106,1.)) REPRESENTATION_ITEM('') );
#1960 = CARTESIAN_POINT('',(6.124350997929,6.820490948317,5.141853884246
    ));
#1961 = CARTESIAN_POINT('',(6.107736519411,6.816384655953,5.200576600905
    ));
#1962 = CARTESIAN_POINT('',(6.091470100434,6.803742317569,5.258069125367
    ));
#1963 = CARTESIAN_POINT('',(6.075900883378,6.782835288288,5.31309743822)
  );
#1964 = ORIENTED_EDGE('',*,*,#1965,.F.);
#1965 = EDGE_CURVE('',#1746,#1957,#1966,.T.);
#1966 = LINE('',#1967,#1968);
#1967 = CARTESIAN_POINT('',(6.302467390494,6.864512672021,4.512313905521
    ));
#1968 = VECTOR('',#1969,1.);
#1969 = DIRECTION('',(-0.271630022788,-6.713375248915E-02,0.960057388908
    ));
#1970 = ORIENTED_EDGE('',*,*,#1745,.F.);
#1971 = ORIENTED_EDGE('',*,*,#1710,.F.);
#1972 = ORIENTED_EDGE('',*,*,#1888,.F.);
#1973 = PLANE('',#1974);
#1974 = AXIS2_PLACEMENT_3D('',#1975,#1976,#1977);
#1975 = CARTESIAN_POINT('',(6.45,-1.462314593355,3.990870176997));
#1976 = DIRECTION('',(-0.962228190296,0.,-0.272244209854));
#1977 = DIRECTION('',(0.272244209854,0.,-0.962228190296));
#1978 = ADVANCED_FACE('',(#1979),#1997,.T.);
#1979 = FACE_BOUND('',#1980,.T.);
#1980 = EDGE_LOOP('',(#1981,#1989,#1990,#1991));
#1981 = ORIENTED_EDGE('',*,*,#1982,.F.);
#1982 = EDGE_CURVE('',#1755,#1983,#1985,.T.);
#1983 = VERTEX_POINT('',#1984);
#1984 = CARTESIAN_POINT('',(8.875649002071,6.820490948317,5.141853884246
    ));
#1985 = LINE('',#1986,#1987);
#1986 = CARTESIAN_POINT('',(8.254835393828,6.973925928331,2.947631442961
    ));
#1987 = VECTOR('',#1988,1.);
#1988 = DIRECTION('',(0.271630022788,-6.713375248915E-02,0.960057388908)
  );
#1989 = ORIENTED_EDGE('',*,*,#1754,.F.);
#1990 = ORIENTED_EDGE('',*,*,#1965,.T.);
#1991 = ORIENTED_EDGE('',*,*,#1992,.T.);
#1992 = EDGE_CURVE('',#1957,#1983,#1993,.T.);
#1993 = LINE('',#1994,#1995);
#1994 = CARTESIAN_POINT('',(4.5,6.820490948317,5.141853884246));
#1995 = VECTOR('',#1996,1.);
#1996 = DIRECTION('',(1.,0.,0.));
#1997 = PLANE('',#1998);
#1998 = AXIS2_PLACEMENT_3D('',#1999,#2000,#2001);
#1999 = CARTESIAN_POINT('',(4.5,6.9,4.004821471746));
#2000 = DIRECTION('',(0.,0.99756405026,6.975647374413E-02));
#2001 = DIRECTION('',(0.,6.975647374413E-02,-0.99756405026));
#2002 = ADVANCED_FACE('',(#2003),#2033,.F.);
#2003 = FACE_BOUND('',#2004,.T.);
#2004 = EDGE_LOOP('',(#2005,#2014,#2022,#2029,#2030,#2031,#2032));
#2005 = ORIENTED_EDGE('',*,*,#2006,.T.);
#2006 = EDGE_CURVE('',#1983,#2007,#2009,.T.);
#2007 = VERTEX_POINT('',#2008);
#2008 = CARTESIAN_POINT('',(8.924099116622,6.782835288288,5.31309743822)
  );
#2009 = ( BOUNDED_CURVE() B_SPLINE_CURVE(3,(#2010,#2011,#2012,#2013),
.UNSPECIFIED.,.F.,.F.) B_SPLINE_CURVE_WITH_KNOTS((4,4),(4.782202150464,
5.075476764892),.PIECEWISE_BEZIER_KNOTS.) CURVE() 
GEOMETRIC_REPRESENTATION_ITEM() RATIONAL_B_SPLINE_CURVE((1.,
0.992845334106,0.992845334106,1.)) REPRESENTATION_ITEM('') );
#2010 = CARTESIAN_POINT('',(8.875649002071,6.820490948317,5.141853884246
    ));
#2011 = CARTESIAN_POINT('',(8.892263480589,6.816384655953,5.200576600905
    ));
#2012 = CARTESIAN_POINT('',(8.908529899566,6.803742317569,5.258069125367
    ));
#2013 = CARTESIAN_POINT('',(8.924099116622,6.782835288288,5.31309743822)
  );
#2014 = ORIENTED_EDGE('',*,*,#2015,.T.);
#2015 = EDGE_CURVE('',#2007,#2016,#2018,.T.);
#2016 = VERTEX_POINT('',#2017);
#2017 = CARTESIAN_POINT('',(8.924099116622,6.560463200156,5.31309743822)
  );
#2018 = LINE('',#2019,#2020);
#2019 = CARTESIAN_POINT('',(8.924099116622,-1.462314593355,5.31309743822
    ));
#2020 = VECTOR('',#2021,1.);
#2021 = DIRECTION('',(0.,-1.,0.));
#2022 = ORIENTED_EDGE('',*,*,#2023,.T.);
#2023 = EDGE_CURVE('',#2016,#1873,#2024,.T.);
#2024 = ( BOUNDED_CURVE() B_SPLINE_CURVE(3,(#2025,#2026,#2027,#2028),
.UNSPECIFIED.,.F.,.F.) B_SPLINE_CURVE_WITH_KNOTS((4,4),(1.00895709688,
1.500983156715),.PIECEWISE_BEZIER_KNOTS.) CURVE() 
GEOMETRIC_REPRESENTATION_ITEM() RATIONAL_B_SPLINE_CURVE((1.,
0.979927406939,0.979927406939,1.)) REPRESENTATION_ITEM('') );
#2025 = CARTESIAN_POINT('',(8.924099116622,6.560463200156,5.31309743822)
  );
#2026 = CARTESIAN_POINT('',(8.908230602241,6.595770259307,5.257011279829
    ));
#2027 = CARTESIAN_POINT('',(8.890407047718,6.616355096402,5.194015168277
    ));
#2028 = CARTESIAN_POINT('',(8.871701747923,6.620978138265,5.127902589498
    ));
#2029 = ORIENTED_EDGE('',*,*,#1872,.T.);
#2030 = ORIENTED_EDGE('',*,*,#1786,.T.);
#2031 = ORIENTED_EDGE('',*,*,#1762,.T.);
#2032 = ORIENTED_EDGE('',*,*,#1982,.T.);
#2033 = PLANE('',#2034);
#2034 = AXIS2_PLACEMENT_3D('',#2035,#2036,#2037);
#2035 = CARTESIAN_POINT('',(8.55,-1.462314593355,3.990870176997));
#2036 = DIRECTION('',(-0.962228190296,0.,0.272244209854));
#2037 = DIRECTION('',(-0.272244209854,0.,-0.962228190296));
#2038 = ADVANCED_FACE('',(#2039),#2069,.T.);
#2039 = FACE_BOUND('',#2040,.T.);
#2040 = EDGE_LOOP('',(#2041,#2052,#2061,#2068));
#2041 = ORIENTED_EDGE('',*,*,#2042,.F.);
#2042 = EDGE_CURVE('',#2043,#2007,#2045,.T.);
#2043 = VERTEX_POINT('',#2044);
#2044 = CARTESIAN_POINT('',(8.976897412858,6.379062759269,5.679065083713
    ));
#2045 = B_SPLINE_CURVE_WITH_KNOTS('',3,(#2046,#2047,#2048,#2049,#2050,
    #2051),.UNSPECIFIED.,.F.,.F.,(4,2,4),(3.520921088895E-13,
    2.833862364401E-04,5.667724725281E-04),.UNSPECIFIED.);
#2046 = CARTESIAN_POINT('',(8.976897412858,6.379062759269,5.679065083713
    ));
#2047 = CARTESIAN_POINT('',(8.976625506911,6.471519156818,5.653980085815
    ));
#2048 = CARTESIAN_POINT('',(8.975706270414,6.556592744917,5.606841196307
    ));
#2049 = CARTESIAN_POINT('',(8.961949539682,6.695801930591,5.479919483544
    ));
#2050 = CARTESIAN_POINT('',(8.948605801385,6.749926634366,5.399714607938
    ));
#2051 = CARTESIAN_POINT('',(8.924099116622,6.782835288288,5.31309743822)
  );
#2052 = ORIENTED_EDGE('',*,*,#2053,.T.);
#2053 = EDGE_CURVE('',#2043,#2054,#2056,.T.);
#2054 = VERTEX_POINT('',#2055);
#2055 = CARTESIAN_POINT('',(8.958155914341,6.384612859942,5.465433459297
    ));
#2056 = ( BOUNDED_CURVE() B_SPLINE_CURVE(3,(#2057,#2058,#2059,#2060),
.UNSPECIFIED.,.F.,.F.) B_SPLINE_CURVE_WITH_KNOTS((4,4),(3.152431614608,
3.305761861899),.PIECEWISE_BEZIER_KNOTS.) CURVE() 
GEOMETRIC_REPRESENTATION_ITEM() RATIONAL_B_SPLINE_CURVE((1.,
0.998041779014,0.998041779014,1.)) REPRESENTATION_ITEM('') );
#2057 = CARTESIAN_POINT('',(8.976897412858,6.379062759269,5.679065083713
    ));
#2058 = CARTESIAN_POINT('',(8.97612109508,6.379292657739,5.6074449925));
#2059 = CARTESIAN_POINT('',(8.969861671573,6.381146321179,5.536094731449
    ));
#2060 = CARTESIAN_POINT('',(8.958155914341,6.384612859942,5.465433459297
    ));
#2061 = ORIENTED_EDGE('',*,*,#2062,.F.);
#2062 = EDGE_CURVE('',#2016,#2054,#2063,.T.);
#2063 = B_SPLINE_CURVE_WITH_KNOTS('',3,(#2064,#2065,#2066,#2067),
  .UNSPECIFIED.,.F.,.F.,(4,4),(1.226634733347E-18,2.372961508611E-04),
  .PIECEWISE_BEZIER_KNOTS.);
#2064 = CARTESIAN_POINT('',(8.924099116622,6.560463200156,5.31309743822)
  );
#2065 = CARTESIAN_POINT('',(8.942782050534,6.518894125889,5.379130966344
    ));
#2066 = CARTESIAN_POINT('',(8.952762705848,6.457752998432,5.432877601039
    ));
#2067 = CARTESIAN_POINT('',(8.958155914341,6.384612859942,5.465433459297
    ));
#2068 = ORIENTED_EDGE('',*,*,#2015,.F.);
#2069 = CYLINDRICAL_SURFACE('',#2070,1.4);
#2070 = AXIS2_PLACEMENT_3D('',#2071,#2072,#2073);
#2071 = CARTESIAN_POINT('',(7.576979650207,6.66916611405,5.694239332015)
  );
#2072 = DIRECTION('',(0.,1.,0.));
#2073 = DIRECTION('',(0.,-0.,1.));
#2074 = ADVANCED_FACE('',(#2075),#2106,.T.);
#2075 = FACE_BOUND('',#2076,.T.);
#2076 = EDGE_LOOP('',(#2077,#2078,#2087,#2088,#2099));
#2077 = ORIENTED_EDGE('',*,*,#1433,.F.);
#2078 = ORIENTED_EDGE('',*,*,#2079,.T.);
#2079 = EDGE_CURVE('',#1434,#1804,#2080,.T.);
#2080 = B_SPLINE_CURVE_WITH_KNOTS('',3,(#2081,#2082,#2083,#2084,#2085,
    #2086),.UNSPECIFIED.,.F.,.F.,(4,2,4),(3.576224061345E-18,
    1.520665957082E-04,3.041331914164E-04),.UNSPECIFIED.);
#2081 = CARTESIAN_POINT('',(5.937107388569,4.65,9.314249409998));
#2082 = CARTESIAN_POINT('',(5.94088909988,4.65,9.365540160508));
#2083 = CARTESIAN_POINT('',(5.965707655754,4.65,9.413932751394));
#2084 = CARTESIAN_POINT('',(6.04186856831,4.65,9.481228347016));
#2085 = CARTESIAN_POINT('',(6.092610859955,4.65,9.5));
#2086 = CARTESIAN_POINT('',(6.143990033716,4.65,9.5));
#2087 = ORIENTED_EDGE('',*,*,#1801,.F.);
#2088 = ORIENTED_EDGE('',*,*,#2089,.T.);
#2089 = EDGE_CURVE('',#1802,#2090,#2092,.T.);
#2090 = VERTEX_POINT('',#2091);
#2091 = CARTESIAN_POINT('',(9.062892611431,4.65,9.314249409998));
#2092 = B_SPLINE_CURVE_WITH_KNOTS('',3,(#2093,#2094,#2095,#2096,#2097,
    #2098),.UNSPECIFIED.,.F.,.F.,(4,2,4),(1.734723475977E-18,
    1.521198112225E-04,3.042396224449E-04),.UNSPECIFIED.);
#2093 = CARTESIAN_POINT('',(8.856009966284,4.65,9.5));
#2094 = CARTESIAN_POINT('',(8.907431421379,4.65,9.5));
#2095 = CARTESIAN_POINT('',(8.957786553235,4.65,9.481490714224));
#2096 = CARTESIAN_POINT('',(9.0344476046,4.65,9.413837825582));
#2097 = CARTESIAN_POINT('',(9.05910722065,4.65,9.365590064581));
#2098 = CARTESIAN_POINT('',(9.062892611431,4.65,9.314249409998));
#2099 = ORIENTED_EDGE('',*,*,#2100,.F.);
#2100 = EDGE_CURVE('',#1436,#2090,#2101,.T.);
#2101 = CIRCLE('',#2102,1.613267899286);
#2102 = AXIS2_PLACEMENT_3D('',#2103,#2104,#2105);
#2103 = CARTESIAN_POINT('',(7.5,4.25,9.314249409998));
#2104 = DIRECTION('',(0.,0.,-1.));
#2105 = DIRECTION('',(0.,-1.,0.));
#2106 = TOROIDAL_SURFACE('',#2107,1.41377615932,0.2);
#2107 = AXIS2_PLACEMENT_3D('',#2108,#2109,#2110);
#2108 = CARTESIAN_POINT('',(7.5,4.25,9.3));
#2109 = DIRECTION('',(0.,0.,1.));
#2110 = DIRECTION('',(0.,-1.,0.));
#2111 = ADVANCED_FACE('',(#2112),#2135,.T.);
#2112 = FACE_BOUND('',#2113,.T.);
#2113 = EDGE_LOOP('',(#2114,#2122,#2131,#2132,#2133,#2134));
#2114 = ORIENTED_EDGE('',*,*,#2115,.T.);
#2115 = EDGE_CURVE('',#1486,#2116,#2118,.T.);
#2116 = VERTEX_POINT('',#2117);
#2117 = CARTESIAN_POINT('',(9.100781059358,4.65,8.8));
#2118 = LINE('',#2119,#2120);
#2119 = CARTESIAN_POINT('',(5.8,4.65,8.8));
#2120 = VECTOR('',#2121,1.);
#2121 = DIRECTION('',(1.,2.232180943353E-16,0.));
#2122 = ORIENTED_EDGE('',*,*,#2123,.F.);
#2123 = EDGE_CURVE('',#2090,#2116,#2124,.T.);
#2124 = B_SPLINE_CURVE_WITH_KNOTS('',3,(#2125,#2126,#2127,#2128,#2129,
    #2130),.UNSPECIFIED.,.F.,.F.,(4,2,4),(0.,0.455603274493,1.),
  .UNSPECIFIED.);
#2125 = CARTESIAN_POINT('',(9.062892611431,4.65,9.314249409998));
#2126 = CARTESIAN_POINT('',(9.06865081475,4.65,9.236151811974));
#2127 = CARTESIAN_POINT('',(9.074407072549,4.65,9.158054070484));
#2128 = CARTESIAN_POINT('',(9.087037305134,4.65,8.98663765568));
#2129 = CARTESIAN_POINT('',(9.093910474794,4.65,8.893318922984));
#2130 = CARTESIAN_POINT('',(9.100781059358,4.65,8.8));
#2131 = ORIENTED_EDGE('',*,*,#2089,.F.);
#2132 = ORIENTED_EDGE('',*,*,#1812,.F.);
#2133 = ORIENTED_EDGE('',*,*,#2079,.F.);
#2134 = ORIENTED_EDGE('',*,*,#1494,.F.);
#2135 = PLANE('',#2136);
#2136 = AXIS2_PLACEMENT_3D('',#2137,#2138,#2139);
#2137 = CARTESIAN_POINT('',(5.8,4.65,8.8));
#2138 = DIRECTION('',(2.232180943353E-16,-1.,0.));
#2139 = DIRECTION('',(1.,2.232180943353E-16,0.));
#2140 = ADVANCED_FACE('',(#2141),#2160,.F.);
#2141 = FACE_BOUND('',#2142,.T.);
#2142 = EDGE_LOOP('',(#2143,#2144,#2152,#2159));
#2143 = ORIENTED_EDGE('',*,*,#1485,.T.);
#2144 = ORIENTED_EDGE('',*,*,#2145,.F.);
#2145 = EDGE_CURVE('',#2146,#1475,#2148,.T.);
#2146 = VERTEX_POINT('',#2147);
#2147 = CARTESIAN_POINT('',(9.100781059358,3.85,8.8));
#2148 = LINE('',#2149,#2150);
#2149 = CARTESIAN_POINT('',(9.2,3.85,8.8));
#2150 = VECTOR('',#2151,1.);
#2151 = DIRECTION('',(-1.,-5.580452358381E-16,0.));
#2152 = ORIENTED_EDGE('',*,*,#2153,.T.);
#2153 = EDGE_CURVE('',#2146,#2116,#2154,.T.);
#2154 = CIRCLE('',#2155,1.65);
#2155 = AXIS2_PLACEMENT_3D('',#2156,#2157,#2158);
#2156 = CARTESIAN_POINT('',(7.5,4.25,8.8));
#2157 = DIRECTION('',(0.,-0.,1.));
#2158 = DIRECTION('',(0.,1.,0.));
#2159 = ORIENTED_EDGE('',*,*,#2115,.F.);
#2160 = PLANE('',#2161);
#2161 = AXIS2_PLACEMENT_3D('',#2162,#2163,#2164);
#2162 = CARTESIAN_POINT('',(5.8,3.85,8.8));
#2163 = DIRECTION('',(0.,0.,-1.));
#2164 = DIRECTION('',(0.,1.,0.));
#2165 = ADVANCED_FACE('',(#2166),#2192,.T.);
#2166 = FACE_BOUND('',#2167,.T.);
#2167 = EDGE_LOOP('',(#2168,#2169,#2170,#2181,#2190,#2191));
#2168 = ORIENTED_EDGE('',*,*,#1572,.F.);
#2169 = ORIENTED_EDGE('',*,*,#1836,.F.);
#2170 = ORIENTED_EDGE('',*,*,#2171,.F.);
#2171 = EDGE_CURVE('',#2172,#1828,#2174,.T.);
#2172 = VERTEX_POINT('',#2173);
#2173 = CARTESIAN_POINT('',(9.062892611435,3.85,9.314249409999));
#2174 = B_SPLINE_CURVE_WITH_KNOTS('',3,(#2175,#2176,#2177,#2178,#2179,
    #2180),.UNSPECIFIED.,.F.,.F.,(4,2,4),(5.717775942841E-16,
    1.520665957078E-04,3.04133191415E-04),.UNSPECIFIED.);
#2175 = CARTESIAN_POINT('',(9.062892611435,3.85,9.314249409999));
#2176 = CARTESIAN_POINT('',(9.05911090012,3.85,9.365540160509));
#2177 = CARTESIAN_POINT('',(9.034292344245,3.85,9.413932751395));
#2178 = CARTESIAN_POINT('',(8.958131431689,3.85,9.481228347016));
#2179 = CARTESIAN_POINT('',(8.907389140045,3.85,9.5));
#2180 = CARTESIAN_POINT('',(8.856009966284,3.85,9.5));
#2181 = ORIENTED_EDGE('',*,*,#2182,.F.);
#2182 = EDGE_CURVE('',#2146,#2172,#2183,.T.);
#2183 = B_SPLINE_CURVE_WITH_KNOTS('',3,(#2184,#2185,#2186,#2187,#2188,
    #2189),.UNSPECIFIED.,.F.,.F.,(4,2,4),(0.,0.544396723562,1.),
  .UNSPECIFIED.);
#2184 = CARTESIAN_POINT('',(9.100781059358,3.85,8.8));
#2185 = CARTESIAN_POINT('',(9.093910474794,3.85,8.893318922984));
#2186 = CARTESIAN_POINT('',(9.087037305134,3.85,8.98663765568));
#2187 = CARTESIAN_POINT('',(9.074407072549,3.85,9.158054070484));
#2188 = CARTESIAN_POINT('',(9.068650814758,3.85,9.236151811976));
#2189 = CARTESIAN_POINT('',(9.062892611435,3.85,9.314249409999));
#2190 = ORIENTED_EDGE('',*,*,#2145,.T.);
#2191 = ORIENTED_EDGE('',*,*,#1474,.F.);
#2192 = PLANE('',#2193);
#2193 = AXIS2_PLACEMENT_3D('',#2194,#2195,#2196);
#2194 = CARTESIAN_POINT('',(9.2,3.85,8.8));
#2195 = DIRECTION('',(-5.580452358381E-16,1.,0.));
#2196 = DIRECTION('',(-1.,-5.580452358381E-16,0.));
#2197 = ADVANCED_FACE('',(#2198),#2210,.T.);
#2198 = FACE_BOUND('',#2199,.T.);
#2199 = EDGE_LOOP('',(#2200,#2201,#2208,#2209));
#2200 = ORIENTED_EDGE('',*,*,#1554,.F.);
#2201 = ORIENTED_EDGE('',*,*,#2202,.F.);
#2202 = EDGE_CURVE('',#2172,#1458,#2203,.T.);
#2203 = CIRCLE('',#2204,1.613267899286);
#2204 = AXIS2_PLACEMENT_3D('',#2205,#2206,#2207);
#2205 = CARTESIAN_POINT('',(7.5,4.25,9.314249409998));
#2206 = DIRECTION('',(0.,0.,-1.));
#2207 = DIRECTION('',(0.,-1.,0.));
#2208 = ORIENTED_EDGE('',*,*,#2171,.T.);
#2209 = ORIENTED_EDGE('',*,*,#1827,.F.);
#2210 = TOROIDAL_SURFACE('',#2211,1.41377615932,0.2);
#2211 = AXIS2_PLACEMENT_3D('',#2212,#2213,#2214);
#2212 = CARTESIAN_POINT('',(7.5,4.25,9.3));
#2213 = DIRECTION('',(0.,0.,1.));
#2214 = DIRECTION('',(0.,-1.,0.));
#2215 = ADVANCED_FACE('',(#2216),#2228,.F.);
#2216 = FACE_BOUND('',#2217,.F.);
#2217 = EDGE_LOOP('',(#2218,#2219,#2220,#2227));
#2218 = ORIENTED_EDGE('',*,*,#1856,.F.);
#2219 = ORIENTED_EDGE('',*,*,#1511,.F.);
#2220 = ORIENTED_EDGE('',*,*,#2221,.F.);
#2221 = EDGE_CURVE('',#1531,#1512,#2222,.T.);
#2222 = CIRCLE('',#2223,1.4);
#2223 = AXIS2_PLACEMENT_3D('',#2224,#2225,#2226);
#2224 = CARTESIAN_POINT('',(7.5,6.25,2.75));
#2225 = DIRECTION('',(0.,1.,0.));
#2226 = DIRECTION('',(0.,-0.,1.));
#2227 = ORIENTED_EDGE('',*,*,#1530,.T.);
#2228 = CYLINDRICAL_SURFACE('',#2229,1.4);
#2229 = AXIS2_PLACEMENT_3D('',#2230,#2231,#2232);
#2230 = CARTESIAN_POINT('',(7.5,9.55,2.75));
#2231 = DIRECTION('',(0.,-1.,0.));
#2232 = DIRECTION('',(0.,0.,-1.));
#2233 = ADVANCED_FACE('',(#2234),#2266,.T.);
#2234 = FACE_BOUND('',#2235,.T.);
#2235 = EDGE_LOOP('',(#2236,#2245,#2258,#2265));
#2236 = ORIENTED_EDGE('',*,*,#2237,.F.);
#2237 = EDGE_CURVE('',#2238,#2043,#2240,.T.);
#2238 = VERTEX_POINT('',#2239);
#2239 = CARTESIAN_POINT('',(9.006141391222,6.25,5.699344090454));
#2240 = B_SPLINE_CURVE_WITH_KNOTS('',3,(#2241,#2242,#2243,#2244),
  .UNSPECIFIED.,.F.,.F.,(4,4),(8.673617379884E-19,1.342552420933E-04),
  .PIECEWISE_BEZIER_KNOTS.);
#2241 = CARTESIAN_POINT('',(9.006141391222,6.25,5.699344090454));
#2242 = CARTESIAN_POINT('',(8.986631418592,6.290959451148,5.697427312629
    ));
#2243 = CARTESIAN_POINT('',(8.977026237062,6.335242411119,5.690954292864
    ));
#2244 = CARTESIAN_POINT('',(8.976897412858,6.379062759269,5.679065083713
    ));
#2245 = ORIENTED_EDGE('',*,*,#2246,.F.);
#2246 = EDGE_CURVE('',#2247,#2238,#2249,.T.);
#2247 = VERTEX_POINT('',#2248);
#2248 = CARTESIAN_POINT('',(8.994607792362,6.25,5.49901546181));
#2249 = B_SPLINE_CURVE_WITH_KNOTS('',3,(#2250,#2251,#2252,#2253,#2254,
    #2255,#2256,#2257),.UNSPECIFIED.,.F.,.F.,(4,2,2,4),(0.,
    0.132669384448,0.494227212632,1.),.UNSPECIFIED.);
#2250 = CARTESIAN_POINT('',(8.994607792362,6.25,5.49901546181));
#2251 = CARTESIAN_POINT('',(8.995650848407,6.25,5.507834059304));
#2252 = CARTESIAN_POINT('',(8.996623964659,6.25,5.516661212399));
#2253 = CARTESIAN_POINT('',(8.999986798161,6.25,5.549568022095));
#2254 = CARTESIAN_POINT('',(9.001925068378,6.25,5.573699898803));
#2255 = CARTESIAN_POINT('',(9.005306635627,6.25,5.631641418841));
#2256 = CARTESIAN_POINT('',(9.006245792511,6.25,5.665502260968));
#2257 = CARTESIAN_POINT('',(9.006141391222,6.25,5.699344090454));
#2258 = ORIENTED_EDGE('',*,*,#2259,.F.);
#2259 = EDGE_CURVE('',#2054,#2247,#2260,.T.);
#2260 = B_SPLINE_CURVE_WITH_KNOTS('',3,(#2261,#2262,#2263,#2264),
  .UNSPECIFIED.,.F.,.F.,(4,4),(1.710293213781E-13,1.44093913214E-04),
  .PIECEWISE_BEZIER_KNOTS.);
#2261 = CARTESIAN_POINT('',(8.958155914341,6.384612859942,5.465433459297
    ));
#2262 = CARTESIAN_POINT('',(8.961427646674,6.340242470896,5.485183436964
    ));
#2263 = CARTESIAN_POINT('',(8.972678822245,6.293409039679,5.495964165887
    ));
#2264 = CARTESIAN_POINT('',(8.994607792362,6.25,5.49901546181));
#2265 = ORIENTED_EDGE('',*,*,#2053,.F.);
#2266 = ( BOUNDED_SURFACE() B_SPLINE_SURFACE(3,2,(
    (#2267,#2268,#2269)
    ,(#2270,#2271,#2272)
    ,(#2273,#2274,#2275)
    ,(#2276,#2277,#2278
)),.UNSPECIFIED.,.F.,.F.,.F.) B_SPLINE_SURFACE_WITH_KNOTS((4,4),(3,3),(
    0.,1.),(0.,1.),.PIECEWISE_BEZIER_KNOTS.) 
GEOMETRIC_REPRESENTATION_ITEM() RATIONAL_B_SPLINE_SURFACE((
    (1.,0.786426229081,1.)
    ,(1.,0.786447520636,1.)
    ,(1.,0.786104704459,1.)
,(1.,0.785401310141,1.))) REPRESENTATION_ITEM('') SURFACE() );
#2267 = CARTESIAN_POINT('',(9.2058781952,6.0875858647,5.702659885757));
#2268 = CARTESIAN_POINT('',(8.976961065803,6.143414106836,5.70145854279)
  );
#2269 = CARTESIAN_POINT('',(8.976962475704,6.379043491582,5.701173905685
    ));
#2270 = CARTESIAN_POINT('',(9.206355740441,6.087469401107,5.60625091035)
  );
#2271 = CARTESIAN_POINT('',(8.97738661409,6.143310324245,5.618805837179)
  );
#2272 = CARTESIAN_POINT('',(8.977355748483,6.378927027923,5.621778233684
    ));
#2273 = CARTESIAN_POINT('',(9.198613071925,6.089357680826,5.50981003467)
  );
#2274 = CARTESIAN_POINT('',(8.97047185608,6.144996693393,5.536046900691)
  );
#2275 = CARTESIAN_POINT('',(8.97097944287,6.380815304788,5.542356440406)
  );
#2276 = CARTESIAN_POINT('',(9.182760555149,6.093223787951,5.414712066095
    ));
#2277 = CARTESIAN_POINT('',(8.956366702912,6.148436653996,5.454695792914
    ));
#2278 = CARTESIAN_POINT('',(8.957924419191,6.384681414833,5.46404040714)
  );
#2279 = ADVANCED_FACE('',(#2280),#2303,.F.);
#2280 = FACE_BOUND('',#2281,.F.);
#2281 = EDGE_LOOP('',(#2282,#2283,#2284,#2285,#2286,#2287,#2296,#2302));
#2282 = ORIENTED_EDGE('',*,*,#2062,.F.);
#2283 = ORIENTED_EDGE('',*,*,#2023,.T.);
#2284 = ORIENTED_EDGE('',*,*,#1880,.F.);
#2285 = ORIENTED_EDGE('',*,*,#1948,.F.);
#2286 = ORIENTED_EDGE('',*,*,#1903,.F.);
#2287 = ORIENTED_EDGE('',*,*,#2288,.F.);
#2288 = EDGE_CURVE('',#2289,#1904,#2291,.T.);
#2289 = VERTEX_POINT('',#2290);
#2290 = CARTESIAN_POINT('',(6.005392207408,6.25,5.499015461809));
#2291 = B_SPLINE_CURVE_WITH_KNOTS('',3,(#2292,#2293,#2294,#2295),
  .UNSPECIFIED.,.F.,.F.,(4,4),(0.,1.440220723376E-04),
  .PIECEWISE_BEZIER_KNOTS.);
#2292 = CARTESIAN_POINT('',(6.005392207408,6.25,5.499015461809));
#2293 = CARTESIAN_POINT('',(6.02732604881,6.293418682401,5.495963488082)
  );
#2294 = CARTESIAN_POINT('',(6.038569758004,6.340207273983,5.48519910368)
  );
#2295 = CARTESIAN_POINT('',(6.041844085659,6.384612859942,5.465433459297
    ));
#2296 = ORIENTED_EDGE('',*,*,#2297,.F.);
#2297 = EDGE_CURVE('',#2247,#2289,#2298,.T.);
#2298 = LINE('',#2299,#2300);
#2299 = CARTESIAN_POINT('',(4.5,6.25,5.499015461809));
#2300 = VECTOR('',#2301,1.);
#2301 = DIRECTION('',(-1.,0.,0.));
#2302 = ORIENTED_EDGE('',*,*,#2259,.F.);
#2303 = CYLINDRICAL_SURFACE('',#2304,0.4);
#2304 = AXIS2_PLACEMENT_3D('',#2305,#2306,#2307);
#2305 = CARTESIAN_POINT('',(4.5,6.221952518162,5.1));
#2306 = DIRECTION('',(1.,0.,0.));
#2307 = DIRECTION('',(0.,0.,-1.));
#2308 = ADVANCED_FACE('',(#2309),#2333,.T.);
#2309 = FACE_BOUND('',#2310,.T.);
#2310 = EDGE_LOOP('',(#2311,#2324,#2331,#2332));
#2311 = ORIENTED_EDGE('',*,*,#2312,.F.);
#2312 = EDGE_CURVE('',#2313,#2289,#2315,.T.);
#2313 = VERTEX_POINT('',#2314);
#2314 = CARTESIAN_POINT('',(5.993858608708,6.25,5.699344090454));
#2315 = B_SPLINE_CURVE_WITH_KNOTS('',3,(#2316,#2317,#2318,#2319,#2320,
    #2321,#2322,#2323),.UNSPECIFIED.,.F.,.F.,(4,2,2,4),(0.,
    0.358278341081,0.719821059757,1.),.UNSPECIFIED.);
#2316 = CARTESIAN_POINT('',(5.993858608708,6.25,5.699344090454));
#2317 = CARTESIAN_POINT('',(5.993784637128,6.25,5.675366343103));
#2318 = CARTESIAN_POINT('',(5.994234246268,6.25,5.651381332703));
#2319 = CARTESIAN_POINT('',(5.996182525918,6.25,5.603246506037));
#2320 = CARTESIAN_POINT('',(5.997691185957,6.25,5.579085650508));
#2321 = CARTESIAN_POINT('',(6.001299467198,6.25,5.536292564213));
#2322 = CARTESIAN_POINT('',(6.003189994461,6.25,5.517634239044));
#2323 = CARTESIAN_POINT('',(6.005392207408,6.25,5.499015461809));
#2324 = ORIENTED_EDGE('',*,*,#2325,.F.);
#2325 = EDGE_CURVE('',#1915,#2313,#2326,.T.);
#2326 = B_SPLINE_CURVE_WITH_KNOTS('',3,(#2327,#2328,#2329,#2330),
  .UNSPECIFIED.,.F.,.F.,(4,4),(4.846770490012E-11,1.342749659831E-04),
  .PIECEWISE_BEZIER_KNOTS.);
#2327 = CARTESIAN_POINT('',(6.023102587142,6.379062759269,5.679065083714
    ));
#2328 = CARTESIAN_POINT('',(6.022973818607,6.335261421013,5.690949135155
    ));
#2329 = CARTESIAN_POINT('',(6.013368696354,6.290959692734,5.697427301324
    ));
#2330 = CARTESIAN_POINT('',(5.993858608708,6.25,5.699344090454));
#2331 = ORIENTED_EDGE('',*,*,#1914,.F.);
#2332 = ORIENTED_EDGE('',*,*,#2288,.F.);
#2333 = ( BOUNDED_SURFACE() B_SPLINE_SURFACE(3,2,(
    (#2334,#2335,#2336)
    ,(#2337,#2338,#2339)
    ,(#2340,#2341,#2342)
    ,(#2343,#2344,#2345
)),.UNSPECIFIED.,.F.,.F.,.F.) B_SPLINE_SURFACE_WITH_KNOTS((4,4),(3,3),(
    0.,1.),(0.,1.),.PIECEWISE_BEZIER_KNOTS.) 
GEOMETRIC_REPRESENTATION_ITEM() RATIONAL_B_SPLINE_SURFACE((
    (1.,0.78642623375,1.)
    ,(1.,0.78644747018,1.)
    ,(1.,0.786104652925,1.)
,(1.,0.785401311068,1.))) REPRESENTATION_ITEM('') SURFACE() );
#2334 = CARTESIAN_POINT('',(6.023037437513,6.379043465882,5.701156363462
    ));
#2335 = CARTESIAN_POINT('',(6.02303884029,6.143414083934,5.701440280543)
  );
#2336 = CARTESIAN_POINT('',(5.794121699421,6.087585839,5.702638584487));
#2337 = CARTESIAN_POINT('',(6.022645188654,6.378927305446,5.621766569588
    ));
#2338 = CARTESIAN_POINT('',(6.022614399924,6.143310571542,5.61879368804)
  );
#2339 = CARTESIAN_POINT('',(5.79364539751,6.087469678631,5.606236746785)
  );
#2340 = CARTESIAN_POINT('',(6.029021513129,6.380815587897,5.542350741529
    ));
#2341 = CARTESIAN_POINT('',(6.029529175873,6.144996945065,5.536040986461
    ));
#2342 = CARTESIAN_POINT('',(5.801388088927,6.089357963934,5.509803114629
    ));
#2343 = CARTESIAN_POINT('',(6.042075563605,6.384681409738,5.464040510342
    ));
#2344 = CARTESIAN_POINT('',(6.043633278485,6.148436649459,5.454695900212
    ));
#2345 = CARTESIAN_POINT('',(5.817239423961,6.093223782856,5.414712191412
    ));
#2346 = ADVANCED_FACE('',(#2347),#2362,.T.);
#2347 = FACE_BOUND('',#2348,.T.);
#2348 = EDGE_LOOP('',(#2349,#2355,#2356,#2357,#2358,#2359,#2360,#2361));
#2349 = ORIENTED_EDGE('',*,*,#2350,.F.);
#2350 = EDGE_CURVE('',#2238,#2313,#2351,.T.);
#2351 = LINE('',#2352,#2353);
#2352 = CARTESIAN_POINT('',(4.5,6.25,5.699344090454));
#2353 = VECTOR('',#2354,1.);
#2354 = DIRECTION('',(-1.,0.,0.));
#2355 = ORIENTED_EDGE('',*,*,#2237,.T.);
#2356 = ORIENTED_EDGE('',*,*,#2042,.T.);
#2357 = ORIENTED_EDGE('',*,*,#2006,.F.);
#2358 = ORIENTED_EDGE('',*,*,#1992,.F.);
#2359 = ORIENTED_EDGE('',*,*,#1956,.T.);
#2360 = ORIENTED_EDGE('',*,*,#1923,.T.);
#2361 = ORIENTED_EDGE('',*,*,#2325,.T.);
#2362 = CYLINDRICAL_SURFACE('',#2363,0.6);
#2363 = AXIS2_PLACEMENT_3D('',#2364,#2365,#2366);
#2364 = CARTESIAN_POINT('',(4.5,6.221952518162,5.1));
#2365 = DIRECTION('',(1.,0.,0.));
#2366 = DIRECTION('',(0.,0.,-1.));
#2367 = ADVANCED_FACE('',(#2368),#2378,.T.);
#2368 = FACE_BOUND('',#2369,.T.);
#2369 = EDGE_LOOP('',(#2370,#2371,#2372,#2373,#2374,#2375,#2376,#2377));
#2370 = ORIENTED_EDGE('',*,*,#1444,.F.);
#2371 = ORIENTED_EDGE('',*,*,#2100,.T.);
#2372 = ORIENTED_EDGE('',*,*,#2123,.T.);
#2373 = ORIENTED_EDGE('',*,*,#2153,.F.);
#2374 = ORIENTED_EDGE('',*,*,#2182,.T.);
#2375 = ORIENTED_EDGE('',*,*,#2202,.T.);
#2376 = ORIENTED_EDGE('',*,*,#1457,.T.);
#2377 = ORIENTED_EDGE('',*,*,#1409,.T.);
#2378 = CONICAL_SURFACE('',#2379,1.6,7.130746470381E-02);
#2379 = AXIS2_PLACEMENT_3D('',#2380,#2381,#2382);
#2380 = CARTESIAN_POINT('',(7.5,4.25,9.5));
#2381 = DIRECTION('',(0.,0.,-1.));
#2382 = DIRECTION('',(0.,-1.,0.));
#2383 = ADVANCED_FACE('',(#2384,#2418,#2424),#2428,.T.);
#2384 = FACE_BOUND('',#2385,.T.);
#2385 = EDGE_LOOP('',(#2386,#2396,#2404,#2412));
#2386 = ORIENTED_EDGE('',*,*,#2387,.F.);
#2387 = EDGE_CURVE('',#2388,#2390,#2392,.T.);
#2388 = VERTEX_POINT('',#2389);
#2389 = CARTESIAN_POINT('',(5.45,6.25,0.65));
#2390 = VERTEX_POINT('',#2391);
#2391 = CARTESIAN_POINT('',(9.55,6.25,0.65));
#2392 = LINE('',#2393,#2394);
#2393 = CARTESIAN_POINT('',(9.55,6.25,0.65));
#2394 = VECTOR('',#2395,1.);
#2395 = DIRECTION('',(1.,0.,0.));
#2396 = ORIENTED_EDGE('',*,*,#2397,.F.);
#2397 = EDGE_CURVE('',#2398,#2388,#2400,.T.);
#2398 = VERTEX_POINT('',#2399);
#2399 = CARTESIAN_POINT('',(5.45,6.25,5.7));
#2400 = LINE('',#2401,#2402);
#2401 = CARTESIAN_POINT('',(5.45,6.25,5.8));
#2402 = VECTOR('',#2403,1.);
#2403 = DIRECTION('',(-5.15264398805E-16,0.,-1.));
#2404 = ORIENTED_EDGE('',*,*,#2405,.F.);
#2405 = EDGE_CURVE('',#2406,#2398,#2408,.T.);
#2406 = VERTEX_POINT('',#2407);
#2407 = CARTESIAN_POINT('',(9.55,6.25,5.7));
#2408 = LINE('',#2409,#2410);
#2409 = CARTESIAN_POINT('',(-4.55,6.25,5.7));
#2410 = VECTOR('',#2411,1.);
#2411 = DIRECTION('',(-1.,0.,0.));
#2412 = ORIENTED_EDGE('',*,*,#2413,.F.);
#2413 = EDGE_CURVE('',#2390,#2406,#2414,.T.);
#2414 = LINE('',#2415,#2416);
#2415 = CARTESIAN_POINT('',(9.55,6.25,5.7));
#2416 = VECTOR('',#2417,1.);
#2417 = DIRECTION('',(0.,0.,1.));
#2418 = FACE_BOUND('',#2419,.T.);
#2419 = EDGE_LOOP('',(#2420,#2421,#2422,#2423));
#2420 = ORIENTED_EDGE('',*,*,#2350,.T.);
#2421 = ORIENTED_EDGE('',*,*,#2312,.T.);
#2422 = ORIENTED_EDGE('',*,*,#2297,.F.);
#2423 = ORIENTED_EDGE('',*,*,#2246,.T.);
#2424 = FACE_BOUND('',#2425,.T.);
#2425 = EDGE_LOOP('',(#2426,#2427));
#2426 = ORIENTED_EDGE('',*,*,#1538,.F.);
#2427 = ORIENTED_EDGE('',*,*,#2221,.F.);
#2428 = PLANE('',#2429);
#2429 = AXIS2_PLACEMENT_3D('',#2430,#2431,#2432);
#2430 = CARTESIAN_POINT('',(7.5,6.25,0.75));
#2431 = DIRECTION('',(0.,1.,0.));
#2432 = DIRECTION('',(0.,-0.,1.));
#2433 = ADVANCED_FACE('',(#2434),#2446,.T.);
#2434 = FACE_BOUND('',#2435,.T.);
#2435 = EDGE_LOOP('',(#2436,#2437,#2444,#2445));
#2436 = ORIENTED_EDGE('',*,*,#1400,.F.);
#2437 = ORIENTED_EDGE('',*,*,#2438,.F.);
#2438 = EDGE_CURVE('',#1392,#1390,#2439,.T.);
#2439 = CIRCLE('',#2440,1.6);
#2440 = AXIS2_PLACEMENT_3D('',#2441,#2442,#2443);
#2441 = CARTESIAN_POINT('',(7.5,4.25,8.));
#2442 = DIRECTION('',(0.,0.,-1.));
#2443 = DIRECTION('',(0.,-1.,0.));
#2444 = ORIENTED_EDGE('',*,*,#1418,.T.);
#2445 = ORIENTED_EDGE('',*,*,#1450,.F.);
#2446 = TOROIDAL_SURFACE('',#2447,1.6,0.1);
#2447 = AXIS2_PLACEMENT_3D('',#2448,#2449,#2450);
#2448 = CARTESIAN_POINT('',(7.5,4.25,8.1));
#2449 = DIRECTION('',(0.,0.,1.));
#2450 = DIRECTION('',(0.,-1.,0.));
#2451 = ADVANCED_FACE('',(#2452),#2462,.T.);
#2452 = FACE_BOUND('',#2453,.T.);
#2453 = EDGE_LOOP('',(#2454,#2461));
#2454 = ORIENTED_EDGE('',*,*,#2455,.T.);
#2455 = EDGE_CURVE('',#1354,#1352,#2456,.T.);
#2456 = CIRCLE('',#2457,0.25);
#2457 = AXIS2_PLACEMENT_3D('',#2458,#2459,#2460);
#2458 = CARTESIAN_POINT('',(7.5,4.25,-4.35));
#2459 = DIRECTION('',(0.,0.,-1.));
#2460 = DIRECTION('',(-1.,0.,0.));
#2461 = ORIENTED_EDGE('',*,*,#1351,.T.);
#2462 = PLANE('',#2463);
#2463 = AXIS2_PLACEMENT_3D('',#2464,#2465,#2466);
#2464 = CARTESIAN_POINT('',(7.5,4.25,-4.35));
#2465 = DIRECTION('',(0.,0.,-1.));
#2466 = DIRECTION('',(-1.,0.,0.));
#2467 = ADVANCED_FACE('',(#2468),#2493,.T.);
#2468 = FACE_BOUND('',#2469,.T.);
#2469 = EDGE_LOOP('',(#2470,#2471,#2479,#2487));
#2470 = ORIENTED_EDGE('',*,*,#2397,.T.);
#2471 = ORIENTED_EDGE('',*,*,#2472,.T.);
#2472 = EDGE_CURVE('',#2388,#2473,#2475,.T.);
#2473 = VERTEX_POINT('',#2474);
#2474 = CARTESIAN_POINT('',(5.45,7.25,0.65));
#2475 = LINE('',#2476,#2477);
#2476 = CARTESIAN_POINT('',(5.45,2.2,0.65));
#2477 = VECTOR('',#2478,1.);
#2478 = DIRECTION('',(0.,1.,0.));
#2479 = ORIENTED_EDGE('',*,*,#2480,.T.);
#2480 = EDGE_CURVE('',#2473,#2481,#2483,.T.);
#2481 = VERTEX_POINT('',#2482);
#2482 = CARTESIAN_POINT('',(5.45,7.25,5.7));
#2483 = LINE('',#2484,#2485);
#2484 = CARTESIAN_POINT('',(5.45,7.25,5.7));
#2485 = VECTOR('',#2486,1.);
#2486 = DIRECTION('',(5.15264398805E-16,0.,1.));
#2487 = ORIENTED_EDGE('',*,*,#2488,.F.);
#2488 = EDGE_CURVE('',#2398,#2481,#2489,.T.);
#2489 = LINE('',#2490,#2491);
#2490 = CARTESIAN_POINT('',(5.45,2.2,5.7));
#2491 = VECTOR('',#2492,1.);
#2492 = DIRECTION('',(0.,1.,0.));
#2493 = PLANE('',#2494);
#2494 = AXIS2_PLACEMENT_3D('',#2495,#2496,#2497);
#2495 = CARTESIAN_POINT('',(5.45,2.2,5.8));
#2496 = DIRECTION('',(1.,0.,-5.15264398805E-16));
#2497 = DIRECTION('',(-5.15264398805E-16,0.,-1.));
#2498 = ADVANCED_FACE('',(#2499),#2517,.T.);
#2499 = FACE_BOUND('',#2500,.T.);
#2500 = EDGE_LOOP('',(#2501,#2509,#2510,#2511));
#2501 = ORIENTED_EDGE('',*,*,#2502,.F.);
#2502 = EDGE_CURVE('',#2406,#2503,#2505,.T.);
#2503 = VERTEX_POINT('',#2504);
#2504 = CARTESIAN_POINT('',(9.55,7.25,5.7));
#2505 = LINE('',#2506,#2507);
#2506 = CARTESIAN_POINT('',(9.55,2.2,5.7));
#2507 = VECTOR('',#2508,1.);
#2508 = DIRECTION('',(0.,1.,0.));
#2509 = ORIENTED_EDGE('',*,*,#2405,.T.);
#2510 = ORIENTED_EDGE('',*,*,#2488,.T.);
#2511 = ORIENTED_EDGE('',*,*,#2512,.T.);
#2512 = EDGE_CURVE('',#2481,#2503,#2513,.T.);
#2513 = LINE('',#2514,#2515);
#2514 = CARTESIAN_POINT('',(9.55,7.25,5.7));
#2515 = VECTOR('',#2516,1.);
#2516 = DIRECTION('',(1.,0.,0.));
#2517 = PLANE('',#2518);
#2518 = AXIS2_PLACEMENT_3D('',#2519,#2520,#2521);
#2519 = CARTESIAN_POINT('',(9.55,2.2,5.7));
#2520 = DIRECTION('',(0.,0.,-1.));
#2521 = DIRECTION('',(-1.,0.,0.));
#2522 = ADVANCED_FACE('',(#2523),#2541,.T.);
#2523 = FACE_BOUND('',#2524,.T.);
#2524 = EDGE_LOOP('',(#2525,#2526,#2527,#2535));
#2525 = ORIENTED_EDGE('',*,*,#2413,.T.);
#2526 = ORIENTED_EDGE('',*,*,#2502,.T.);
#2527 = ORIENTED_EDGE('',*,*,#2528,.T.);
#2528 = EDGE_CURVE('',#2503,#2529,#2531,.T.);
#2529 = VERTEX_POINT('',#2530);
#2530 = CARTESIAN_POINT('',(9.55,7.25,0.65));
#2531 = LINE('',#2532,#2533);
#2532 = CARTESIAN_POINT('',(9.55,7.25,0.65));
#2533 = VECTOR('',#2534,1.);
#2534 = DIRECTION('',(-1.717547996017E-16,0.,-1.));
#2535 = ORIENTED_EDGE('',*,*,#2536,.F.);
#2536 = EDGE_CURVE('',#2390,#2529,#2537,.T.);
#2537 = LINE('',#2538,#2539);
#2538 = CARTESIAN_POINT('',(9.55,2.2,0.65));
#2539 = VECTOR('',#2540,1.);
#2540 = DIRECTION('',(0.,1.,0.));
#2541 = PLANE('',#2542);
#2542 = AXIS2_PLACEMENT_3D('',#2543,#2544,#2545);
#2543 = CARTESIAN_POINT('',(9.55,2.2,0.75));
#2544 = DIRECTION('',(-1.,0.,1.717547996017E-16));
#2545 = DIRECTION('',(1.717547996017E-16,0.,1.));
#2546 = ADVANCED_FACE('',(#2547),#2558,.T.);
#2547 = FACE_BOUND('',#2548,.T.);
#2548 = EDGE_LOOP('',(#2549,#2555,#2556,#2557));
#2549 = ORIENTED_EDGE('',*,*,#2550,.T.);
#2550 = EDGE_CURVE('',#2529,#2473,#2551,.T.);
#2551 = LINE('',#2552,#2553);
#2552 = CARTESIAN_POINT('',(5.45,7.25,0.65));
#2553 = VECTOR('',#2554,1.);
#2554 = DIRECTION('',(-1.,0.,4.231032868236E-16));
#2555 = ORIENTED_EDGE('',*,*,#2472,.F.);
#2556 = ORIENTED_EDGE('',*,*,#2387,.T.);
#2557 = ORIENTED_EDGE('',*,*,#2536,.T.);
#2558 = PLANE('',#2559);
#2559 = AXIS2_PLACEMENT_3D('',#2560,#2561,#2562);
#2560 = CARTESIAN_POINT('',(5.45,2.2,0.65));
#2561 = DIRECTION('',(4.231032868236E-16,0.,1.));
#2562 = DIRECTION('',(1.,0.,-4.231032868236E-16));
#2563 = ADVANCED_FACE('',(#2564,#2568),#2578,.T.);
#2564 = FACE_BOUND('',#2565,.T.);
#2565 = EDGE_LOOP('',(#2566,#2567));
#2566 = ORIENTED_EDGE('',*,*,#2438,.T.);
#2567 = ORIENTED_EDGE('',*,*,#1389,.T.);
#2568 = FACE_BOUND('',#2569,.T.);
#2569 = EDGE_LOOP('',(#2570,#2571));
#2570 = ORIENTED_EDGE('',*,*,#1336,.F.);
#2571 = ORIENTED_EDGE('',*,*,#2572,.F.);
#2572 = EDGE_CURVE('',#1329,#1310,#2573,.T.);
#2573 = CIRCLE('',#2574,1.75);
#2574 = AXIS2_PLACEMENT_3D('',#2575,#2576,#2577);
#2575 = CARTESIAN_POINT('',(7.5,4.25,8.));
#2576 = DIRECTION('',(0.,0.,-1.));
#2577 = DIRECTION('',(1.,0.,0.));
#2578 = PLANE('',#2579);
#2579 = AXIS2_PLACEMENT_3D('',#2580,#2581,#2582);
#2580 = CARTESIAN_POINT('',(139.045,0.878960336775,8.));
#2581 = DIRECTION('',(0.,0.,1.));
#2582 = DIRECTION('',(1.,0.,-0.));
#2583 = ADVANCED_FACE('',(#2584),#2590,.T.);
#2584 = FACE_BOUND('',#2585,.T.);
#2585 = EDGE_LOOP('',(#2586,#2587,#2588,#2589));
#2586 = ORIENTED_EDGE('',*,*,#1362,.F.);
#2587 = ORIENTED_EDGE('',*,*,#2455,.F.);
#2588 = ORIENTED_EDGE('',*,*,#1375,.T.);
#2589 = ORIENTED_EDGE('',*,*,#1286,.F.);
#2590 = CONICAL_SURFACE('',#2591,0.25,0.463647608471);
#2591 = AXIS2_PLACEMENT_3D('',#2592,#2593,#2594);
#2592 = CARTESIAN_POINT('',(7.5,4.25,-4.35));
#2593 = DIRECTION('',(0.,0.,1.));
#2594 = DIRECTION('',(-1.,0.,0.));
#2595 = ADVANCED_FACE('',(#2596),#2630,.T.);
#2596 = FACE_BOUND('',#2597,.T.);
#2597 = EDGE_LOOP('',(#2598,#2608,#2616,#2624));
#2598 = ORIENTED_EDGE('',*,*,#2599,.T.);
#2599 = EDGE_CURVE('',#2600,#2602,#2604,.T.);
#2600 = VERTEX_POINT('',#2601);
#2601 = CARTESIAN_POINT('',(10.,0.95,6.2));
#2602 = VERTEX_POINT('',#2603);
#2603 = CARTESIAN_POINT('',(10.5,0.661324865405,6.2));
#2604 = LINE('',#2605,#2606);
#2605 = CARTESIAN_POINT('',(10.,0.95,6.2));
#2606 = VECTOR('',#2607,1.);
#2607 = DIRECTION('',(0.866025403784,-0.5,0.));
#2608 = ORIENTED_EDGE('',*,*,#2609,.T.);
#2609 = EDGE_CURVE('',#2602,#2610,#2612,.T.);
#2610 = VERTEX_POINT('',#2611);
#2611 = CARTESIAN_POINT('',(10.5,1.838675134595,6.2));
#2612 = LINE('',#2613,#2614);
#2613 = CARTESIAN_POINT('',(10.5,0.886491470389,6.2));
#2614 = VECTOR('',#2615,1.);
#2615 = DIRECTION('',(0.,1.,0.));
#2616 = ORIENTED_EDGE('',*,*,#2617,.T.);
#2617 = EDGE_CURVE('',#2610,#2618,#2620,.T.);
#2618 = VERTEX_POINT('',#2619);
#2619 = CARTESIAN_POINT('',(10.,1.55,6.2));
#2620 = LINE('',#2621,#2622);
#2621 = CARTESIAN_POINT('',(10.305,1.726091832103,6.2));
#2622 = VECTOR('',#2623,1.);
#2623 = DIRECTION('',(-0.866025403784,-0.5,0.));
#2624 = ORIENTED_EDGE('',*,*,#2625,.T.);
#2625 = EDGE_CURVE('',#2618,#2600,#2626,.T.);
#2626 = LINE('',#2627,#2628);
#2627 = CARTESIAN_POINT('',(10.,1.55,6.2));
#2628 = VECTOR('',#2629,1.);
#2629 = DIRECTION('',(0.,-1.,0.));
#2630 = PLANE('',#2631);
#2631 = AXIS2_PLACEMENT_3D('',#2632,#2633,#2634);
#2632 = CARTESIAN_POINT('',(10.37,0.886491470389,6.2));
#2633 = DIRECTION('',(0.,0.,1.));
#2634 = DIRECTION('',(1.,0.,-0.));
#2635 = ADVANCED_FACE('',(#2636),#2661,.T.);
#2636 = FACE_BOUND('',#2637,.T.);
#2637 = EDGE_LOOP('',(#2638,#2646,#2647,#2655));
#2638 = ORIENTED_EDGE('',*,*,#2639,.T.);
#2639 = EDGE_CURVE('',#2640,#2481,#2642,.T.);
#2640 = VERTEX_POINT('',#2641);
#2641 = CARTESIAN_POINT('',(5.25,7.75,5.9));
#2642 = LINE('',#2643,#2644);
#2643 = CARTESIAN_POINT('',(5.965151515152,5.962121212121,5.184848484848
    ));
#2644 = VECTOR('',#2645,1.);
#2645 = DIRECTION('',(0.348155311911,-0.870388279778,-0.348155311911));
#2646 = ORIENTED_EDGE('',*,*,#2480,.F.);
#2647 = ORIENTED_EDGE('',*,*,#2648,.F.);
#2648 = EDGE_CURVE('',#2649,#2473,#2651,.T.);
#2649 = VERTEX_POINT('',#2650);
#2650 = CARTESIAN_POINT('',(5.25,7.75,0.45));
#2651 = LINE('',#2652,#2653);
#2652 = CARTESIAN_POINT('',(6.431818181818,4.795454545455,1.631818181818
    ));
#2653 = VECTOR('',#2654,1.);
#2654 = DIRECTION('',(0.348155311911,-0.870388279778,0.348155311911));
#2655 = ORIENTED_EDGE('',*,*,#2656,.F.);
#2656 = EDGE_CURVE('',#2640,#2649,#2657,.T.);
#2657 = LINE('',#2658,#2659);
#2658 = CARTESIAN_POINT('',(5.25,7.75,0.65));
#2659 = VECTOR('',#2660,1.);
#2660 = DIRECTION('',(-5.15264398805E-16,0.,-1.));
#2661 = PLANE('',#2662);
#2662 = AXIS2_PLACEMENT_3D('',#2663,#2664,#2665);
#2663 = CARTESIAN_POINT('',(5.25,7.75,5.023827888349E-15));
#2664 = DIRECTION('',(0.928476690885,0.371390676354,-4.784109839334E-16)
  );
#2665 = DIRECTION('',(-0.371390676354,0.928476690885,2.465190328816E-32)
  );
#2666 = ADVANCED_FACE('',(#2667),#2685,.T.);
#2667 = FACE_BOUND('',#2668,.T.);
#2668 = EDGE_LOOP('',(#2669,#2677,#2678,#2679));
#2669 = ORIENTED_EDGE('',*,*,#2670,.F.);
#2670 = EDGE_CURVE('',#2503,#2671,#2673,.T.);
#2671 = VERTEX_POINT('',#2672);
#2672 = CARTESIAN_POINT('',(9.75,7.75,5.9));
#2673 = LINE('',#2674,#2675);
#2674 = CARTESIAN_POINT('',(9.034848484848,5.962121212121,5.184848484848
    ));
#2675 = VECTOR('',#2676,1.);
#2676 = DIRECTION('',(0.348155311911,0.870388279778,0.348155311911));
#2677 = ORIENTED_EDGE('',*,*,#2512,.F.);
#2678 = ORIENTED_EDGE('',*,*,#2639,.F.);
#2679 = ORIENTED_EDGE('',*,*,#2680,.F.);
#2680 = EDGE_CURVE('',#2671,#2640,#2681,.T.);
#2681 = LINE('',#2682,#2683);
#2682 = CARTESIAN_POINT('',(5.45,7.75,5.9));
#2683 = VECTOR('',#2684,1.);
#2684 = DIRECTION('',(-1.,0.,0.));
#2685 = PLANE('',#2686);
#2686 = AXIS2_PLACEMENT_3D('',#2687,#2688,#2689);
#2687 = CARTESIAN_POINT('',(15.,7.75,5.9));
#2688 = DIRECTION('',(0.,0.371390676354,-0.928476690885));
#2689 = DIRECTION('',(0.,0.928476690885,0.371390676354));
#2690 = ADVANCED_FACE('',(#2691),#2709,.T.);
#2691 = FACE_BOUND('',#2692,.T.);
#2692 = EDGE_LOOP('',(#2693,#2694,#2702,#2708));
#2693 = ORIENTED_EDGE('',*,*,#2670,.T.);
#2694 = ORIENTED_EDGE('',*,*,#2695,.F.);
#2695 = EDGE_CURVE('',#2696,#2671,#2698,.T.);
#2696 = VERTEX_POINT('',#2697);
#2697 = CARTESIAN_POINT('',(9.75,7.75,0.45));
#2698 = LINE('',#2699,#2700);
#2699 = CARTESIAN_POINT('',(9.75,7.75,5.7));
#2700 = VECTOR('',#2701,1.);
#2701 = DIRECTION('',(1.717547996017E-16,0.,1.));
#2702 = ORIENTED_EDGE('',*,*,#2703,.F.);
#2703 = EDGE_CURVE('',#2529,#2696,#2704,.T.);
#2704 = LINE('',#2705,#2706);
#2705 = CARTESIAN_POINT('',(10.386363636364,9.340909090909,
    -0.186363636364));
#2706 = VECTOR('',#2707,1.);
#2707 = DIRECTION('',(0.348155311911,0.870388279778,-0.348155311911));
#2708 = ORIENTED_EDGE('',*,*,#2528,.F.);
#2709 = PLANE('',#2710);
#2710 = AXIS2_PLACEMENT_3D('',#2711,#2712,#2713);
#2711 = CARTESIAN_POINT('',(9.75,7.75,9.017126979087E-16));
#2712 = DIRECTION('',(-0.928476690885,0.371390676354,1.594703279778E-16)
  );
#2713 = DIRECTION('',(-0.371390676354,-0.928476690885,0.));
#2714 = ADVANCED_FACE('',(#2715),#2726,.T.);
#2715 = FACE_BOUND('',#2716,.T.);
#2716 = EDGE_LOOP('',(#2717,#2718,#2724,#2725));
#2717 = ORIENTED_EDGE('',*,*,#2703,.T.);
#2718 = ORIENTED_EDGE('',*,*,#2719,.F.);
#2719 = EDGE_CURVE('',#2649,#2696,#2720,.T.);
#2720 = LINE('',#2721,#2722);
#2721 = CARTESIAN_POINT('',(9.55,7.75,0.45));
#2722 = VECTOR('',#2723,1.);
#2723 = DIRECTION('',(1.,0.,-4.231032868236E-16));
#2724 = ORIENTED_EDGE('',*,*,#2648,.T.);
#2725 = ORIENTED_EDGE('',*,*,#2550,.F.);
#2726 = PLANE('',#2727);
#2727 = AXIS2_PLACEMENT_3D('',#2728,#2729,#2730);
#2728 = CARTESIAN_POINT('',(15.,7.75,0.45));
#2729 = DIRECTION('',(3.928415396527E-16,0.371390676354,0.928476690885)
  );
#2730 = DIRECTION('',(0.,-0.928476690885,0.371390676354));
#2731 = ADVANCED_FACE('',(#2732),#2744,.F.);
#2732 = FACE_BOUND('',#2733,.F.);
#2733 = EDGE_LOOP('',(#2734,#2741,#2742,#2743));
#2734 = ORIENTED_EDGE('',*,*,#2735,.F.);
#2735 = EDGE_CURVE('',#1312,#1320,#2736,.T.);
#2736 = CIRCLE('',#2737,1.75);
#2737 = AXIS2_PLACEMENT_3D('',#2738,#2739,#2740);
#2738 = CARTESIAN_POINT('',(7.5,4.25,10.));
#2739 = DIRECTION('',(0.,-3.675221047035E-15,1.));
#2740 = DIRECTION('',(0.,-1.,-3.675221047035E-15));
#2741 = ORIENTED_EDGE('',*,*,#1309,.F.);
#2742 = ORIENTED_EDGE('',*,*,#2572,.F.);
#2743 = ORIENTED_EDGE('',*,*,#1328,.T.);
#2744 = CYLINDRICAL_SURFACE('',#2745,1.75);
#2745 = AXIS2_PLACEMENT_3D('',#2746,#2747,#2748);
#2746 = CARTESIAN_POINT('',(7.5,4.25,10.));
#2747 = DIRECTION('',(0.,-3.675221047035E-15,1.));
#2748 = DIRECTION('',(0.,-1.,-3.675221047035E-15));
#2749 = ADVANCED_FACE('',(#2750),#2762,.T.);
#2750 = FACE_BOUND('',#2751,.T.);
#2751 = EDGE_LOOP('',(#2752,#2753,#2760,#2761));
#2752 = ORIENTED_EDGE('',*,*,#1278,.F.);
#2753 = ORIENTED_EDGE('',*,*,#2754,.F.);
#2754 = EDGE_CURVE('',#1270,#1268,#2755,.T.);
#2755 = CIRCLE('',#2756,0.5);
#2756 = AXIS2_PLACEMENT_3D('',#2757,#2758,#2759);
#2757 = CARTESIAN_POINT('',(7.5,4.25,0.));
#2758 = DIRECTION('',(0.,0.,1.));
#2759 = DIRECTION('',(-1.,0.,0.));
#2760 = ORIENTED_EDGE('',*,*,#1295,.T.);
#2761 = ORIENTED_EDGE('',*,*,#1368,.T.);
#2762 = CYLINDRICAL_SURFACE('',#2763,0.5);
#2763 = AXIS2_PLACEMENT_3D('',#2764,#2765,#2766);
#2764 = CARTESIAN_POINT('',(7.5,4.25,0.75));
#2765 = DIRECTION('',(0.,0.,-1.));
#2766 = DIRECTION('',(-1.,0.,0.));
#2767 = ADVANCED_FACE('',(#2768),#2793,.F.);
#2768 = FACE_BOUND('',#2769,.T.);
#2769 = EDGE_LOOP('',(#2770,#2780,#2786,#2787));
#2770 = ORIENTED_EDGE('',*,*,#2771,.T.);
#2771 = EDGE_CURVE('',#2772,#2774,#2776,.T.);
#2772 = VERTEX_POINT('',#2773);
#2773 = CARTESIAN_POINT('',(10.,0.95,0.));
#2774 = VERTEX_POINT('',#2775);
#2775 = CARTESIAN_POINT('',(10.5,0.661324865405,0.));
#2776 = LINE('',#2777,#2778);
#2777 = CARTESIAN_POINT('',(10.,0.95,0.));
#2778 = VECTOR('',#2779,1.);
#2779 = DIRECTION('',(0.866025403784,-0.5,0.));
#2780 = ORIENTED_EDGE('',*,*,#2781,.F.);
#2781 = EDGE_CURVE('',#2602,#2774,#2782,.T.);
#2782 = LINE('',#2783,#2784);
#2783 = CARTESIAN_POINT('',(10.5,0.661324865405,6.2));
#2784 = VECTOR('',#2785,1.);
#2785 = DIRECTION('',(0.,0.,-1.));
#2786 = ORIENTED_EDGE('',*,*,#2599,.F.);
#2787 = ORIENTED_EDGE('',*,*,#2788,.T.);
#2788 = EDGE_CURVE('',#2600,#2772,#2789,.T.);
#2789 = LINE('',#2790,#2791);
#2790 = CARTESIAN_POINT('',(10.,0.95,6.2));
#2791 = VECTOR('',#2792,1.);
#2792 = DIRECTION('',(0.,0.,-1.));
#2793 = PLANE('',#2794);
#2794 = AXIS2_PLACEMENT_3D('',#2795,#2796,#2797);
#2795 = CARTESIAN_POINT('',(10.,0.95,6.2));
#2796 = DIRECTION('',(0.5,0.866025403784,0.));
#2797 = DIRECTION('',(-0.866025403784,0.5,0.));
#2798 = ADVANCED_FACE('',(#2799),#2817,.F.);
#2799 = FACE_BOUND('',#2800,.T.);
#2800 = EDGE_LOOP('',(#2801,#2809,#2815,#2816));
#2801 = ORIENTED_EDGE('',*,*,#2802,.T.);
#2802 = EDGE_CURVE('',#2774,#2803,#2805,.T.);
#2803 = VERTEX_POINT('',#2804);
#2804 = CARTESIAN_POINT('',(10.5,1.838675134595,0.));
#2805 = LINE('',#2806,#2807);
#2806 = CARTESIAN_POINT('',(10.5,0.886491470389,0.));
#2807 = VECTOR('',#2808,1.);
#2808 = DIRECTION('',(0.,1.,0.));
#2809 = ORIENTED_EDGE('',*,*,#2810,.F.);
#2810 = EDGE_CURVE('',#2610,#2803,#2811,.T.);
#2811 = LINE('',#2812,#2813);
#2812 = CARTESIAN_POINT('',(10.5,1.838675134595,6.2));
#2813 = VECTOR('',#2814,1.);
#2814 = DIRECTION('',(0.,0.,-1.));
#2815 = ORIENTED_EDGE('',*,*,#2609,.F.);
#2816 = ORIENTED_EDGE('',*,*,#2781,.T.);
#2817 = PLANE('',#2818);
#2818 = AXIS2_PLACEMENT_3D('',#2819,#2820,#2821);
#2819 = CARTESIAN_POINT('',(10.5,0.886491470389,6.2));
#2820 = DIRECTION('',(-1.,0.,0.));
#2821 = DIRECTION('',(0.,0.,1.));
#2822 = ADVANCED_FACE('',(#2823),#2841,.F.);
#2823 = FACE_BOUND('',#2824,.T.);
#2824 = EDGE_LOOP('',(#2825,#2833,#2839,#2840));
#2825 = ORIENTED_EDGE('',*,*,#2826,.T.);
#2826 = EDGE_CURVE('',#2803,#2827,#2829,.T.);
#2827 = VERTEX_POINT('',#2828);
#2828 = CARTESIAN_POINT('',(10.,1.55,0.));
#2829 = LINE('',#2830,#2831);
#2830 = CARTESIAN_POINT('',(10.305,1.726091832103,0.));
#2831 = VECTOR('',#2832,1.);
#2832 = DIRECTION('',(-0.866025403784,-0.5,0.));
#2833 = ORIENTED_EDGE('',*,*,#2834,.F.);
#2834 = EDGE_CURVE('',#2618,#2827,#2835,.T.);
#2835 = LINE('',#2836,#2837);
#2836 = CARTESIAN_POINT('',(10.,1.55,6.2));
#2837 = VECTOR('',#2838,1.);
#2838 = DIRECTION('',(0.,0.,-1.));
#2839 = ORIENTED_EDGE('',*,*,#2617,.F.);
#2840 = ORIENTED_EDGE('',*,*,#2810,.T.);
#2841 = PLANE('',#2842);
#2842 = AXIS2_PLACEMENT_3D('',#2843,#2844,#2845);
#2843 = CARTESIAN_POINT('',(10.305,1.726091832103,6.2));
#2844 = DIRECTION('',(0.5,-0.866025403784,0.));
#2845 = DIRECTION('',(0.866025403784,0.5,0.));
#2846 = ADVANCED_FACE('',(#2847),#2950,.T.);
#2847 = FACE_BOUND('',#2848,.T.);
#2848 = EDGE_LOOP('',(#2849,#2850,#2851,#2852,#2860,#2868,#2877,#2885,
    #2893,#2902,#2910,#2919,#2927,#2936,#2944));
#2849 = ORIENTED_EDGE('',*,*,#2788,.F.);
#2850 = ORIENTED_EDGE('',*,*,#2625,.F.);
#2851 = ORIENTED_EDGE('',*,*,#2834,.T.);
#2852 = ORIENTED_EDGE('',*,*,#2853,.T.);
#2853 = EDGE_CURVE('',#2827,#2854,#2856,.T.);
#2854 = VERTEX_POINT('',#2855);
#2855 = CARTESIAN_POINT('',(10.,7.75,0.));
#2856 = LINE('',#2857,#2858);
#2857 = CARTESIAN_POINT('',(10.,0.,0.));
#2858 = VECTOR('',#2859,1.);
#2859 = DIRECTION('',(0.,1.,0.));
#2860 = ORIENTED_EDGE('',*,*,#2861,.T.);
#2861 = EDGE_CURVE('',#2854,#2862,#2864,.T.);
#2862 = VERTEX_POINT('',#2863);
#2863 = CARTESIAN_POINT('',(10.,7.75,6.2));
#2864 = LINE('',#2865,#2866);
#2865 = CARTESIAN_POINT('',(10.,7.75,2.576321994025E-15));
#2866 = VECTOR('',#2867,1.);
#2867 = DIRECTION('',(5.15264398805E-16,0.,1.));
#2868 = ORIENTED_EDGE('',*,*,#2869,.T.);
#2869 = EDGE_CURVE('',#2862,#2870,#2872,.T.);
#2870 = VERTEX_POINT('',#2871);
#2871 = CARTESIAN_POINT('',(10.,7.45,6.5));
#2872 = CIRCLE('',#2873,0.3);
#2873 = AXIS2_PLACEMENT_3D('',#2874,#2875,#2876);
#2874 = CARTESIAN_POINT('',(10.,7.45,6.2));
#2875 = DIRECTION('',(1.,0.,-5.15264398805E-16));
#2876 = DIRECTION('',(-5.15264398805E-16,-0.,-1.));
#2877 = ORIENTED_EDGE('',*,*,#2878,.T.);
#2878 = EDGE_CURVE('',#2870,#2879,#2881,.T.);
#2879 = VERTEX_POINT('',#2880);
#2880 = CARTESIAN_POINT('',(10.,7.15,6.5));
#2881 = LINE('',#2882,#2883);
#2882 = CARTESIAN_POINT('',(10.,7.75,6.5));
#2883 = VECTOR('',#2884,1.);
#2884 = DIRECTION('',(0.,-1.,0.));
#2885 = ORIENTED_EDGE('',*,*,#2886,.T.);
#2886 = EDGE_CURVE('',#2879,#2887,#2889,.T.);
#2887 = VERTEX_POINT('',#2888);
#2888 = CARTESIAN_POINT('',(10.,6.733652732788,9.738256522762));
#2889 = LINE('',#2890,#2891);
#2890 = CARTESIAN_POINT('',(10.,7.15,6.5));
#2891 = VECTOR('',#2892,1.);
#2892 = DIRECTION('',(0.,-0.12752174254,0.991835775307));
#2893 = ORIENTED_EDGE('',*,*,#2894,.T.);
#2894 = EDGE_CURVE('',#2887,#2895,#2897,.T.);
#2895 = VERTEX_POINT('',#2896);
#2896 = CARTESIAN_POINT('',(10.,6.436102000196,10.));
#2897 = CIRCLE('',#2898,0.3);
#2898 = AXIS2_PLACEMENT_3D('',#2899,#2900,#2901);
#2899 = CARTESIAN_POINT('',(10.,6.436102000196,9.7));
#2900 = DIRECTION('',(1.,0.,-5.15264398805E-16));
#2901 = DIRECTION('',(-5.15264398805E-16,-0.,-1.));
#2902 = ORIENTED_EDGE('',*,*,#2903,.T.);
#2903 = EDGE_CURVE('',#2895,#2904,#2906,.T.);
#2904 = VERTEX_POINT('',#2905);
#2905 = CARTESIAN_POINT('',(10.,1.990236984239,10.));
#2906 = LINE('',#2907,#2908);
#2907 = CARTESIAN_POINT('',(10.,6.65,10.));
#2908 = VECTOR('',#2909,1.);
#2909 = DIRECTION('',(0.,-1.,0.));
#2910 = ORIENTED_EDGE('',*,*,#2911,.T.);
#2911 = EDGE_CURVE('',#2904,#2912,#2914,.T.);
#2912 = VERTEX_POINT('',#2913);
#2913 = CARTESIAN_POINT('',(10.,1.71887929134,9.827925769509));
#2914 = CIRCLE('',#2915,0.3);
#2915 = AXIS2_PLACEMENT_3D('',#2916,#2917,#2918);
#2916 = CARTESIAN_POINT('',(10.,1.990236984239,9.7));
#2917 = DIRECTION('',(1.,0.,-5.15264398805E-16));
#2918 = DIRECTION('',(-5.15264398805E-16,-0.,-1.));
#2919 = ORIENTED_EDGE('',*,*,#2920,.T.);
#2920 = EDGE_CURVE('',#2912,#2921,#2923,.T.);
#2921 = VERTEX_POINT('',#2922);
#2922 = CARTESIAN_POINT('',(10.,0.197737178502,6.601260681671));
#2923 = LINE('',#2924,#2925);
#2924 = CARTESIAN_POINT('',(10.,1.8,10.));
#2925 = VECTOR('',#2926,1.);
#2926 = DIRECTION('',(0.,-0.426419231698,-0.904525642996));
#2927 = ORIENTED_EDGE('',*,*,#2928,.T.);
#2928 = EDGE_CURVE('',#2921,#2929,#2931,.T.);
#2929 = VERTEX_POINT('',#2930);
#2930 = CARTESIAN_POINT('',(10.,0.15,6.388051065821));
#2931 = CIRCLE('',#2932,0.5);
#2932 = AXIS2_PLACEMENT_3D('',#2933,#2934,#2935);
#2933 = CARTESIAN_POINT('',(10.,0.65,6.388051065821));
#2934 = DIRECTION('',(1.,0.,-5.15264398805E-16));
#2935 = DIRECTION('',(-5.15264398805E-16,-0.,-1.));
#2936 = ORIENTED_EDGE('',*,*,#2937,.T.);
#2937 = EDGE_CURVE('',#2929,#2938,#2940,.T.);
#2938 = VERTEX_POINT('',#2939);
#2939 = CARTESIAN_POINT('',(10.,0.15,0.));
#2940 = LINE('',#2941,#2942);
#2941 = CARTESIAN_POINT('',(10.,0.15,6.7));
#2942 = VECTOR('',#2943,1.);
#2943 = DIRECTION('',(-5.15264398805E-16,0.,-1.));
#2944 = ORIENTED_EDGE('',*,*,#2945,.T.);
#2945 = EDGE_CURVE('',#2938,#2772,#2946,.T.);
#2946 = LINE('',#2947,#2948);
#2947 = CARTESIAN_POINT('',(10.,0.,0.));
#2948 = VECTOR('',#2949,1.);
#2949 = DIRECTION('',(0.,1.,0.));
#2950 = PLANE('',#2951);
#2951 = AXIS2_PLACEMENT_3D('',#2952,#2953,#2954);
#2952 = CARTESIAN_POINT('',(10.,4.9,3.275));
#2953 = DIRECTION('',(1.,0.,-5.15264398805E-16));
#2954 = DIRECTION('',(-5.15264398805E-16,0.,-1.));
#2955 = ADVANCED_FACE('',(#2956),#2981,.F.);
#2956 = FACE_BOUND('',#2957,.T.);
#2957 = EDGE_LOOP('',(#2958,#2966,#2974,#2980));
#2958 = ORIENTED_EDGE('',*,*,#2959,.T.);
#2959 = EDGE_CURVE('',#2870,#2960,#2962,.T.);
#2960 = VERTEX_POINT('',#2961);
#2961 = CARTESIAN_POINT('',(0.,7.45,6.5));
#2962 = LINE('',#2963,#2964);
#2963 = CARTESIAN_POINT('',(10.,7.45,6.5));
#2964 = VECTOR('',#2965,1.);
#2965 = DIRECTION('',(-1.,0.,0.));
#2966 = ORIENTED_EDGE('',*,*,#2967,.T.);
#2967 = EDGE_CURVE('',#2960,#2968,#2970,.T.);
#2968 = VERTEX_POINT('',#2969);
#2969 = CARTESIAN_POINT('',(0.,7.15,6.5));
#2970 = LINE('',#2971,#2972);
#2971 = CARTESIAN_POINT('',(0.,7.75,6.5));
#2972 = VECTOR('',#2973,1.);
#2973 = DIRECTION('',(0.,-1.,0.));
#2974 = ORIENTED_EDGE('',*,*,#2975,.F.);
#2975 = EDGE_CURVE('',#2879,#2968,#2976,.T.);
#2976 = LINE('',#2977,#2978);
#2977 = CARTESIAN_POINT('',(10.,7.15,6.5));
#2978 = VECTOR('',#2979,1.);
#2979 = DIRECTION('',(-1.,0.,0.));
#2980 = ORIENTED_EDGE('',*,*,#2878,.F.);
#2981 = PLANE('',#2982);
#2982 = AXIS2_PLACEMENT_3D('',#2983,#2984,#2985);
#2983 = CARTESIAN_POINT('',(10.,7.75,6.5));
#2984 = DIRECTION('',(0.,0.,-1.));
#2985 = DIRECTION('',(-1.,0.,0.));
#2986 = ADVANCED_FACE('',(#2987),#3005,.F.);
#2987 = FACE_BOUND('',#2988,.T.);
#2988 = EDGE_LOOP('',(#2989,#2990,#2998,#3004));
#2989 = ORIENTED_EDGE('',*,*,#2975,.T.);
#2990 = ORIENTED_EDGE('',*,*,#2991,.T.);
#2991 = EDGE_CURVE('',#2968,#2992,#2994,.T.);
#2992 = VERTEX_POINT('',#2993);
#2993 = CARTESIAN_POINT('',(0.,6.733652732788,9.738256522762));
#2994 = LINE('',#2995,#2996);
#2995 = CARTESIAN_POINT('',(0.,7.15,6.5));
#2996 = VECTOR('',#2997,1.);
#2997 = DIRECTION('',(0.,-0.12752174254,0.991835775307));
#2998 = ORIENTED_EDGE('',*,*,#2999,.T.);
#2999 = EDGE_CURVE('',#2992,#2887,#3000,.T.);
#3000 = LINE('',#3001,#3002);
#3001 = CARTESIAN_POINT('',(10.,6.733652732788,9.738256522762));
#3002 = VECTOR('',#3003,1.);
#3003 = DIRECTION('',(1.,0.,0.));
#3004 = ORIENTED_EDGE('',*,*,#2886,.F.);
#3005 = PLANE('',#3006);
#3006 = AXIS2_PLACEMENT_3D('',#3007,#3008,#3009);
#3007 = CARTESIAN_POINT('',(10.,7.15,6.5));
#3008 = DIRECTION('',(0.,-0.991835775307,-0.12752174254));
#3009 = DIRECTION('',(0.,0.12752174254,-0.991835775307));
#3010 = ADVANCED_FACE('',(#3011,#3015,#3040),#3050,.F.);
#3011 = FACE_BOUND('',#3012,.T.);
#3012 = EDGE_LOOP('',(#3013,#3014));
#3013 = ORIENTED_EDGE('',*,*,#2735,.F.);
#3014 = ORIENTED_EDGE('',*,*,#1319,.F.);
#3015 = FACE_BOUND('',#3016,.T.);
#3016 = EDGE_LOOP('',(#3017,#3025,#3033,#3039));
#3017 = ORIENTED_EDGE('',*,*,#3018,.T.);
#3018 = EDGE_CURVE('',#2895,#3019,#3021,.T.);
#3019 = VERTEX_POINT('',#3020);
#3020 = CARTESIAN_POINT('',(0.,6.436102000196,10.));
#3021 = LINE('',#3022,#3023);
#3022 = CARTESIAN_POINT('',(15.,6.436102000196,10.));
#3023 = VECTOR('',#3024,1.);
#3024 = DIRECTION('',(-1.,0.,0.));
#3025 = ORIENTED_EDGE('',*,*,#3026,.T.);
#3026 = EDGE_CURVE('',#3019,#3027,#3029,.T.);
#3027 = VERTEX_POINT('',#3028);
#3028 = CARTESIAN_POINT('',(0.,1.990236984239,10.));
#3029 = LINE('',#3030,#3031);
#3030 = CARTESIAN_POINT('',(0.,6.65,10.));
#3031 = VECTOR('',#3032,1.);
#3032 = DIRECTION('',(0.,-1.,0.));
#3033 = ORIENTED_EDGE('',*,*,#3034,.T.);
#3034 = EDGE_CURVE('',#3027,#2904,#3035,.T.);
#3035 = LINE('',#3036,#3037);
#3036 = CARTESIAN_POINT('',(15.,1.990236984239,10.));
#3037 = VECTOR('',#3038,1.);
#3038 = DIRECTION('',(1.,0.,0.));
#3039 = ORIENTED_EDGE('',*,*,#2903,.F.);
#3040 = FACE_BOUND('',#3041,.T.);
#3041 = EDGE_LOOP('',(#3042,#3049));
#3042 = ORIENTED_EDGE('',*,*,#3043,.F.);
#3043 = EDGE_CURVE('',#1070,#1078,#3044,.T.);
#3044 = CIRCLE('',#3045,1.75);
#3045 = AXIS2_PLACEMENT_3D('',#3046,#3047,#3048);
#3046 = CARTESIAN_POINT('',(2.5,4.25,10.));
#3047 = DIRECTION('',(0.,-3.675221047035E-15,1.));
#3048 = DIRECTION('',(0.,-1.,-3.675221047035E-15));
#3049 = ORIENTED_EDGE('',*,*,#1077,.F.);
#3050 = PLANE('',#3051);
#3051 = AXIS2_PLACEMENT_3D('',#3052,#3053,#3054);
#3052 = CARTESIAN_POINT('',(15.,6.65,10.));
#3053 = DIRECTION('',(0.,0.,-1.));
#3054 = DIRECTION('',(-1.,0.,0.));
#3055 = ADVANCED_FACE('',(#3056),#3081,.F.);
#3056 = FACE_BOUND('',#3057,.T.);
#3057 = EDGE_LOOP('',(#3058,#3066,#3074,#3080));
#3058 = ORIENTED_EDGE('',*,*,#3059,.T.);
#3059 = EDGE_CURVE('',#2912,#3060,#3062,.T.);
#3060 = VERTEX_POINT('',#3061);
#3061 = CARTESIAN_POINT('',(0.,1.71887929134,9.827925769509));
#3062 = LINE('',#3063,#3064);
#3063 = CARTESIAN_POINT('',(8.942559080255,1.71887929134,9.827925769509)
  );
#3064 = VECTOR('',#3065,1.);
#3065 = DIRECTION('',(-1.,0.,0.));
#3066 = ORIENTED_EDGE('',*,*,#3067,.T.);
#3067 = EDGE_CURVE('',#3060,#3068,#3070,.T.);
#3068 = VERTEX_POINT('',#3069);
#3069 = CARTESIAN_POINT('',(0.,0.197737178502,6.601260681671));
#3070 = LINE('',#3071,#3072);
#3071 = CARTESIAN_POINT('',(0.,1.8,10.));
#3072 = VECTOR('',#3073,1.);
#3073 = DIRECTION('',(0.,-0.426419231698,-0.904525642996));
#3074 = ORIENTED_EDGE('',*,*,#3075,.T.);
#3075 = EDGE_CURVE('',#3068,#2921,#3076,.T.);
#3076 = LINE('',#3077,#3078);
#3077 = CARTESIAN_POINT('',(10.,0.197737178502,6.601260681671));
#3078 = VECTOR('',#3079,1.);
#3079 = DIRECTION('',(1.,0.,0.));
#3080 = ORIENTED_EDGE('',*,*,#2920,.F.);
#3081 = PLANE('',#3082);
#3082 = AXIS2_PLACEMENT_3D('',#3083,#3084,#3085);
#3083 = CARTESIAN_POINT('',(10.,1.8,10.));
#3084 = DIRECTION('',(0.,0.904525642996,-0.426419231698));
#3085 = DIRECTION('',(0.,0.426419231698,0.904525642996));
#3086 = ADVANCED_FACE('',(#3087,#3148,#3152),#3162,.F.);
#3087 = FACE_BOUND('',#3088,.T.);
#3088 = EDGE_LOOP('',(#3089,#3097,#3105,#3113,#3121,#3129,#3137,#3143,
    #3144,#3145,#3146,#3147));
#3089 = ORIENTED_EDGE('',*,*,#3090,.T.);
#3090 = EDGE_CURVE('',#2938,#3091,#3093,.T.);
#3091 = VERTEX_POINT('',#3092);
#3092 = CARTESIAN_POINT('',(0.,0.15,-2.576321994025E-15));
#3093 = LINE('',#3094,#3095);
#3094 = CARTESIAN_POINT('',(15.,0.15,0.));
#3095 = VECTOR('',#3096,1.);
#3096 = DIRECTION('',(-1.,0.,0.));
#3097 = ORIENTED_EDGE('',*,*,#3098,.T.);
#3098 = EDGE_CURVE('',#3091,#3099,#3101,.T.);
#3099 = VERTEX_POINT('',#3100);
#3100 = CARTESIAN_POINT('',(0.,0.94,-7.728965982075E-15));
#3101 = LINE('',#3102,#3103);
#3102 = CARTESIAN_POINT('',(0.,0.,-2.576321994025E-15));
#3103 = VECTOR('',#3104,1.);
#3104 = DIRECTION('',(0.,1.,0.));
#3105 = ORIENTED_EDGE('',*,*,#3106,.F.);
#3106 = EDGE_CURVE('',#3107,#3099,#3109,.T.);
#3107 = VERTEX_POINT('',#3108);
#3108 = CARTESIAN_POINT('',(0.55,0.622457351946,-7.728965982075E-15));
#3109 = LINE('',#3110,#3111);
#3110 = CARTESIAN_POINT('',(0.355,0.735040654438,-7.728965982075E-15));
#3111 = VECTOR('',#3112,1.);
#3112 = DIRECTION('',(-0.866025403784,0.5,0.));
#3113 = ORIENTED_EDGE('',*,*,#3114,.F.);
#3114 = EDGE_CURVE('',#3115,#3107,#3117,.T.);
#3115 = VERTEX_POINT('',#3116);
#3116 = CARTESIAN_POINT('',(0.55,1.877542648054,-7.728965982075E-15));
#3117 = LINE('',#3118,#3119);
#3118 = CARTESIAN_POINT('',(0.55,1.65237604307,-7.728965982075E-15));
#3119 = VECTOR('',#3120,1.);
#3120 = DIRECTION('',(4.311199699515E-15,-1.,0.));
#3121 = ORIENTED_EDGE('',*,*,#3122,.F.);
#3122 = EDGE_CURVE('',#3123,#3115,#3125,.T.);
#3123 = VERTEX_POINT('',#3124);
#3124 = CARTESIAN_POINT('',(0.,1.56,-7.728965982075E-15));
#3125 = LINE('',#3126,#3127);
#3126 = CARTESIAN_POINT('',(0.,1.56,-7.728965982075E-15));
#3127 = VECTOR('',#3128,1.);
#3128 = DIRECTION('',(0.866025403785,0.5,0.));
#3129 = ORIENTED_EDGE('',*,*,#3130,.T.);
#3130 = EDGE_CURVE('',#3123,#3131,#3133,.T.);
#3131 = VERTEX_POINT('',#3132);
#3132 = CARTESIAN_POINT('',(0.,7.75,-2.576321994025E-15));
#3133 = LINE('',#3134,#3135);
#3134 = CARTESIAN_POINT('',(0.,0.,-2.576321994025E-15));
#3135 = VECTOR('',#3136,1.);
#3136 = DIRECTION('',(0.,1.,0.));
#3137 = ORIENTED_EDGE('',*,*,#3138,.F.);
#3138 = EDGE_CURVE('',#2854,#3131,#3139,.T.);
#3139 = LINE('',#3140,#3141);
#3140 = CARTESIAN_POINT('',(15.,7.75,0.));
#3141 = VECTOR('',#3142,1.);
#3142 = DIRECTION('',(-1.,0.,0.));
#3143 = ORIENTED_EDGE('',*,*,#2853,.F.);
#3144 = ORIENTED_EDGE('',*,*,#2826,.F.);
#3145 = ORIENTED_EDGE('',*,*,#2802,.F.);
#3146 = ORIENTED_EDGE('',*,*,#2771,.F.);
#3147 = ORIENTED_EDGE('',*,*,#2945,.F.);
#3148 = FACE_BOUND('',#3149,.T.);
#3149 = EDGE_LOOP('',(#3150,#3151));
#3150 = ORIENTED_EDGE('',*,*,#2754,.T.);
#3151 = ORIENTED_EDGE('',*,*,#1267,.T.);
#3152 = FACE_BOUND('',#3153,.T.);
#3153 = EDGE_LOOP('',(#3154,#3161));
#3154 = ORIENTED_EDGE('',*,*,#3155,.T.);
#3155 = EDGE_CURVE('',#948,#946,#3156,.T.);
#3156 = CIRCLE('',#3157,0.5);
#3157 = AXIS2_PLACEMENT_3D('',#3158,#3159,#3160);
#3158 = CARTESIAN_POINT('',(2.5,4.25,-7.780492421955E-15));
#3159 = DIRECTION('',(0.,0.,1.));
#3160 = DIRECTION('',(-1.,0.,0.));
#3161 = ORIENTED_EDGE('',*,*,#945,.T.);
#3162 = PLANE('',#3163);
#3163 = AXIS2_PLACEMENT_3D('',#3164,#3165,#3166);
#3164 = CARTESIAN_POINT('',(15.,0.,0.));
#3165 = DIRECTION('',(0.,0.,1.));
#3166 = DIRECTION('',(1.,0.,-0.));
#3167 = ADVANCED_FACE('',(#3168),#3186,.F.);
#3168 = FACE_BOUND('',#3169,.T.);
#3169 = EDGE_LOOP('',(#3170,#3178,#3184,#3185));
#3170 = ORIENTED_EDGE('',*,*,#3171,.T.);
#3171 = EDGE_CURVE('',#2929,#3172,#3174,.T.);
#3172 = VERTEX_POINT('',#3173);
#3173 = CARTESIAN_POINT('',(0.,0.15,6.388051065821));
#3174 = LINE('',#3175,#3176);
#3175 = CARTESIAN_POINT('',(15.,0.15,6.388051065821));
#3176 = VECTOR('',#3177,1.);
#3177 = DIRECTION('',(-1.,0.,0.));
#3178 = ORIENTED_EDGE('',*,*,#3179,.T.);
#3179 = EDGE_CURVE('',#3172,#3091,#3180,.T.);
#3180 = LINE('',#3181,#3182);
#3181 = CARTESIAN_POINT('',(0.,0.15,6.7));
#3182 = VECTOR('',#3183,1.);
#3183 = DIRECTION('',(-5.15264398805E-16,0.,-1.));
#3184 = ORIENTED_EDGE('',*,*,#3090,.F.);
#3185 = ORIENTED_EDGE('',*,*,#2937,.F.);
#3186 = PLANE('',#3187);
#3187 = AXIS2_PLACEMENT_3D('',#3188,#3189,#3190);
#3188 = CARTESIAN_POINT('',(15.,0.15,6.7));
#3189 = DIRECTION('',(0.,1.,0.));
#3190 = DIRECTION('',(0.,-0.,1.));
#3191 = ADVANCED_FACE('',(#3192),#3204,.T.);
#3192 = FACE_BOUND('',#3193,.T.);
#3193 = EDGE_LOOP('',(#3194,#3195,#3202,#3203));
#3194 = ORIENTED_EDGE('',*,*,#3075,.F.);
#3195 = ORIENTED_EDGE('',*,*,#3196,.F.);
#3196 = EDGE_CURVE('',#3172,#3068,#3197,.T.);
#3197 = CIRCLE('',#3198,0.5);
#3198 = AXIS2_PLACEMENT_3D('',#3199,#3200,#3201);
#3199 = CARTESIAN_POINT('',(0.,0.65,6.388051065821));
#3200 = DIRECTION('',(-1.,0.,5.15264398805E-16));
#3201 = DIRECTION('',(-5.15264398805E-16,0.,-1.));
#3202 = ORIENTED_EDGE('',*,*,#3171,.F.);
#3203 = ORIENTED_EDGE('',*,*,#2928,.F.);
#3204 = CYLINDRICAL_SURFACE('',#3205,0.5);
#3205 = AXIS2_PLACEMENT_3D('',#3206,#3207,#3208);
#3206 = CARTESIAN_POINT('',(15.,0.65,6.388051065821));
#3207 = DIRECTION('',(-1.,0.,0.));
#3208 = DIRECTION('',(0.,0.,1.));
#3209 = ADVANCED_FACE('',(#3210),#3222,.T.);
#3210 = FACE_BOUND('',#3211,.T.);
#3211 = EDGE_LOOP('',(#3212,#3213,#3220,#3221));
#3212 = ORIENTED_EDGE('',*,*,#3034,.F.);
#3213 = ORIENTED_EDGE('',*,*,#3214,.F.);
#3214 = EDGE_CURVE('',#3060,#3027,#3215,.T.);
#3215 = CIRCLE('',#3216,0.3);
#3216 = AXIS2_PLACEMENT_3D('',#3217,#3218,#3219);
#3217 = CARTESIAN_POINT('',(0.,1.990236984239,9.7));
#3218 = DIRECTION('',(-1.,0.,5.15264398805E-16));
#3219 = DIRECTION('',(-5.15264398805E-16,0.,-1.));
#3220 = ORIENTED_EDGE('',*,*,#3059,.F.);
#3221 = ORIENTED_EDGE('',*,*,#2911,.F.);
#3222 = CYLINDRICAL_SURFACE('',#3223,0.3);
#3223 = AXIS2_PLACEMENT_3D('',#3224,#3225,#3226);
#3224 = CARTESIAN_POINT('',(15.,1.990236984239,9.7));
#3225 = DIRECTION('',(1.,0.,0.));
#3226 = DIRECTION('',(0.,0.,-1.));
#3227 = ADVANCED_FACE('',(#3228),#3240,.T.);
#3228 = FACE_BOUND('',#3229,.T.);
#3229 = EDGE_LOOP('',(#3230,#3231,#3238,#3239));
#3230 = ORIENTED_EDGE('',*,*,#2999,.F.);
#3231 = ORIENTED_EDGE('',*,*,#3232,.F.);
#3232 = EDGE_CURVE('',#3019,#2992,#3233,.T.);
#3233 = CIRCLE('',#3234,0.3);
#3234 = AXIS2_PLACEMENT_3D('',#3235,#3236,#3237);
#3235 = CARTESIAN_POINT('',(0.,6.436102000196,9.7));
#3236 = DIRECTION('',(-1.,0.,5.15264398805E-16));
#3237 = DIRECTION('',(-5.15264398805E-16,0.,-1.));
#3238 = ORIENTED_EDGE('',*,*,#3018,.F.);
#3239 = ORIENTED_EDGE('',*,*,#2894,.F.);
#3240 = CYLINDRICAL_SURFACE('',#3241,0.3);
#3241 = AXIS2_PLACEMENT_3D('',#3242,#3243,#3244);
#3242 = CARTESIAN_POINT('',(10.,6.436102000196,9.7));
#3243 = DIRECTION('',(1.,0.,0.));
#3244 = DIRECTION('',(0.,0.,-1.));
#3245 = ADVANCED_FACE('',(#3246),#3265,.T.);
#3246 = FACE_BOUND('',#3247,.T.);
#3247 = EDGE_LOOP('',(#3248,#3256,#3263,#3264));
#3248 = ORIENTED_EDGE('',*,*,#3249,.F.);
#3249 = EDGE_CURVE('',#3250,#2862,#3252,.T.);
#3250 = VERTEX_POINT('',#3251);
#3251 = CARTESIAN_POINT('',(0.,7.75,6.2));
#3252 = LINE('',#3253,#3254);
#3253 = CARTESIAN_POINT('',(15.,7.75,6.2));
#3254 = VECTOR('',#3255,1.);
#3255 = DIRECTION('',(1.,0.,0.));
#3256 = ORIENTED_EDGE('',*,*,#3257,.F.);
#3257 = EDGE_CURVE('',#2960,#3250,#3258,.T.);
#3258 = CIRCLE('',#3259,0.3);
#3259 = AXIS2_PLACEMENT_3D('',#3260,#3261,#3262);
#3260 = CARTESIAN_POINT('',(0.,7.45,6.2));
#3261 = DIRECTION('',(-1.,0.,5.15264398805E-16));
#3262 = DIRECTION('',(-5.15264398805E-16,0.,-1.));
#3263 = ORIENTED_EDGE('',*,*,#2959,.F.);
#3264 = ORIENTED_EDGE('',*,*,#2869,.F.);
#3265 = CYLINDRICAL_SURFACE('',#3266,0.3);
#3266 = AXIS2_PLACEMENT_3D('',#3267,#3268,#3269);
#3267 = CARTESIAN_POINT('',(10.,7.45,6.2));
#3268 = DIRECTION('',(-1.,0.,0.));
#3269 = DIRECTION('',(0.,0.,1.));
#3270 = ADVANCED_FACE('',(#3271,#3282,#3288),#3322,.F.);
#3271 = FACE_BOUND('',#3272,.T.);
#3272 = EDGE_LOOP('',(#3273,#3274,#3280,#3281));
#3273 = ORIENTED_EDGE('',*,*,#3138,.T.);
#3274 = ORIENTED_EDGE('',*,*,#3275,.T.);
#3275 = EDGE_CURVE('',#3131,#3250,#3276,.T.);
#3276 = LINE('',#3277,#3278);
#3277 = CARTESIAN_POINT('',(0.,7.75,2.576321994025E-15));
#3278 = VECTOR('',#3279,1.);
#3279 = DIRECTION('',(5.15264398805E-16,0.,1.));
#3280 = ORIENTED_EDGE('',*,*,#3249,.T.);
#3281 = ORIENTED_EDGE('',*,*,#2861,.F.);
#3282 = FACE_BOUND('',#3283,.T.);
#3283 = EDGE_LOOP('',(#3284,#3285,#3286,#3287));
#3284 = ORIENTED_EDGE('',*,*,#2719,.T.);
#3285 = ORIENTED_EDGE('',*,*,#2695,.T.);
#3286 = ORIENTED_EDGE('',*,*,#2680,.T.);
#3287 = ORIENTED_EDGE('',*,*,#2656,.T.);
#3288 = FACE_BOUND('',#3289,.T.);
#3289 = EDGE_LOOP('',(#3290,#3300,#3308,#3316));
#3290 = ORIENTED_EDGE('',*,*,#3291,.T.);
#3291 = EDGE_CURVE('',#3292,#3294,#3296,.T.);
#3292 = VERTEX_POINT('',#3293);
#3293 = CARTESIAN_POINT('',(0.25,7.75,5.9));
#3294 = VERTEX_POINT('',#3295);
#3295 = CARTESIAN_POINT('',(0.25,7.75,0.45));
#3296 = LINE('',#3297,#3298);
#3297 = CARTESIAN_POINT('',(0.25,7.75,0.65));
#3298 = VECTOR('',#3299,1.);
#3299 = DIRECTION('',(-5.15264398805E-16,0.,-1.));
#3300 = ORIENTED_EDGE('',*,*,#3301,.T.);
#3301 = EDGE_CURVE('',#3294,#3302,#3304,.T.);
#3302 = VERTEX_POINT('',#3303);
#3303 = CARTESIAN_POINT('',(4.75,7.75,0.45));
#3304 = LINE('',#3305,#3306);
#3305 = CARTESIAN_POINT('',(4.55,7.75,0.45));
#3306 = VECTOR('',#3307,1.);
#3307 = DIRECTION('',(1.,0.,-4.231032868236E-16));
#3308 = ORIENTED_EDGE('',*,*,#3309,.T.);
#3309 = EDGE_CURVE('',#3302,#3310,#3312,.T.);
#3310 = VERTEX_POINT('',#3311);
#3311 = CARTESIAN_POINT('',(4.75,7.75,5.9));
#3312 = LINE('',#3313,#3314);
#3313 = CARTESIAN_POINT('',(4.75,7.75,5.7));
#3314 = VECTOR('',#3315,1.);
#3315 = DIRECTION('',(1.717547996017E-16,0.,1.));
#3316 = ORIENTED_EDGE('',*,*,#3317,.T.);
#3317 = EDGE_CURVE('',#3310,#3292,#3318,.T.);
#3318 = LINE('',#3319,#3320);
#3319 = CARTESIAN_POINT('',(0.45,7.75,5.9));
#3320 = VECTOR('',#3321,1.);
#3321 = DIRECTION('',(-1.,0.,0.));
#3322 = PLANE('',#3323);
#3323 = AXIS2_PLACEMENT_3D('',#3324,#3325,#3326);
#3324 = CARTESIAN_POINT('',(15.,7.75,0.));
#3325 = DIRECTION('',(0.,-1.,0.));
#3326 = DIRECTION('',(0.,0.,-1.));
#3327 = ADVANCED_FACE('',(#3328),#3362,.T.);
#3328 = FACE_BOUND('',#3329,.T.);
#3329 = EDGE_LOOP('',(#3330,#3340,#3348,#3356));
#3330 = ORIENTED_EDGE('',*,*,#3331,.T.);
#3331 = EDGE_CURVE('',#3332,#3334,#3336,.T.);
#3332 = VERTEX_POINT('',#3333);
#3333 = CARTESIAN_POINT('',(4.55,7.25,0.65));
#3334 = VERTEX_POINT('',#3335);
#3335 = CARTESIAN_POINT('',(0.45,7.25,0.65));
#3336 = LINE('',#3337,#3338);
#3337 = CARTESIAN_POINT('',(0.45,7.25,0.65));
#3338 = VECTOR('',#3339,1.);
#3339 = DIRECTION('',(-1.,0.,4.231032868236E-16));
#3340 = ORIENTED_EDGE('',*,*,#3341,.F.);
#3341 = EDGE_CURVE('',#3342,#3334,#3344,.T.);
#3342 = VERTEX_POINT('',#3343);
#3343 = CARTESIAN_POINT('',(0.45,6.25,0.65));
#3344 = LINE('',#3345,#3346);
#3345 = CARTESIAN_POINT('',(0.45,2.2,0.65));
#3346 = VECTOR('',#3347,1.);
#3347 = DIRECTION('',(0.,1.,0.));
#3348 = ORIENTED_EDGE('',*,*,#3349,.T.);
#3349 = EDGE_CURVE('',#3342,#3350,#3352,.T.);
#3350 = VERTEX_POINT('',#3351);
#3351 = CARTESIAN_POINT('',(4.55,6.25,0.65));
#3352 = LINE('',#3353,#3354);
#3353 = CARTESIAN_POINT('',(14.55,6.25,0.65));
#3354 = VECTOR('',#3355,1.);
#3355 = DIRECTION('',(1.,0.,0.));
#3356 = ORIENTED_EDGE('',*,*,#3357,.T.);
#3357 = EDGE_CURVE('',#3350,#3332,#3358,.T.);
#3358 = LINE('',#3359,#3360);
#3359 = CARTESIAN_POINT('',(4.55,2.2,0.65));
#3360 = VECTOR('',#3361,1.);
#3361 = DIRECTION('',(0.,1.,0.));
#3362 = PLANE('',#3363);
#3363 = AXIS2_PLACEMENT_3D('',#3364,#3365,#3366);
#3364 = CARTESIAN_POINT('',(0.45,2.2,0.65));
#3365 = DIRECTION('',(4.231032868236E-16,0.,1.));
#3366 = DIRECTION('',(1.,0.,-4.231032868236E-16));
#3367 = ADVANCED_FACE('',(#3368),#3387,.T.);
#3368 = FACE_BOUND('',#3369,.T.);
#3369 = EDGE_LOOP('',(#3370,#3381));
#3370 = ORIENTED_EDGE('',*,*,#3371,.T.);
#3371 = EDGE_CURVE('',#3372,#3374,#3376,.T.);
#3372 = VERTEX_POINT('',#3373);
#3373 = CARTESIAN_POINT('',(3.856009966284,4.65,9.5));
#3374 = VERTEX_POINT('',#3375);
#3375 = CARTESIAN_POINT('',(1.143990033716,4.65,9.5));
#3376 = CIRCLE('',#3377,1.41377615932);
#3377 = AXIS2_PLACEMENT_3D('',#3378,#3379,#3380);
#3378 = CARTESIAN_POINT('',(2.5,4.25,9.5));
#3379 = DIRECTION('',(0.,0.,1.));
#3380 = DIRECTION('',(0.,-1.,0.));
#3381 = ORIENTED_EDGE('',*,*,#3382,.T.);
#3382 = EDGE_CURVE('',#3374,#3372,#3383,.T.);
#3383 = LINE('',#3384,#3385);
#3384 = CARTESIAN_POINT('',(0.8,4.65,9.5));
#3385 = VECTOR('',#3386,1.);
#3386 = DIRECTION('',(1.,2.232180943353E-16,0.));
#3387 = PLANE('',#3388);
#3388 = AXIS2_PLACEMENT_3D('',#3389,#3390,#3391);
#3389 = CARTESIAN_POINT('',(2.5,4.25,9.5));
#3390 = DIRECTION('',(0.,0.,1.));
#3391 = DIRECTION('',(0.,-1.,0.));
#3392 = ADVANCED_FACE('',(#3393),#3411,.T.);
#3393 = FACE_BOUND('',#3394,.T.);
#3394 = EDGE_LOOP('',(#3395,#3396,#3405));
#3395 = ORIENTED_EDGE('',*,*,#1241,.T.);
#3396 = ORIENTED_EDGE('',*,*,#3397,.T.);
#3397 = EDGE_CURVE('',#1233,#3398,#3400,.T.);
#3398 = VERTEX_POINT('',#3399);
#3399 = CARTESIAN_POINT('',(3.856009966284,3.85,9.5));
#3400 = CIRCLE('',#3401,1.41377615932);
#3401 = AXIS2_PLACEMENT_3D('',#3402,#3403,#3404);
#3402 = CARTESIAN_POINT('',(2.5,4.25,9.5));
#3403 = DIRECTION('',(0.,0.,1.));
#3404 = DIRECTION('',(0.,-1.,0.));
#3405 = ORIENTED_EDGE('',*,*,#3406,.T.);
#3406 = EDGE_CURVE('',#3398,#1242,#3407,.T.);
#3407 = LINE('',#3408,#3409);
#3408 = CARTESIAN_POINT('',(4.2,3.85,9.5));
#3409 = VECTOR('',#3410,1.);
#3410 = DIRECTION('',(-1.,-5.580452358381E-16,0.));
#3411 = PLANE('',#3412);
#3412 = AXIS2_PLACEMENT_3D('',#3413,#3414,#3415);
#3413 = CARTESIAN_POINT('',(2.5,4.25,9.5));
#3414 = DIRECTION('',(0.,0.,1.));
#3415 = DIRECTION('',(0.,-1.,0.));
#3416 = ADVANCED_FACE('',(#3417),#3448,.T.);
#3417 = FACE_BOUND('',#3418,.T.);
#3418 = EDGE_LOOP('',(#3419,#3420,#3429,#3430,#3441));
#3419 = ORIENTED_EDGE('',*,*,#1153,.F.);
#3420 = ORIENTED_EDGE('',*,*,#3421,.T.);
#3421 = EDGE_CURVE('',#1154,#3374,#3422,.T.);
#3422 = B_SPLINE_CURVE_WITH_KNOTS('',3,(#3423,#3424,#3425,#3426,#3427,
    #3428),.UNSPECIFIED.,.F.,.F.,(4,2,4),(5.339076512604E-18,
    1.520665957082E-04,3.041331914164E-04),.UNSPECIFIED.);
#3423 = CARTESIAN_POINT('',(0.937107388569,4.65,9.314249409998));
#3424 = CARTESIAN_POINT('',(0.94088909988,4.65,9.365540160508));
#3425 = CARTESIAN_POINT('',(0.965707655754,4.65,9.413932751394));
#3426 = CARTESIAN_POINT('',(1.04186856831,4.65,9.481228347016));
#3427 = CARTESIAN_POINT('',(1.092610859955,4.65,9.5));
#3428 = CARTESIAN_POINT('',(1.143990033716,4.65,9.5));
#3429 = ORIENTED_EDGE('',*,*,#3371,.F.);
#3430 = ORIENTED_EDGE('',*,*,#3431,.T.);
#3431 = EDGE_CURVE('',#3372,#3432,#3434,.T.);
#3432 = VERTEX_POINT('',#3433);
#3433 = CARTESIAN_POINT('',(4.062892611431,4.65,9.314249409998));
#3434 = B_SPLINE_CURVE_WITH_KNOTS('',3,(#3435,#3436,#3437,#3438,#3439,
    #3440),.UNSPECIFIED.,.F.,.F.,(4,2,4),(1.734723475977E-18,
    1.521198112225E-04,3.042396224449E-04),.UNSPECIFIED.);
#3435 = CARTESIAN_POINT('',(3.856009966284,4.65,9.5));
#3436 = CARTESIAN_POINT('',(3.907431421379,4.65,9.5));
#3437 = CARTESIAN_POINT('',(3.957786553235,4.65,9.481490714224));
#3438 = CARTESIAN_POINT('',(4.0344476046,4.65,9.413837825582));
#3439 = CARTESIAN_POINT('',(4.05910722065,4.65,9.365590064581));
#3440 = CARTESIAN_POINT('',(4.062892611431,4.65,9.314249409998));
#3441 = ORIENTED_EDGE('',*,*,#3442,.F.);
#3442 = EDGE_CURVE('',#1156,#3432,#3443,.T.);
#3443 = CIRCLE('',#3444,1.613267899286);
#3444 = AXIS2_PLACEMENT_3D('',#3445,#3446,#3447);
#3445 = CARTESIAN_POINT('',(2.5,4.25,9.314249409998));
#3446 = DIRECTION('',(0.,0.,-1.));
#3447 = DIRECTION('',(0.,-1.,0.));
#3448 = TOROIDAL_SURFACE('',#3449,1.41377615932,0.2);
#3449 = AXIS2_PLACEMENT_3D('',#3450,#3451,#3452);
#3450 = CARTESIAN_POINT('',(2.5,4.25,9.3));
#3451 = DIRECTION('',(0.,0.,1.));
#3452 = DIRECTION('',(0.,-1.,0.));
#3453 = ADVANCED_FACE('',(#3454),#3477,.T.);
#3454 = FACE_BOUND('',#3455,.T.);
#3455 = EDGE_LOOP('',(#3456,#3464,#3473,#3474,#3475,#3476));
#3456 = ORIENTED_EDGE('',*,*,#3457,.T.);
#3457 = EDGE_CURVE('',#1206,#3458,#3460,.T.);
#3458 = VERTEX_POINT('',#3459);
#3459 = CARTESIAN_POINT('',(4.100781059358,4.65,8.8));
#3460 = LINE('',#3461,#3462);
#3461 = CARTESIAN_POINT('',(0.8,4.65,8.8));
#3462 = VECTOR('',#3463,1.);
#3463 = DIRECTION('',(1.,2.232180943353E-16,0.));
#3464 = ORIENTED_EDGE('',*,*,#3465,.F.);
#3465 = EDGE_CURVE('',#3432,#3458,#3466,.T.);
#3466 = B_SPLINE_CURVE_WITH_KNOTS('',3,(#3467,#3468,#3469,#3470,#3471,
    #3472),.UNSPECIFIED.,.F.,.F.,(4,2,4),(0.,0.455603274493,1.),
  .UNSPECIFIED.);
#3467 = CARTESIAN_POINT('',(4.062892611431,4.65,9.314249409998));
#3468 = CARTESIAN_POINT('',(4.06865081475,4.65,9.236151811974));
#3469 = CARTESIAN_POINT('',(4.074407072549,4.65,9.158054070484));
#3470 = CARTESIAN_POINT('',(4.087037305134,4.65,8.98663765568));
#3471 = CARTESIAN_POINT('',(4.093910474794,4.65,8.893318922984));
#3472 = CARTESIAN_POINT('',(4.100781059358,4.65,8.8));
#3473 = ORIENTED_EDGE('',*,*,#3431,.F.);
#3474 = ORIENTED_EDGE('',*,*,#3382,.F.);
#3475 = ORIENTED_EDGE('',*,*,#3421,.F.);
#3476 = ORIENTED_EDGE('',*,*,#1214,.F.);
#3477 = PLANE('',#3478);
#3478 = AXIS2_PLACEMENT_3D('',#3479,#3480,#3481);
#3479 = CARTESIAN_POINT('',(0.8,4.65,8.8));
#3480 = DIRECTION('',(2.232180943353E-16,-1.,0.));
#3481 = DIRECTION('',(1.,2.232180943353E-16,0.));
#3482 = ADVANCED_FACE('',(#3483),#3502,.F.);
#3483 = FACE_BOUND('',#3484,.T.);
#3484 = EDGE_LOOP('',(#3485,#3486,#3494,#3501));
#3485 = ORIENTED_EDGE('',*,*,#1205,.T.);
#3486 = ORIENTED_EDGE('',*,*,#3487,.F.);
#3487 = EDGE_CURVE('',#3488,#1195,#3490,.T.);
#3488 = VERTEX_POINT('',#3489);
#3489 = CARTESIAN_POINT('',(4.100781059358,3.85,8.8));
#3490 = LINE('',#3491,#3492);
#3491 = CARTESIAN_POINT('',(4.2,3.85,8.8));
#3492 = VECTOR('',#3493,1.);
#3493 = DIRECTION('',(-1.,-5.580452358381E-16,0.));
#3494 = ORIENTED_EDGE('',*,*,#3495,.T.);
#3495 = EDGE_CURVE('',#3488,#3458,#3496,.T.);
#3496 = CIRCLE('',#3497,1.65);
#3497 = AXIS2_PLACEMENT_3D('',#3498,#3499,#3500);
#3498 = CARTESIAN_POINT('',(2.5,4.25,8.8));
#3499 = DIRECTION('',(0.,-0.,1.));
#3500 = DIRECTION('',(0.,1.,0.));
#3501 = ORIENTED_EDGE('',*,*,#3457,.F.);
#3502 = PLANE('',#3503);
#3503 = AXIS2_PLACEMENT_3D('',#3504,#3505,#3506);
#3504 = CARTESIAN_POINT('',(0.8,3.85,8.8));
#3505 = DIRECTION('',(0.,0.,-1.));
#3506 = DIRECTION('',(0.,1.,0.));
#3507 = ADVANCED_FACE('',(#3508),#3534,.T.);
#3508 = FACE_BOUND('',#3509,.T.);
#3509 = EDGE_LOOP('',(#3510,#3511,#3512,#3523,#3532,#3533));
#3510 = ORIENTED_EDGE('',*,*,#1250,.F.);
#3511 = ORIENTED_EDGE('',*,*,#3406,.F.);
#3512 = ORIENTED_EDGE('',*,*,#3513,.F.);
#3513 = EDGE_CURVE('',#3514,#3398,#3516,.T.);
#3514 = VERTEX_POINT('',#3515);
#3515 = CARTESIAN_POINT('',(4.062892611435,3.85,9.314249409999));
#3516 = B_SPLINE_CURVE_WITH_KNOTS('',3,(#3517,#3518,#3519,#3520,#3521,
    #3522),.UNSPECIFIED.,.F.,.F.,(4,2,4),(5.719861026451E-16,
    1.520665957078E-04,3.04133191415E-04),.UNSPECIFIED.);
#3517 = CARTESIAN_POINT('',(4.062892611435,3.85,9.314249409999));
#3518 = CARTESIAN_POINT('',(4.05911090012,3.85,9.365540160509));
#3519 = CARTESIAN_POINT('',(4.034292344245,3.85,9.413932751395));
#3520 = CARTESIAN_POINT('',(3.958131431689,3.85,9.481228347016));
#3521 = CARTESIAN_POINT('',(3.907389140045,3.85,9.5));
#3522 = CARTESIAN_POINT('',(3.856009966284,3.85,9.5));
#3523 = ORIENTED_EDGE('',*,*,#3524,.F.);
#3524 = EDGE_CURVE('',#3488,#3514,#3525,.T.);
#3525 = B_SPLINE_CURVE_WITH_KNOTS('',3,(#3526,#3527,#3528,#3529,#3530,
    #3531),.UNSPECIFIED.,.F.,.F.,(4,2,4),(0.,0.544396723562,1.),
  .UNSPECIFIED.);
#3526 = CARTESIAN_POINT('',(4.100781059358,3.85,8.8));
#3527 = CARTESIAN_POINT('',(4.093910474794,3.85,8.893318922984));
#3528 = CARTESIAN_POINT('',(4.087037305134,3.85,8.98663765568));
#3529 = CARTESIAN_POINT('',(4.074407072549,3.85,9.158054070484));
#3530 = CARTESIAN_POINT('',(4.068650814758,3.85,9.236151811976));
#3531 = CARTESIAN_POINT('',(4.062892611435,3.85,9.314249409999));
#3532 = ORIENTED_EDGE('',*,*,#3487,.T.);
#3533 = ORIENTED_EDGE('',*,*,#1194,.F.);
#3534 = PLANE('',#3535);
#3535 = AXIS2_PLACEMENT_3D('',#3536,#3537,#3538);
#3536 = CARTESIAN_POINT('',(4.2,3.85,8.8));
#3537 = DIRECTION('',(-5.580452358381E-16,1.,0.));
#3538 = DIRECTION('',(-1.,-5.580452358381E-16,0.));
#3539 = ADVANCED_FACE('',(#3540),#3552,.T.);
#3540 = FACE_BOUND('',#3541,.T.);
#3541 = EDGE_LOOP('',(#3542,#3543,#3550,#3551));
#3542 = ORIENTED_EDGE('',*,*,#1232,.F.);
#3543 = ORIENTED_EDGE('',*,*,#3544,.F.);
#3544 = EDGE_CURVE('',#3514,#1178,#3545,.T.);
#3545 = CIRCLE('',#3546,1.613267899286);
#3546 = AXIS2_PLACEMENT_3D('',#3547,#3548,#3549);
#3547 = CARTESIAN_POINT('',(2.5,4.25,9.314249409998));
#3548 = DIRECTION('',(0.,0.,-1.));
#3549 = DIRECTION('',(0.,-1.,0.));
#3550 = ORIENTED_EDGE('',*,*,#3513,.T.);
#3551 = ORIENTED_EDGE('',*,*,#3397,.F.);
#3552 = TOROIDAL_SURFACE('',#3553,1.41377615932,0.2);
#3553 = AXIS2_PLACEMENT_3D('',#3554,#3555,#3556);
#3554 = CARTESIAN_POINT('',(2.5,4.25,9.3));
#3555 = DIRECTION('',(0.,0.,1.));
#3556 = DIRECTION('',(0.,-1.,0.));
#3557 = ADVANCED_FACE('',(#3558),#3568,.T.);
#3558 = FACE_BOUND('',#3559,.T.);
#3559 = EDGE_LOOP('',(#3560,#3561,#3562,#3563,#3564,#3565,#3566,#3567));
#3560 = ORIENTED_EDGE('',*,*,#1164,.F.);
#3561 = ORIENTED_EDGE('',*,*,#3442,.T.);
#3562 = ORIENTED_EDGE('',*,*,#3465,.T.);
#3563 = ORIENTED_EDGE('',*,*,#3495,.F.);
#3564 = ORIENTED_EDGE('',*,*,#3524,.T.);
#3565 = ORIENTED_EDGE('',*,*,#3544,.T.);
#3566 = ORIENTED_EDGE('',*,*,#1177,.T.);
#3567 = ORIENTED_EDGE('',*,*,#1129,.T.);
#3568 = CONICAL_SURFACE('',#3569,1.6,7.130746470381E-02);
#3569 = AXIS2_PLACEMENT_3D('',#3570,#3571,#3572);
#3570 = CARTESIAN_POINT('',(2.5,4.25,9.5));
#3571 = DIRECTION('',(0.,0.,-1.));
#3572 = DIRECTION('',(0.,-1.,0.));
#3573 = ADVANCED_FACE('',(#3574),#3586,.T.);
#3574 = FACE_BOUND('',#3575,.T.);
#3575 = EDGE_LOOP('',(#3576,#3577,#3584,#3585));
#3576 = ORIENTED_EDGE('',*,*,#1120,.F.);
#3577 = ORIENTED_EDGE('',*,*,#3578,.F.);
#3578 = EDGE_CURVE('',#1112,#1110,#3579,.T.);
#3579 = CIRCLE('',#3580,1.6);
#3580 = AXIS2_PLACEMENT_3D('',#3581,#3582,#3583);
#3581 = CARTESIAN_POINT('',(2.5,4.25,8.));
#3582 = DIRECTION('',(0.,0.,-1.));
#3583 = DIRECTION('',(0.,-1.,0.));
#3584 = ORIENTED_EDGE('',*,*,#1138,.T.);
#3585 = ORIENTED_EDGE('',*,*,#1170,.F.);
#3586 = TOROIDAL_SURFACE('',#3587,1.6,0.1);
#3587 = AXIS2_PLACEMENT_3D('',#3588,#3589,#3590);
#3588 = CARTESIAN_POINT('',(2.5,4.25,8.1));
#3589 = DIRECTION('',(0.,0.,1.));
#3590 = DIRECTION('',(0.,-1.,0.));
#3591 = ADVANCED_FACE('',(#3592,#3596),#3606,.T.);
#3592 = FACE_BOUND('',#3593,.T.);
#3593 = EDGE_LOOP('',(#3594,#3595));
#3594 = ORIENTED_EDGE('',*,*,#3578,.T.);
#3595 = ORIENTED_EDGE('',*,*,#1109,.T.);
#3596 = FACE_BOUND('',#3597,.T.);
#3597 = EDGE_LOOP('',(#3598,#3599));
#3598 = ORIENTED_EDGE('',*,*,#1094,.F.);
#3599 = ORIENTED_EDGE('',*,*,#3600,.F.);
#3600 = EDGE_CURVE('',#1087,#1068,#3601,.T.);
#3601 = CIRCLE('',#3602,1.75);
#3602 = AXIS2_PLACEMENT_3D('',#3603,#3604,#3605);
#3603 = CARTESIAN_POINT('',(2.5,4.25,8.));
#3604 = DIRECTION('',(0.,0.,-1.));
#3605 = DIRECTION('',(1.,0.,0.));
#3606 = PLANE('',#3607);
#3607 = AXIS2_PLACEMENT_3D('',#3608,#3609,#3610);
#3608 = CARTESIAN_POINT('',(144.045,0.878960336775,8.));
#3609 = DIRECTION('',(0.,0.,1.));
#3610 = DIRECTION('',(1.,0.,-0.));
#3611 = ADVANCED_FACE('',(#3612),#3618,.F.);
#3612 = FACE_BOUND('',#3613,.F.);
#3613 = EDGE_LOOP('',(#3614,#3615,#3616,#3617));
#3614 = ORIENTED_EDGE('',*,*,#3043,.F.);
#3615 = ORIENTED_EDGE('',*,*,#1067,.F.);
#3616 = ORIENTED_EDGE('',*,*,#3600,.F.);
#3617 = ORIENTED_EDGE('',*,*,#1086,.T.);
#3618 = CYLINDRICAL_SURFACE('',#3619,1.75);
#3619 = AXIS2_PLACEMENT_3D('',#3620,#3621,#3622);
#3620 = CARTESIAN_POINT('',(2.5,4.25,10.));
#3621 = DIRECTION('',(0.,-3.675221047035E-15,1.));
#3622 = DIRECTION('',(0.,-1.,-3.675221047035E-15));
#3623 = ADVANCED_FACE('',(#3624),#3658,.T.);
#3624 = FACE_BOUND('',#3625,.T.);
#3625 = EDGE_LOOP('',(#3626,#3636,#3644,#3652));
#3626 = ORIENTED_EDGE('',*,*,#3627,.T.);
#3627 = EDGE_CURVE('',#3628,#3630,#3632,.T.);
#3628 = VERTEX_POINT('',#3629);
#3629 = CARTESIAN_POINT('',(0.,1.56,6.2));
#3630 = VERTEX_POINT('',#3631);
#3631 = CARTESIAN_POINT('',(0.55,1.877542648054,6.2));
#3632 = LINE('',#3633,#3634);
#3633 = CARTESIAN_POINT('',(0.,1.56,6.2));
#3634 = VECTOR('',#3635,1.);
#3635 = DIRECTION('',(0.866025403785,0.5,0.));
#3636 = ORIENTED_EDGE('',*,*,#3637,.T.);
#3637 = EDGE_CURVE('',#3630,#3638,#3640,.T.);
#3638 = VERTEX_POINT('',#3639);
#3639 = CARTESIAN_POINT('',(0.55,0.622457351946,6.2));
#3640 = LINE('',#3641,#3642);
#3641 = CARTESIAN_POINT('',(0.55,1.65237604307,6.2));
#3642 = VECTOR('',#3643,1.);
#3643 = DIRECTION('',(4.311199699515E-15,-1.,0.));
#3644 = ORIENTED_EDGE('',*,*,#3645,.T.);
#3645 = EDGE_CURVE('',#3638,#3646,#3648,.T.);
#3646 = VERTEX_POINT('',#3647);
#3647 = CARTESIAN_POINT('',(0.,0.94,6.2));
#3648 = LINE('',#3649,#3650);
#3649 = CARTESIAN_POINT('',(0.355,0.735040654438,6.2));
#3650 = VECTOR('',#3651,1.);
#3651 = DIRECTION('',(-0.866025403784,0.5,0.));
#3652 = ORIENTED_EDGE('',*,*,#3653,.T.);
#3653 = EDGE_CURVE('',#3646,#3628,#3654,.T.);
#3654 = LINE('',#3655,#3656);
#3655 = CARTESIAN_POINT('',(0.,0.94,6.2));
#3656 = VECTOR('',#3657,1.);
#3657 = DIRECTION('',(0.,1.,0.));
#3658 = PLANE('',#3659);
#3659 = AXIS2_PLACEMENT_3D('',#3660,#3661,#3662);
#3660 = CARTESIAN_POINT('',(0.42,1.65237604307,6.2));
#3661 = DIRECTION('',(0.,0.,-1.));
#3662 = DIRECTION('',(-1.,0.,0.));
#3663 = ADVANCED_FACE('',(#3664),#3680,.F.);
#3664 = FACE_BOUND('',#3665,.T.);
#3665 = EDGE_LOOP('',(#3666,#3667,#3673,#3674));
#3666 = ORIENTED_EDGE('',*,*,#3637,.F.);
#3667 = ORIENTED_EDGE('',*,*,#3668,.T.);
#3668 = EDGE_CURVE('',#3630,#3115,#3669,.T.);
#3669 = LINE('',#3670,#3671);
#3670 = CARTESIAN_POINT('',(0.55,1.877542648054,6.2));
#3671 = VECTOR('',#3672,1.);
#3672 = DIRECTION('',(0.,0.,-1.));
#3673 = ORIENTED_EDGE('',*,*,#3114,.T.);
#3674 = ORIENTED_EDGE('',*,*,#3675,.F.);
#3675 = EDGE_CURVE('',#3638,#3107,#3676,.T.);
#3676 = LINE('',#3677,#3678);
#3677 = CARTESIAN_POINT('',(0.55,0.622457351946,6.2));
#3678 = VECTOR('',#3679,1.);
#3679 = DIRECTION('',(0.,0.,-1.));
#3680 = PLANE('',#3681);
#3681 = AXIS2_PLACEMENT_3D('',#3682,#3683,#3684);
#3682 = CARTESIAN_POINT('',(0.55,1.65237604307,6.2));
#3683 = DIRECTION('',(1.,4.311199699515E-15,0.));
#3684 = DIRECTION('',(-4.311199699515E-15,1.,0.));
#3685 = ADVANCED_FACE('',(#3686),#3720,.T.);
#3686 = FACE_BOUND('',#3687,.T.);
#3687 = EDGE_LOOP('',(#3688,#3698,#3706,#3714));
#3688 = ORIENTED_EDGE('',*,*,#3689,.F.);
#3689 = EDGE_CURVE('',#3690,#3692,#3694,.T.);
#3690 = VERTEX_POINT('',#3691);
#3691 = CARTESIAN_POINT('',(4.55,6.25,5.7));
#3692 = VERTEX_POINT('',#3693);
#3693 = CARTESIAN_POINT('',(4.55,7.25,5.7));
#3694 = LINE('',#3695,#3696);
#3695 = CARTESIAN_POINT('',(4.55,2.2,5.7));
#3696 = VECTOR('',#3697,1.);
#3697 = DIRECTION('',(0.,1.,0.));
#3698 = ORIENTED_EDGE('',*,*,#3699,.T.);
#3699 = EDGE_CURVE('',#3690,#3700,#3702,.T.);
#3700 = VERTEX_POINT('',#3701);
#3701 = CARTESIAN_POINT('',(0.45,6.25,5.7));
#3702 = LINE('',#3703,#3704);
#3703 = CARTESIAN_POINT('',(0.45,6.25,5.7));
#3704 = VECTOR('',#3705,1.);
#3705 = DIRECTION('',(-1.,0.,0.));
#3706 = ORIENTED_EDGE('',*,*,#3707,.T.);
#3707 = EDGE_CURVE('',#3700,#3708,#3710,.T.);
#3708 = VERTEX_POINT('',#3709);
#3709 = CARTESIAN_POINT('',(0.45,7.25,5.7));
#3710 = LINE('',#3711,#3712);
#3711 = CARTESIAN_POINT('',(0.45,2.2,5.7));
#3712 = VECTOR('',#3713,1.);
#3713 = DIRECTION('',(0.,1.,0.));
#3714 = ORIENTED_EDGE('',*,*,#3715,.T.);
#3715 = EDGE_CURVE('',#3708,#3692,#3716,.T.);
#3716 = LINE('',#3717,#3718);
#3717 = CARTESIAN_POINT('',(4.55,7.25,5.7));
#3718 = VECTOR('',#3719,1.);
#3719 = DIRECTION('',(1.,0.,0.));
#3720 = PLANE('',#3721);
#3721 = AXIS2_PLACEMENT_3D('',#3722,#3723,#3724);
#3722 = CARTESIAN_POINT('',(4.55,2.2,5.7));
#3723 = DIRECTION('',(0.,0.,-1.));
#3724 = DIRECTION('',(-1.,0.,0.));
#3725 = ADVANCED_FACE('',(#3726),#3742,.T.);
#3726 = FACE_BOUND('',#3727,.T.);
#3727 = EDGE_LOOP('',(#3728,#3729,#3735,#3736));
#3728 = ORIENTED_EDGE('',*,*,#3301,.F.);
#3729 = ORIENTED_EDGE('',*,*,#3730,.F.);
#3730 = EDGE_CURVE('',#3334,#3294,#3731,.T.);
#3731 = LINE('',#3732,#3733);
#3732 = CARTESIAN_POINT('',(3.856060606061,-1.265151515151,
    4.056060606061));
#3733 = VECTOR('',#3734,1.);
#3734 = DIRECTION('',(-0.348155311911,0.870388279778,-0.348155311911));
#3735 = ORIENTED_EDGE('',*,*,#3331,.F.);
#3736 = ORIENTED_EDGE('',*,*,#3737,.F.);
#3737 = EDGE_CURVE('',#3302,#3332,#3738,.T.);
#3738 = LINE('',#3739,#3740);
#3739 = CARTESIAN_POINT('',(4.804545454545,7.886363636364,0.395454545455
    ));
#3740 = VECTOR('',#3741,1.);
#3741 = DIRECTION('',(-0.348155311911,-0.870388279778,0.348155311911));
#3742 = PLANE('',#3743);
#3743 = AXIS2_PLACEMENT_3D('',#3744,#3745,#3746);
#3744 = CARTESIAN_POINT('',(30.,7.75,0.45));
#3745 = DIRECTION('',(3.928415396527E-16,0.371390676354,0.928476690885)
  );
#3746 = DIRECTION('',(0.,-0.928476690885,0.371390676354));
#3747 = ADVANCED_FACE('',(#3748),#3764,.T.);
#3748 = FACE_BOUND('',#3749,.T.);
#3749 = EDGE_LOOP('',(#3750,#3756,#3757,#3763));
#3750 = ORIENTED_EDGE('',*,*,#3751,.T.);
#3751 = EDGE_CURVE('',#3350,#3690,#3752,.T.);
#3752 = LINE('',#3753,#3754);
#3753 = CARTESIAN_POINT('',(4.55,6.25,0.75));
#3754 = VECTOR('',#3755,1.);
#3755 = DIRECTION('',(1.717547996017E-16,0.,1.));
#3756 = ORIENTED_EDGE('',*,*,#3689,.T.);
#3757 = ORIENTED_EDGE('',*,*,#3758,.T.);
#3758 = EDGE_CURVE('',#3692,#3332,#3759,.T.);
#3759 = LINE('',#3760,#3761);
#3760 = CARTESIAN_POINT('',(4.55,7.25,0.65));
#3761 = VECTOR('',#3762,1.);
#3762 = DIRECTION('',(-1.717547996017E-16,0.,-1.));
#3763 = ORIENTED_EDGE('',*,*,#3357,.F.);
#3764 = PLANE('',#3765);
#3765 = AXIS2_PLACEMENT_3D('',#3766,#3767,#3768);
#3766 = CARTESIAN_POINT('',(4.55,2.2,0.75));
#3767 = DIRECTION('',(-1.,0.,1.717547996017E-16));
#3768 = DIRECTION('',(1.717547996017E-16,0.,1.));
#3769 = ADVANCED_FACE('',(#3770),#3786,.T.);
#3770 = FACE_BOUND('',#3771,.T.);
#3771 = EDGE_LOOP('',(#3772,#3778,#3779,#3785));
#3772 = ORIENTED_EDGE('',*,*,#3773,.T.);
#3773 = EDGE_CURVE('',#3700,#3342,#3774,.T.);
#3774 = LINE('',#3775,#3776);
#3775 = CARTESIAN_POINT('',(0.45,6.25,0.65));
#3776 = VECTOR('',#3777,1.);
#3777 = DIRECTION('',(0.,0.,-1.));
#3778 = ORIENTED_EDGE('',*,*,#3341,.T.);
#3779 = ORIENTED_EDGE('',*,*,#3780,.T.);
#3780 = EDGE_CURVE('',#3334,#3708,#3781,.T.);
#3781 = LINE('',#3782,#3783);
#3782 = CARTESIAN_POINT('',(0.45,7.25,5.7));
#3783 = VECTOR('',#3784,1.);
#3784 = DIRECTION('',(5.15264398805E-16,0.,1.));
#3785 = ORIENTED_EDGE('',*,*,#3707,.F.);
#3786 = PLANE('',#3787);
#3787 = AXIS2_PLACEMENT_3D('',#3788,#3789,#3790);
#3788 = CARTESIAN_POINT('',(0.45,2.2,5.8));
#3789 = DIRECTION('',(1.,0.,-5.15264398805E-16));
#3790 = DIRECTION('',(-5.15264398805E-16,0.,-1.));
#3791 = ADVANCED_FACE('',(#3792),#3819,.F.);
#3792 = FACE_BOUND('',#3793,.T.);
#3793 = EDGE_LOOP('',(#3794,#3795,#3801,#3802,#3803,#3804,#3805,#3806,
    #3807,#3808,#3809,#3810,#3811,#3812,#3813));
#3794 = ORIENTED_EDGE('',*,*,#3653,.F.);
#3795 = ORIENTED_EDGE('',*,*,#3796,.T.);
#3796 = EDGE_CURVE('',#3646,#3099,#3797,.T.);
#3797 = LINE('',#3798,#3799);
#3798 = CARTESIAN_POINT('',(0.,0.94,6.2));
#3799 = VECTOR('',#3800,1.);
#3800 = DIRECTION('',(0.,0.,-1.));
#3801 = ORIENTED_EDGE('',*,*,#3098,.F.);
#3802 = ORIENTED_EDGE('',*,*,#3179,.F.);
#3803 = ORIENTED_EDGE('',*,*,#3196,.T.);
#3804 = ORIENTED_EDGE('',*,*,#3067,.F.);
#3805 = ORIENTED_EDGE('',*,*,#3214,.T.);
#3806 = ORIENTED_EDGE('',*,*,#3026,.F.);
#3807 = ORIENTED_EDGE('',*,*,#3232,.T.);
#3808 = ORIENTED_EDGE('',*,*,#2991,.F.);
#3809 = ORIENTED_EDGE('',*,*,#2967,.F.);
#3810 = ORIENTED_EDGE('',*,*,#3257,.T.);
#3811 = ORIENTED_EDGE('',*,*,#3275,.F.);
#3812 = ORIENTED_EDGE('',*,*,#3130,.F.);
#3813 = ORIENTED_EDGE('',*,*,#3814,.F.);
#3814 = EDGE_CURVE('',#3628,#3123,#3815,.T.);
#3815 = LINE('',#3816,#3817);
#3816 = CARTESIAN_POINT('',(0.,1.56,6.2));
#3817 = VECTOR('',#3818,1.);
#3818 = DIRECTION('',(0.,0.,-1.));
#3819 = PLANE('',#3820);
#3820 = AXIS2_PLACEMENT_3D('',#3821,#3822,#3823);
#3821 = CARTESIAN_POINT('',(0.,4.9,3.275));
#3822 = DIRECTION('',(1.,0.,-5.15264398805E-16));
#3823 = DIRECTION('',(-5.15264398805E-16,0.,-1.));
#3824 = ADVANCED_FACE('',(#3825),#3836,.T.);
#3825 = FACE_BOUND('',#3826,.T.);
#3826 = EDGE_LOOP('',(#3827,#3828,#3829,#3835));
#3827 = ORIENTED_EDGE('',*,*,#3737,.T.);
#3828 = ORIENTED_EDGE('',*,*,#3758,.F.);
#3829 = ORIENTED_EDGE('',*,*,#3830,.F.);
#3830 = EDGE_CURVE('',#3310,#3692,#3831,.T.);
#3831 = LINE('',#3832,#3833);
#3832 = CARTESIAN_POINT('',(7.810606060606,15.401515151515,
    8.960606060606));
#3833 = VECTOR('',#3834,1.);
#3834 = DIRECTION('',(-0.348155311911,-0.870388279778,-0.348155311911));
#3835 = ORIENTED_EDGE('',*,*,#3309,.F.);
#3836 = PLANE('',#3837);
#3837 = AXIS2_PLACEMENT_3D('',#3838,#3839,#3840);
#3838 = CARTESIAN_POINT('',(4.75,7.75,-3.392157292133E-15));
#3839 = DIRECTION('',(-0.928476690885,0.371390676354,1.594703279778E-16)
  );
#3840 = DIRECTION('',(-0.371390676354,-0.928476690885,0.));
#3841 = ADVANCED_FACE('',(#3842),#3853,.T.);
#3842 = FACE_BOUND('',#3843,.T.);
#3843 = EDGE_LOOP('',(#3844,#3845,#3846,#3852));
#3844 = ORIENTED_EDGE('',*,*,#3730,.T.);
#3845 = ORIENTED_EDGE('',*,*,#3291,.F.);
#3846 = ORIENTED_EDGE('',*,*,#3847,.F.);
#3847 = EDGE_CURVE('',#3708,#3292,#3848,.T.);
#3848 = LINE('',#3849,#3850);
#3849 = CARTESIAN_POINT('',(3.856060606061,-1.265151515151,
    2.293939393939));
#3850 = VECTOR('',#3851,1.);
#3851 = DIRECTION('',(-0.348155311911,0.870388279778,0.348155311911));
#3852 = ORIENTED_EDGE('',*,*,#3780,.F.);
#3853 = PLANE('',#3854);
#3854 = AXIS2_PLACEMENT_3D('',#3855,#3856,#3857);
#3855 = CARTESIAN_POINT('',(0.25,7.75,7.600149882374E-15));
#3856 = DIRECTION('',(0.928476690885,0.371390676354,-4.784109839334E-16)
  );
#3857 = DIRECTION('',(-0.371390676354,0.928476690885,-9.860761315263E-32
    ));
#3858 = ADVANCED_FACE('',(#3859),#3865,.T.);
#3859 = FACE_BOUND('',#3860,.T.);
#3860 = EDGE_LOOP('',(#3861,#3862,#3863,#3864));
#3861 = ORIENTED_EDGE('',*,*,#3830,.T.);
#3862 = ORIENTED_EDGE('',*,*,#3715,.F.);
#3863 = ORIENTED_EDGE('',*,*,#3847,.T.);
#3864 = ORIENTED_EDGE('',*,*,#3317,.F.);
#3865 = PLANE('',#3866);
#3866 = AXIS2_PLACEMENT_3D('',#3867,#3868,#3869);
#3867 = CARTESIAN_POINT('',(30.,7.75,5.9));
#3868 = DIRECTION('',(0.,0.371390676354,-0.928476690885));
#3869 = DIRECTION('',(0.,0.928476690885,0.371390676354));
#3870 = ADVANCED_FACE('',(#3871),#3877,.F.);
#3871 = FACE_BOUND('',#3872,.T.);
#3872 = EDGE_LOOP('',(#3873,#3874,#3875,#3876));
#3873 = ORIENTED_EDGE('',*,*,#3122,.T.);
#3874 = ORIENTED_EDGE('',*,*,#3668,.F.);
#3875 = ORIENTED_EDGE('',*,*,#3627,.F.);
#3876 = ORIENTED_EDGE('',*,*,#3814,.T.);
#3877 = PLANE('',#3878);
#3878 = AXIS2_PLACEMENT_3D('',#3879,#3880,#3881);
#3879 = CARTESIAN_POINT('',(0.,1.56,6.2));
#3880 = DIRECTION('',(-0.5,0.866025403785,0.));
#3881 = DIRECTION('',(-0.866025403785,-0.5,0.));
#3882 = ADVANCED_FACE('',(#3883),#3889,.F.);
#3883 = FACE_BOUND('',#3884,.T.);
#3884 = EDGE_LOOP('',(#3885,#3886,#3887,#3888));
#3885 = ORIENTED_EDGE('',*,*,#3106,.T.);
#3886 = ORIENTED_EDGE('',*,*,#3796,.F.);
#3887 = ORIENTED_EDGE('',*,*,#3645,.F.);
#3888 = ORIENTED_EDGE('',*,*,#3675,.T.);
#3889 = PLANE('',#3890);
#3890 = AXIS2_PLACEMENT_3D('',#3891,#3892,#3893);
#3891 = CARTESIAN_POINT('',(0.355,0.735040654438,6.2));
#3892 = DIRECTION('',(-0.5,-0.866025403784,0.));
#3893 = DIRECTION('',(0.866025403784,-0.5,0.));
#3894 = ADVANCED_FACE('',(#3895),#3971,.T.);
#3895 = FACE_BOUND('',#3896,.T.);
#3896 = EDGE_LOOP('',(#3897,#3907,#3916,#3927,#3936,#3944,#3953,#3964));
#3897 = ORIENTED_EDGE('',*,*,#3898,.F.);
#3898 = EDGE_CURVE('',#3899,#3901,#3903,.T.);
#3899 = VERTEX_POINT('',#3900);
#3900 = CARTESIAN_POINT('',(4.006141391222,6.25,5.699344090454));
#3901 = VERTEX_POINT('',#3902);
#3902 = CARTESIAN_POINT('',(0.993858608708,6.25,5.699344090454));
#3903 = LINE('',#3904,#3905);
#3904 = CARTESIAN_POINT('',(-0.5,6.25,5.699344090454));
#3905 = VECTOR('',#3906,1.);
#3906 = DIRECTION('',(-1.,0.,0.));
#3907 = ORIENTED_EDGE('',*,*,#3908,.T.);
#3908 = EDGE_CURVE('',#3899,#3909,#3911,.T.);
#3909 = VERTEX_POINT('',#3910);
#3910 = CARTESIAN_POINT('',(3.976897247608,6.379062758812,5.679065084669
    ));
#3911 = B_SPLINE_CURVE_WITH_KNOTS('',3,(#3912,#3913,#3914,#3915),
  .UNSPECIFIED.,.F.,.F.,(4,4),(8.673617379884E-19,1.342552525288E-04),
  .PIECEWISE_BEZIER_KNOTS.);
#3912 = CARTESIAN_POINT('',(4.006141391222,6.25,5.699344090454));
#3913 = CARTESIAN_POINT('',(3.986631417076,6.290959454332,5.69742731248)
  );
#3914 = CARTESIAN_POINT('',(3.977026237072,6.335242407713,5.690954293788
    ));
#3915 = CARTESIAN_POINT('',(3.976897247608,6.379062758812,5.679065084669
    ));
#3916 = ORIENTED_EDGE('',*,*,#3917,.T.);
#3917 = EDGE_CURVE('',#3909,#3918,#3920,.T.);
#3918 = VERTEX_POINT('',#3919);
#3919 = CARTESIAN_POINT('',(3.924099116622,6.782835288288,5.31309743822)
  );
#3920 = B_SPLINE_CURVE_WITH_KNOTS('',3,(#3921,#3922,#3923,#3924,#3925,
    #3926),.UNSPECIFIED.,.F.,.F.,(4,2,4),(2.346233479064E-12,
    2.833862374372E-04,5.667724725281E-04),.UNSPECIFIED.);
#3921 = CARTESIAN_POINT('',(3.976897247608,6.379062758812,5.679065084669
    ));
#3922 = CARTESIAN_POINT('',(3.976625506912,6.471519156492,5.653980085903
    ));
#3923 = CARTESIAN_POINT('',(3.97570627036,6.556592746008,5.606841195524)
  );
#3924 = CARTESIAN_POINT('',(3.961949539591,6.695801930971,5.479919482987
    ));
#3925 = CARTESIAN_POINT('',(3.948605801298,6.749926634482,5.399714607633
    ));
#3926 = CARTESIAN_POINT('',(3.924099116622,6.782835288288,5.31309743822)
  );
#3927 = ORIENTED_EDGE('',*,*,#3928,.F.);
#3928 = EDGE_CURVE('',#3929,#3918,#3931,.T.);
#3929 = VERTEX_POINT('',#3930);
#3930 = CARTESIAN_POINT('',(3.875649002071,6.820490948317,5.141853884246
    ));
#3931 = ( BOUNDED_CURVE() B_SPLINE_CURVE(3,(#3932,#3933,#3934,#3935),
.UNSPECIFIED.,.F.,.F.) B_SPLINE_CURVE_WITH_KNOTS((4,4),(4.782202150464,
5.075476764892),.PIECEWISE_BEZIER_KNOTS.) CURVE() 
GEOMETRIC_REPRESENTATION_ITEM() RATIONAL_B_SPLINE_CURVE((1.,
0.992845334106,0.992845334106,1.)) REPRESENTATION_ITEM('') );
#3932 = CARTESIAN_POINT('',(3.875649002071,6.820490948317,5.141853884246
    ));
#3933 = CARTESIAN_POINT('',(3.892263480589,6.816384655953,5.200576600905
    ));
#3934 = CARTESIAN_POINT('',(3.908529899566,6.803742317569,5.258069125367
    ));
#3935 = CARTESIAN_POINT('',(3.924099116622,6.782835288288,5.31309743822)
  );
#3936 = ORIENTED_EDGE('',*,*,#3937,.F.);
#3937 = EDGE_CURVE('',#3938,#3929,#3940,.T.);
#3938 = VERTEX_POINT('',#3939);
#3939 = CARTESIAN_POINT('',(1.124350997929,6.820490948317,5.141853884247
    ));
#3940 = LINE('',#3941,#3942);
#3941 = CARTESIAN_POINT('',(-0.5,6.820490948317,5.141853884247));
#3942 = VECTOR('',#3943,1.);
#3943 = DIRECTION('',(1.,0.,0.));
#3944 = ORIENTED_EDGE('',*,*,#3945,.T.);
#3945 = EDGE_CURVE('',#3938,#3946,#3948,.T.);
#3946 = VERTEX_POINT('',#3947);
#3947 = CARTESIAN_POINT('',(1.075900883378,6.782835288288,5.31309743822)
  );
#3948 = ( BOUNDED_CURVE() B_SPLINE_CURVE(3,(#3949,#3950,#3951,#3952),
.UNSPECIFIED.,.F.,.F.) B_SPLINE_CURVE_WITH_KNOTS((4,4),(1.640609496875,
1.933884111302),.PIECEWISE_BEZIER_KNOTS.) CURVE() 
GEOMETRIC_REPRESENTATION_ITEM() RATIONAL_B_SPLINE_CURVE((1.,
0.992845334106,0.992845334106,1.)) REPRESENTATION_ITEM('') );
#3949 = CARTESIAN_POINT('',(1.124350997929,6.820490948317,5.141853884247
    ));
#3950 = CARTESIAN_POINT('',(1.107736519411,6.816384655953,5.200576600905
    ));
#3951 = CARTESIAN_POINT('',(1.091470100434,6.803742317569,5.258069125367
    ));
#3952 = CARTESIAN_POINT('',(1.075900883378,6.782835288288,5.31309743822)
  );
#3953 = ORIENTED_EDGE('',*,*,#3954,.T.);
#3954 = EDGE_CURVE('',#3946,#3955,#3957,.T.);
#3955 = VERTEX_POINT('',#3956);
#3956 = CARTESIAN_POINT('',(1.023102752131,6.379062758813,5.679065084669
    ));
#3957 = B_SPLINE_CURVE_WITH_KNOTS('',3,(#3958,#3959,#3960,#3961,#3962,
    #3963),.UNSPECIFIED.,.F.,.F.,(4,2,4),(8.673617379884E-19,
    2.833620155393E-04,5.667240310786E-04),.UNSPECIFIED.);
#3958 = CARTESIAN_POINT('',(1.075900883378,6.782835288288,5.31309743822)
  );
#3959 = CARTESIAN_POINT('',(1.051396625977,6.749929893934,5.399706028596
    ));
#3960 = CARTESIAN_POINT('',(1.038082531322,6.695996851929,5.479691494257
    ));
#3961 = CARTESIAN_POINT('',(1.024296180806,6.556746841721,5.60675084815)
  );
#3962 = CARTESIAN_POINT('',(1.023374480557,6.471514946771,5.653981231911
    ));
#3963 = CARTESIAN_POINT('',(1.023102752131,6.379062758813,5.679065084669
    ));
#3964 = ORIENTED_EDGE('',*,*,#3965,.T.);
#3965 = EDGE_CURVE('',#3955,#3901,#3966,.T.);
#3966 = B_SPLINE_CURVE_WITH_KNOTS('',3,(#3967,#3968,#3969,#3970),
  .UNSPECIFIED.,.F.,.F.,(4,4),(2.431334016083E-11,1.34274965983E-04),
  .PIECEWISE_BEZIER_KNOTS.);
#3967 = CARTESIAN_POINT('',(1.023102752131,6.379062758813,5.679065084669
    ));
#3968 = CARTESIAN_POINT('',(1.022973818584,6.335261413134,5.690949137293
    ));
#3969 = CARTESIAN_POINT('',(1.013368699864,6.290959700102,5.697427300979
    ));
#3970 = CARTESIAN_POINT('',(0.993858608708,6.25,5.699344090454));
#3971 = CYLINDRICAL_SURFACE('',#3972,0.6);
#3972 = AXIS2_PLACEMENT_3D('',#3973,#3974,#3975);
#3973 = CARTESIAN_POINT('',(-0.5,6.221952518162,5.1));
#3974 = DIRECTION('',(1.,0.,0.));
#3975 = DIRECTION('',(0.,0.,-1.));
#3976 = ADVANCED_FACE('',(#3977),#4002,.T.);
#3977 = FACE_BOUND('',#3978,.T.);
#3978 = EDGE_LOOP('',(#3979,#3987,#3995,#4001));
#3979 = ORIENTED_EDGE('',*,*,#3980,.F.);
#3980 = EDGE_CURVE('',#3981,#3929,#3983,.T.);
#3981 = VERTEX_POINT('',#3982);
#3982 = CARTESIAN_POINT('',(3.553947254148,6.9,4.004821471746));
#3983 = LINE('',#3984,#3985);
#3984 = CARTESIAN_POINT('',(3.254835393828,6.973925928331,2.947631442961
    ));
#3985 = VECTOR('',#3986,1.);
#3986 = DIRECTION('',(0.271630022788,-6.713375248915E-02,0.960057388908)
  );
#3987 = ORIENTED_EDGE('',*,*,#3988,.F.);
#3988 = EDGE_CURVE('',#3989,#3981,#3991,.T.);
#3989 = VERTEX_POINT('',#3990);
#3990 = CARTESIAN_POINT('',(1.446052745852,6.9,4.004821471746));
#3991 = LINE('',#3992,#3993);
#3992 = CARTESIAN_POINT('',(-0.5,6.9,4.004821471746));
#3993 = VECTOR('',#3994,1.);
#3994 = DIRECTION('',(1.,0.,0.));
#3995 = ORIENTED_EDGE('',*,*,#3996,.T.);
#3996 = EDGE_CURVE('',#3989,#3938,#3997,.T.);
#3997 = LINE('',#3998,#3999);
#3998 = CARTESIAN_POINT('',(1.302467390494,6.864512672021,4.512313905521
    ));
#3999 = VECTOR('',#4000,1.);
#4000 = DIRECTION('',(-0.271630022788,-6.713375248915E-02,0.960057388908
    ));
#4001 = ORIENTED_EDGE('',*,*,#3937,.T.);
#4002 = PLANE('',#4003);
#4003 = AXIS2_PLACEMENT_3D('',#4004,#4005,#4006);
#4004 = CARTESIAN_POINT('',(-0.5,6.9,4.004821471746));
#4005 = DIRECTION('',(0.,0.99756405026,6.975647374413E-02));
#4006 = DIRECTION('',(0.,6.975647374413E-02,-0.99756405026));
#4007 = ADVANCED_FACE('',(#4008),#4080,.F.);
#4008 = FACE_BOUND('',#4009,.F.);
#4009 = EDGE_LOOP('',(#4010,#4021,#4030,#4038,#4047,#4056,#4065,#4073));
#4010 = ORIENTED_EDGE('',*,*,#4011,.F.);
#4011 = EDGE_CURVE('',#4012,#4014,#4016,.T.);
#4012 = VERTEX_POINT('',#4013);
#4013 = CARTESIAN_POINT('',(3.924099116622,6.560463200156,5.31309743822)
  );
#4014 = VERTEX_POINT('',#4015);
#4015 = CARTESIAN_POINT('',(3.958155913534,6.384612859889,5.465433459373
    ));
#4016 = B_SPLINE_CURVE_WITH_KNOTS('',3,(#4017,#4018,#4019,#4020),
  .UNSPECIFIED.,.F.,.F.,(4,4),(0.,2.372961508687E-04),
  .PIECEWISE_BEZIER_KNOTS.);
#4017 = CARTESIAN_POINT('',(3.924099116622,6.560463200156,5.31309743822)
  );
#4018 = CARTESIAN_POINT('',(3.942782050535,6.518894125888,5.379130966346
    ));
#4019 = CARTESIAN_POINT('',(3.952762705857,6.457752998364,5.432877601088
    ));
#4020 = CARTESIAN_POINT('',(3.958155913534,6.384612859889,5.465433459373
    ));
#4021 = ORIENTED_EDGE('',*,*,#4022,.T.);
#4022 = EDGE_CURVE('',#4012,#4023,#4025,.T.);
#4023 = VERTEX_POINT('',#4024);
#4024 = CARTESIAN_POINT('',(3.871701747923,6.620978138265,5.127902589498
    ));
#4025 = ( BOUNDED_CURVE() B_SPLINE_CURVE(3,(#4026,#4027,#4028,#4029),
.UNSPECIFIED.,.F.,.F.) B_SPLINE_CURVE_WITH_KNOTS((4,4),(1.00895709688,
1.500983156715),.PIECEWISE_BEZIER_KNOTS.) CURVE() 
GEOMETRIC_REPRESENTATION_ITEM() RATIONAL_B_SPLINE_CURVE((1.,
0.979927406939,0.979927406939,1.)) REPRESENTATION_ITEM('') );
#4026 = CARTESIAN_POINT('',(3.924099116622,6.560463200156,5.31309743822)
  );
#4027 = CARTESIAN_POINT('',(3.908230602241,6.595770259307,5.257011279829
    ));
#4028 = CARTESIAN_POINT('',(3.890407047718,6.616355096402,5.194015168277
    ));
#4029 = CARTESIAN_POINT('',(3.871701747923,6.620978138265,5.127902589498
    ));
#4030 = ORIENTED_EDGE('',*,*,#4031,.F.);
#4031 = EDGE_CURVE('',#4032,#4023,#4034,.T.);
#4032 = VERTEX_POINT('',#4033);
#4033 = CARTESIAN_POINT('',(1.128298252077,6.620978138265,5.127902589498
    ));
#4034 = LINE('',#4035,#4036);
#4035 = CARTESIAN_POINT('',(-0.5,6.620978138265,5.127902589498));
#4036 = VECTOR('',#4037,1.);
#4037 = DIRECTION('',(1.,0.,0.));
#4038 = ORIENTED_EDGE('',*,*,#4039,.F.);
#4039 = EDGE_CURVE('',#4040,#4032,#4042,.T.);
#4040 = VERTEX_POINT('',#4041);
#4041 = CARTESIAN_POINT('',(1.075900883378,6.560463200156,5.31309743822)
  );
#4042 = ( BOUNDED_CURVE() B_SPLINE_CURVE(3,(#4043,#4044,#4045,#4046),
.UNSPECIFIED.,.F.,.F.) B_SPLINE_CURVE_WITH_KNOTS((4,4),(4.15054975047,
4.642575810305),.PIECEWISE_BEZIER_KNOTS.) CURVE() 
GEOMETRIC_REPRESENTATION_ITEM() RATIONAL_B_SPLINE_CURVE((1.,
0.979927406939,0.979927406939,1.)) REPRESENTATION_ITEM('') );
#4043 = CARTESIAN_POINT('',(1.075900883378,6.560463200156,5.31309743822)
  );
#4044 = CARTESIAN_POINT('',(1.091769397759,6.595770259307,5.257011279829
    ));
#4045 = CARTESIAN_POINT('',(1.109592952282,6.616355096402,5.194015168277
    ));
#4046 = CARTESIAN_POINT('',(1.128298252077,6.620978138265,5.127902589498
    ));
#4047 = ORIENTED_EDGE('',*,*,#4048,.F.);
#4048 = EDGE_CURVE('',#4049,#4040,#4051,.T.);
#4049 = VERTEX_POINT('',#4050);
#4050 = CARTESIAN_POINT('',(1.041844086466,6.384612859889,5.465433459373
    ));
#4051 = B_SPLINE_CURVE_WITH_KNOTS('',3,(#4052,#4053,#4054,#4055),
  .UNSPECIFIED.,.F.,.F.,(4,4),(8.451082728519E-14,2.372982933282E-04),
  .PIECEWISE_BEZIER_KNOTS.);
#4052 = CARTESIAN_POINT('',(1.041844086466,6.384612859889,5.465433459373
    ));
#4053 = CARTESIAN_POINT('',(1.047237146906,6.457750997099,5.432878492312
    ));
#4054 = CARTESIAN_POINT('',(1.057217321802,6.518892729352,5.379133184779
    ));
#4055 = CARTESIAN_POINT('',(1.075900883378,6.560463200156,5.31309743822)
  );
#4056 = ORIENTED_EDGE('',*,*,#4057,.F.);
#4057 = EDGE_CURVE('',#4058,#4049,#4060,.T.);
#4058 = VERTEX_POINT('',#4059);
#4059 = CARTESIAN_POINT('',(1.005392207408,6.25,5.499015461809));
#4060 = B_SPLINE_CURVE_WITH_KNOTS('',3,(#4061,#4062,#4063,#4064),
  .UNSPECIFIED.,.F.,.F.,(4,4),(1.788112030673E-18,1.440220723646E-04),
  .PIECEWISE_BEZIER_KNOTS.);
#4061 = CARTESIAN_POINT('',(1.005392207408,6.25,5.499015461809));
#4062 = CARTESIAN_POINT('',(1.027326048814,6.293418682409,5.495963488081
    ));
#4063 = CARTESIAN_POINT('',(1.038569758004,6.340207273975,5.485199103683
    ));
#4064 = CARTESIAN_POINT('',(1.041844086466,6.384612859889,5.465433459373
    ));
#4065 = ORIENTED_EDGE('',*,*,#4066,.F.);
#4066 = EDGE_CURVE('',#4067,#4058,#4069,.T.);
#4067 = VERTEX_POINT('',#4068);
#4068 = CARTESIAN_POINT('',(3.994607792362,6.25,5.49901546181));
#4069 = LINE('',#4070,#4071);
#4070 = CARTESIAN_POINT('',(-0.5,6.25,5.499015461809));
#4071 = VECTOR('',#4072,1.);
#4072 = DIRECTION('',(-1.,0.,0.));
#4073 = ORIENTED_EDGE('',*,*,#4074,.F.);
#4074 = EDGE_CURVE('',#4014,#4067,#4075,.T.);
#4075 = B_SPLINE_CURVE_WITH_KNOTS('',3,(#4076,#4077,#4078,#4079),
  .UNSPECIFIED.,.F.,.F.,(4,4),(9.545781775145E-14,1.440939132139E-04),
  .PIECEWISE_BEZIER_KNOTS.);
#4076 = CARTESIAN_POINT('',(3.958155913534,6.384612859889,5.465433459373
    ));
#4077 = CARTESIAN_POINT('',(3.961427646676,6.340242470872,5.485183436974
    ));
#4078 = CARTESIAN_POINT('',(3.972678822234,6.293409039702,5.495964165886
    ));
#4079 = CARTESIAN_POINT('',(3.994607792362,6.25,5.49901546181));
#4080 = CYLINDRICAL_SURFACE('',#4081,0.4);
#4081 = AXIS2_PLACEMENT_3D('',#4082,#4083,#4084);
#4082 = CARTESIAN_POINT('',(-0.5,6.221952518162,5.1));
#4083 = DIRECTION('',(1.,0.,0.));
#4084 = DIRECTION('',(0.,0.,-1.));
#4085 = ADVANCED_FACE('',(#4086),#4111,.T.);
#4086 = FACE_BOUND('',#4087,.T.);
#4087 = EDGE_LOOP('',(#4088,#4096,#4097,#4105));
#4088 = ORIENTED_EDGE('',*,*,#4089,.F.);
#4089 = EDGE_CURVE('',#4023,#4090,#4092,.T.);
#4090 = VERTEX_POINT('',#4091);
#4091 = CARTESIAN_POINT('',(3.55,6.700487189948,3.990870176997));
#4092 = LINE('',#4093,#4094);
#4093 = CARTESIAN_POINT('',(3.549145049326,6.700698492242,3.987848413411
    ));
#4094 = VECTOR('',#4095,1.);
#4095 = DIRECTION('',(-0.271630022788,6.713375248915E-02,-0.960057388908
    ));
#4096 = ORIENTED_EDGE('',*,*,#4031,.F.);
#4097 = ORIENTED_EDGE('',*,*,#4098,.T.);
#4098 = EDGE_CURVE('',#4032,#4099,#4101,.T.);
#4099 = VERTEX_POINT('',#4100);
#4100 = CARTESIAN_POINT('',(1.45,6.700487189948,3.990870176997));
#4101 = LINE('',#4102,#4103);
#4102 = CARTESIAN_POINT('',(1.008157734996,6.591285235931,5.552530875971
    ));
#4103 = VECTOR('',#4104,1.);
#4104 = DIRECTION('',(0.271630022788,6.713375248915E-02,-0.960057388908)
  );
#4105 = ORIENTED_EDGE('',*,*,#4106,.T.);
#4106 = EDGE_CURVE('',#4099,#4090,#4107,.T.);
#4107 = LINE('',#4108,#4109);
#4108 = CARTESIAN_POINT('',(-0.5,6.700487189948,3.990870176997));
#4109 = VECTOR('',#4110,1.);
#4110 = DIRECTION('',(1.,0.,0.));
#4111 = PLANE('',#4112);
#4112 = AXIS2_PLACEMENT_3D('',#4113,#4114,#4115);
#4113 = CARTESIAN_POINT('',(-0.5,6.620978138265,5.127902589498));
#4114 = DIRECTION('',(0.,-0.99756405026,-6.975647374413E-02));
#4115 = DIRECTION('',(0.,-6.975647374413E-02,0.99756405026));
#4116 = ADVANCED_FACE('',(#4117),#4144,.F.);
#4117 = FACE_BOUND('',#4118,.F.);
#4118 = EDGE_LOOP('',(#4119,#4129,#4136,#4137));
#4119 = ORIENTED_EDGE('',*,*,#4120,.F.);
#4120 = EDGE_CURVE('',#4121,#4123,#4125,.T.);
#4121 = VERTEX_POINT('',#4122);
#4122 = CARTESIAN_POINT('',(1.45,6.370920840911,3.569044486295));
#4123 = VERTEX_POINT('',#4124);
#4124 = CARTESIAN_POINT('',(3.55,6.370920840911,3.569044486295));
#4125 = LINE('',#4126,#4127);
#4126 = CARTESIAN_POINT('',(-0.5,6.370920840911,3.569044486295));
#4127 = VECTOR('',#4128,1.);
#4128 = DIRECTION('',(1.,0.,0.));
#4129 = ORIENTED_EDGE('',*,*,#4130,.F.);
#4130 = EDGE_CURVE('',#4099,#4121,#4131,.T.);
#4131 = CIRCLE('',#4132,0.4);
#4132 = AXIS2_PLACEMENT_3D('',#4133,#4134,#4135);
#4133 = CARTESIAN_POINT('',(1.45,6.301461569844,3.9629675875));
#4134 = DIRECTION('',(-1.,0.,3.641714079093E-16));
#4135 = DIRECTION('',(-3.641714079093E-16,0.,-1.));
#4136 = ORIENTED_EDGE('',*,*,#4106,.T.);
#4137 = ORIENTED_EDGE('',*,*,#4138,.T.);
#4138 = EDGE_CURVE('',#4090,#4123,#4139,.T.);
#4139 = CIRCLE('',#4140,0.4);
#4140 = AXIS2_PLACEMENT_3D('',#4141,#4142,#4143);
#4141 = CARTESIAN_POINT('',(3.55,6.301461569844,3.9629675875));
#4142 = DIRECTION('',(-1.,0.,-3.641714079093E-16));
#4143 = DIRECTION('',(3.641714079093E-16,0.,-1.));
#4144 = CYLINDRICAL_SURFACE('',#4145,0.4);
#4145 = AXIS2_PLACEMENT_3D('',#4146,#4147,#4148);
#4146 = CARTESIAN_POINT('',(-0.5,6.301461569844,3.9629675875));
#4147 = DIRECTION('',(1.,0.,0.));
#4148 = DIRECTION('',(0.,0.,-1.));
#4149 = ADVANCED_FACE('',(#4150),#4175,.T.);
#4150 = FACE_BOUND('',#4151,.T.);
#4151 = EDGE_LOOP('',(#4152,#4162,#4168,#4169));
#4152 = ORIENTED_EDGE('',*,*,#4153,.F.);
#4153 = EDGE_CURVE('',#4154,#4156,#4158,.T.);
#4154 = VERTEX_POINT('',#4155);
#4155 = CARTESIAN_POINT('',(3.55,5.95,3.4948247853));
#4156 = VERTEX_POINT('',#4157);
#4157 = CARTESIAN_POINT('',(1.45,5.95,3.4948247853));
#4158 = LINE('',#4159,#4160);
#4159 = CARTESIAN_POINT('',(-0.5,5.95,3.4948247853));
#4160 = VECTOR('',#4161,1.);
#4161 = DIRECTION('',(-1.,0.,0.));
#4162 = ORIENTED_EDGE('',*,*,#4163,.F.);
#4163 = EDGE_CURVE('',#4123,#4154,#4164,.T.);
#4164 = LINE('',#4165,#4166);
#4165 = CARTESIAN_POINT('',(3.55,6.370920840911,3.569044486295));
#4166 = VECTOR('',#4167,1.);
#4167 = DIRECTION('',(6.323770134184E-17,-0.984807753012,-0.173648177667
    ));
#4168 = ORIENTED_EDGE('',*,*,#4120,.F.);
#4169 = ORIENTED_EDGE('',*,*,#4170,.T.);
#4170 = EDGE_CURVE('',#4121,#4156,#4171,.T.);
#4171 = LINE('',#4172,#4173);
#4172 = CARTESIAN_POINT('',(1.45,6.370920840911,3.569044486295));
#4173 = VECTOR('',#4174,1.);
#4174 = DIRECTION('',(-6.323770134184E-17,-0.984807753012,
    -0.173648177667));
#4175 = PLANE('',#4176);
#4176 = AXIS2_PLACEMENT_3D('',#4177,#4178,#4179);
#4177 = CARTESIAN_POINT('',(-0.5,6.370920840911,3.569044486295));
#4178 = DIRECTION('',(0.,-0.173648177667,0.984807753012));
#4179 = DIRECTION('',(0.,0.984807753012,0.173648177667));
#4180 = ADVANCED_FACE('',(#4181),#4215,.T.);
#4181 = FACE_BOUND('',#4182,.T.);
#4182 = EDGE_LOOP('',(#4183,#4193,#4201,#4209));
#4183 = ORIENTED_EDGE('',*,*,#4184,.F.);
#4184 = EDGE_CURVE('',#4185,#4187,#4189,.T.);
#4185 = VERTEX_POINT('',#4186);
#4186 = CARTESIAN_POINT('',(1.45,5.95,3.291739462922));
#4187 = VERTEX_POINT('',#4188);
#4188 = CARTESIAN_POINT('',(3.55,5.95,3.291739462922));
#4189 = LINE('',#4190,#4191);
#4190 = CARTESIAN_POINT('',(-0.5,5.95,3.291739462922));
#4191 = VECTOR('',#4192,1.);
#4192 = DIRECTION('',(1.,0.,0.));
#4193 = ORIENTED_EDGE('',*,*,#4194,.T.);
#4194 = EDGE_CURVE('',#4185,#4195,#4197,.T.);
#4195 = VERTEX_POINT('',#4196);
#4196 = CARTESIAN_POINT('',(1.45,6.405650476444,3.372082935692));
#4197 = LINE('',#4198,#4199);
#4198 = CARTESIAN_POINT('',(1.45,3.592004494645,2.875961234939));
#4199 = VECTOR('',#4200,1.);
#4200 = DIRECTION('',(6.323770134184E-17,0.984807753012,0.173648177667)
  );
#4201 = ORIENTED_EDGE('',*,*,#4202,.T.);
#4202 = EDGE_CURVE('',#4195,#4203,#4205,.T.);
#4203 = VERTEX_POINT('',#4204);
#4204 = CARTESIAN_POINT('',(3.55,6.405650476444,3.372082935692));
#4205 = LINE('',#4206,#4207);
#4206 = CARTESIAN_POINT('',(-0.5,6.405650476444,3.372082935692));
#4207 = VECTOR('',#4208,1.);
#4208 = DIRECTION('',(1.,0.,0.));
#4209 = ORIENTED_EDGE('',*,*,#4210,.F.);
#4210 = EDGE_CURVE('',#4187,#4203,#4211,.T.);
#4211 = LINE('',#4212,#4213);
#4212 = CARTESIAN_POINT('',(3.55,3.592004494645,2.875961234939));
#4213 = VECTOR('',#4214,1.);
#4214 = DIRECTION('',(-6.323770134184E-17,0.984807753012,0.173648177667)
  );
#4215 = PLANE('',#4216);
#4216 = AXIS2_PLACEMENT_3D('',#4217,#4218,#4219);
#4217 = CARTESIAN_POINT('',(-0.5,3.592004494645,2.875961234939));
#4218 = DIRECTION('',(0.,0.173648177667,-0.984807753012));
#4219 = DIRECTION('',(0.,-0.984807753012,-0.173648177667));
#4220 = ADVANCED_FACE('',(#4221),#4257,.T.);
#4221 = FACE_BOUND('',#4222,.T.);
#4222 = EDGE_LOOP('',(#4223,#4232,#4233,#4242,#4249,#4250));
#4223 = ORIENTED_EDGE('',*,*,#4224,.F.);
#4224 = EDGE_CURVE('',#4203,#4225,#4227,.T.);
#4225 = VERTEX_POINT('',#4226);
#4226 = CARTESIAN_POINT('',(3.55,6.900812423268,3.990870176997));
#4227 = CIRCLE('',#4228,0.6);
#4228 = AXIS2_PLACEMENT_3D('',#4229,#4230,#4231);
#4229 = CARTESIAN_POINT('',(3.55,6.301461569844,3.9629675875));
#4230 = DIRECTION('',(1.,0.,3.641714079093E-16));
#4231 = DIRECTION('',(3.641714079093E-16,0.,-1.));
#4232 = ORIENTED_EDGE('',*,*,#4202,.F.);
#4233 = ORIENTED_EDGE('',*,*,#4234,.T.);
#4234 = EDGE_CURVE('',#4195,#4235,#4237,.T.);
#4235 = VERTEX_POINT('',#4236);
#4236 = CARTESIAN_POINT('',(1.45,6.900812423268,3.990870176997));
#4237 = CIRCLE('',#4238,0.6);
#4238 = AXIS2_PLACEMENT_3D('',#4239,#4240,#4241);
#4239 = CARTESIAN_POINT('',(1.45,6.301461569844,3.9629675875));
#4240 = DIRECTION('',(1.,0.,-3.641714079093E-16));
#4241 = DIRECTION('',(-3.641714079093E-16,0.,-1.));
#4242 = ORIENTED_EDGE('',*,*,#4243,.T.);
#4243 = EDGE_CURVE('',#4235,#3989,#4244,.T.);
#4244 = ( BOUNDED_CURVE() B_SPLINE_CURVE(3,(#4245,#4246,#4247,#4248),
.UNSPECIFIED.,.F.,.F.) B_SPLINE_CURVE_WITH_KNOTS((4,4),(1.617317421062,
1.640609496875),.PIECEWISE_BEZIER_KNOTS.) CURVE() 
GEOMETRIC_REPRESENTATION_ITEM() RATIONAL_B_SPLINE_CURVE((1.,
0.999954790445,0.999954790445,1.)) REPRESENTATION_ITEM('') );
#4245 = CARTESIAN_POINT('',(1.45,6.900812423268,3.990870176997));
#4246 = CARTESIAN_POINT('',(1.448683386022,6.90059578196,3.995523657362)
  );
#4247 = CARTESIAN_POINT('',(1.447367575153,6.900324961961,4.000174299198
    ));
#4248 = CARTESIAN_POINT('',(1.446052745852,6.9,4.004821471746));
#4249 = ORIENTED_EDGE('',*,*,#3988,.T.);
#4250 = ORIENTED_EDGE('',*,*,#4251,.F.);
#4251 = EDGE_CURVE('',#4225,#3981,#4252,.T.);
#4252 = ( BOUNDED_CURVE() B_SPLINE_CURVE(3,(#4253,#4254,#4255,#4256),
.UNSPECIFIED.,.F.,.F.) B_SPLINE_CURVE_WITH_KNOTS((4,4),(4.758910074652,
4.782202150464),.PIECEWISE_BEZIER_KNOTS.) CURVE() 
GEOMETRIC_REPRESENTATION_ITEM() RATIONAL_B_SPLINE_CURVE((1.,
0.999954790445,0.999954790445,1.)) REPRESENTATION_ITEM('') );
#4253 = CARTESIAN_POINT('',(3.55,6.900812423268,3.990870176997));
#4254 = CARTESIAN_POINT('',(3.551316613978,6.90059578196,3.995523657362)
  );
#4255 = CARTESIAN_POINT('',(3.552632424847,6.900324961961,4.000174299198
    ));
#4256 = CARTESIAN_POINT('',(3.553947254148,6.9,4.004821471746));
#4257 = CYLINDRICAL_SURFACE('',#4258,0.6);
#4258 = AXIS2_PLACEMENT_3D('',#4259,#4260,#4261);
#4259 = CARTESIAN_POINT('',(-0.5,6.301461569844,3.9629675875));
#4260 = DIRECTION('',(1.,0.,0.));
#4261 = DIRECTION('',(0.,0.,-1.));
#4262 = ADVANCED_FACE('',(#4263),#4281,.T.);
#4263 = FACE_BOUND('',#4264,.T.);
#4264 = EDGE_LOOP('',(#4265,#4271,#4272,#4273,#4279,#4280));
#4265 = ORIENTED_EDGE('',*,*,#4266,.F.);
#4266 = EDGE_CURVE('',#4156,#4185,#4267,.T.);
#4267 = LINE('',#4268,#4269);
#4268 = CARTESIAN_POINT('',(1.45,5.95,2.8));
#4269 = VECTOR('',#4270,1.);
#4270 = DIRECTION('',(-3.641714079093E-16,0.,-1.));
#4271 = ORIENTED_EDGE('',*,*,#4170,.F.);
#4272 = ORIENTED_EDGE('',*,*,#4130,.F.);
#4273 = ORIENTED_EDGE('',*,*,#4274,.T.);
#4274 = EDGE_CURVE('',#4099,#4235,#4275,.T.);
#4275 = LINE('',#4276,#4277);
#4276 = CARTESIAN_POINT('',(1.45,-1.462314593355,3.990870176997));
#4277 = VECTOR('',#4278,1.);
#4278 = DIRECTION('',(0.,1.,0.));
#4279 = ORIENTED_EDGE('',*,*,#4234,.F.);
#4280 = ORIENTED_EDGE('',*,*,#4194,.F.);
#4281 = PLANE('',#4282);
#4282 = AXIS2_PLACEMENT_3D('',#4283,#4284,#4285);
#4283 = CARTESIAN_POINT('',(1.45,-1.462314593355,2.8));
#4284 = DIRECTION('',(-1.,0.,3.641714079093E-16));
#4285 = DIRECTION('',(-3.641714079093E-16,0.,-1.));
#4286 = ADVANCED_FACE('',(#4287),#4301,.T.);
#4287 = FACE_BOUND('',#4288,.T.);
#4288 = EDGE_LOOP('',(#4289,#4290,#4296,#4297,#4298,#4299,#4300));
#4289 = ORIENTED_EDGE('',*,*,#4039,.F.);
#4290 = ORIENTED_EDGE('',*,*,#4291,.T.);
#4291 = EDGE_CURVE('',#4040,#3946,#4292,.T.);
#4292 = LINE('',#4293,#4294);
#4293 = CARTESIAN_POINT('',(1.075900883378,-1.462314593355,5.31309743822
    ));
#4294 = VECTOR('',#4295,1.);
#4295 = DIRECTION('',(0.,1.,0.));
#4296 = ORIENTED_EDGE('',*,*,#3945,.F.);
#4297 = ORIENTED_EDGE('',*,*,#3996,.F.);
#4298 = ORIENTED_EDGE('',*,*,#4243,.F.);
#4299 = ORIENTED_EDGE('',*,*,#4274,.F.);
#4300 = ORIENTED_EDGE('',*,*,#4098,.F.);
#4301 = PLANE('',#4302);
#4302 = AXIS2_PLACEMENT_3D('',#4303,#4304,#4305);
#4303 = CARTESIAN_POINT('',(1.45,-1.462314593355,3.990870176997));
#4304 = DIRECTION('',(-0.962228190296,0.,-0.272244209854));
#4305 = DIRECTION('',(0.272244209854,0.,-0.962228190296));
#4306 = ADVANCED_FACE('',(#4307),#4325,.F.);
#4307 = FACE_BOUND('',#4308,.T.);
#4308 = EDGE_LOOP('',(#4309,#4310,#4316,#4317,#4318,#4324));
#4309 = ORIENTED_EDGE('',*,*,#4163,.T.);
#4310 = ORIENTED_EDGE('',*,*,#4311,.T.);
#4311 = EDGE_CURVE('',#4154,#4187,#4312,.T.);
#4312 = LINE('',#4313,#4314);
#4313 = CARTESIAN_POINT('',(3.55,5.95,2.8));
#4314 = VECTOR('',#4315,1.);
#4315 = DIRECTION('',(3.641714079093E-16,0.,-1.));
#4316 = ORIENTED_EDGE('',*,*,#4210,.T.);
#4317 = ORIENTED_EDGE('',*,*,#4224,.T.);
#4318 = ORIENTED_EDGE('',*,*,#4319,.F.);
#4319 = EDGE_CURVE('',#4090,#4225,#4320,.T.);
#4320 = LINE('',#4321,#4322);
#4321 = CARTESIAN_POINT('',(3.55,-1.462314593355,3.990870176997));
#4322 = VECTOR('',#4323,1.);
#4323 = DIRECTION('',(0.,1.,0.));
#4324 = ORIENTED_EDGE('',*,*,#4138,.T.);
#4325 = PLANE('',#4326);
#4326 = AXIS2_PLACEMENT_3D('',#4327,#4328,#4329);
#4327 = CARTESIAN_POINT('',(3.55,-1.462314593355,2.8));
#4328 = DIRECTION('',(-1.,0.,-3.641714079093E-16));
#4329 = DIRECTION('',(3.641714079093E-16,0.,-1.));
#4330 = ADVANCED_FACE('',(#4331),#4345,.F.);
#4331 = FACE_BOUND('',#4332,.T.);
#4332 = EDGE_LOOP('',(#4333,#4334,#4340,#4341,#4342,#4343,#4344));
#4333 = ORIENTED_EDGE('',*,*,#3928,.T.);
#4334 = ORIENTED_EDGE('',*,*,#4335,.T.);
#4335 = EDGE_CURVE('',#3918,#4012,#4336,.T.);
#4336 = LINE('',#4337,#4338);
#4337 = CARTESIAN_POINT('',(3.924099116622,-1.462314593355,5.31309743822
    ));
#4338 = VECTOR('',#4339,1.);
#4339 = DIRECTION('',(0.,-1.,0.));
#4340 = ORIENTED_EDGE('',*,*,#4022,.T.);
#4341 = ORIENTED_EDGE('',*,*,#4089,.T.);
#4342 = ORIENTED_EDGE('',*,*,#4319,.T.);
#4343 = ORIENTED_EDGE('',*,*,#4251,.T.);
#4344 = ORIENTED_EDGE('',*,*,#3980,.T.);
#4345 = PLANE('',#4346);
#4346 = AXIS2_PLACEMENT_3D('',#4347,#4348,#4349);
#4347 = CARTESIAN_POINT('',(3.55,-1.462314593355,3.990870176997));
#4348 = DIRECTION('',(-0.962228190296,0.,0.272244209854));
#4349 = DIRECTION('',(-0.272244209854,0.,-0.962228190296));
#4350 = ADVANCED_FACE('',(#4351),#4363,.T.);
#4351 = FACE_BOUND('',#4352,.T.);
#4352 = EDGE_LOOP('',(#4353,#4354,#4361,#4362));
#4353 = ORIENTED_EDGE('',*,*,#4048,.F.);
#4354 = ORIENTED_EDGE('',*,*,#4355,.T.);
#4355 = EDGE_CURVE('',#4049,#3955,#4356,.T.);
#4356 = ( BOUNDED_CURVE() B_SPLINE_CURVE(3,(#4357,#4358,#4359,#4360),
.UNSPECIFIED.,.F.,.F.) B_SPLINE_CURVE_WITH_KNOTS((4,4),(2.977423445242,
3.130753691978),.PIECEWISE_BEZIER_KNOTS.) CURVE() 
GEOMETRIC_REPRESENTATION_ITEM() RATIONAL_B_SPLINE_CURVE((1.,
0.998041779029,0.998041779029,1.)) REPRESENTATION_ITEM('') );
#4357 = CARTESIAN_POINT('',(1.041844086466,6.384612859889,5.465433459373
    ));
#4358 = CARTESIAN_POINT('',(1.030138328475,6.381146321194,5.536094731139
    ));
#4359 = CARTESIAN_POINT('',(1.023878904969,6.379292657754,5.607444991929
    ));
#4360 = CARTESIAN_POINT('',(1.023102752131,6.379062758813,5.679065084669
    ));
#4361 = ORIENTED_EDGE('',*,*,#3954,.F.);
#4362 = ORIENTED_EDGE('',*,*,#4291,.F.);
#4363 = CYLINDRICAL_SURFACE('',#4364,1.4);
#4364 = AXIS2_PLACEMENT_3D('',#4365,#4366,#4367);
#4365 = CARTESIAN_POINT('',(2.423020349793,-1.462314593355,
    5.694239332015));
#4366 = DIRECTION('',(0.,1.,0.));
#4367 = DIRECTION('',(0.,-0.,1.));
#4368 = ADVANCED_FACE('',(#4369),#4381,.T.);
#4369 = FACE_BOUND('',#4370,.T.);
#4370 = EDGE_LOOP('',(#4371,#4372,#4379,#4380));
#4371 = ORIENTED_EDGE('',*,*,#3917,.F.);
#4372 = ORIENTED_EDGE('',*,*,#4373,.T.);
#4373 = EDGE_CURVE('',#3909,#4014,#4374,.T.);
#4374 = ( BOUNDED_CURVE() B_SPLINE_CURVE(3,(#4375,#4376,#4377,#4378),
.UNSPECIFIED.,.F.,.F.) B_SPLINE_CURVE_WITH_KNOTS((4,4),(3.152431615203,
3.305761861938),.PIECEWISE_BEZIER_KNOTS.) CURVE() 
GEOMETRIC_REPRESENTATION_ITEM() RATIONAL_B_SPLINE_CURVE((1.,
0.998041779029,0.998041779029,1.)) REPRESENTATION_ITEM('') );
#4375 = CARTESIAN_POINT('',(3.976897247608,6.379062758812,5.679065084669
    ));
#4376 = CARTESIAN_POINT('',(3.976121095031,6.379292657754,5.607444991928
    ));
#4377 = CARTESIAN_POINT('',(3.969861671525,6.381146321194,5.536094731139
    ));
#4378 = CARTESIAN_POINT('',(3.958155913534,6.384612859889,5.465433459373
    ));
#4379 = ORIENTED_EDGE('',*,*,#4011,.F.);
#4380 = ORIENTED_EDGE('',*,*,#4335,.F.);
#4381 = CYLINDRICAL_SURFACE('',#4382,1.4);
#4382 = AXIS2_PLACEMENT_3D('',#4383,#4384,#4385);
#4383 = CARTESIAN_POINT('',(2.576979650207,6.66916611405,5.694239332015)
  );
#4384 = DIRECTION('',(0.,1.,0.));
#4385 = DIRECTION('',(0.,-0.,1.));
#4386 = ADVANCED_FACE('',(#4387),#4403,.T.);
#4387 = FACE_BOUND('',#4388,.T.);
#4388 = EDGE_LOOP('',(#4389,#4400,#4401,#4402));
#4389 = ORIENTED_EDGE('',*,*,#4390,.F.);
#4390 = EDGE_CURVE('',#3901,#4058,#4391,.T.);
#4391 = B_SPLINE_CURVE_WITH_KNOTS('',3,(#4392,#4393,#4394,#4395,#4396,
    #4397,#4398,#4399),.UNSPECIFIED.,.F.,.F.,(4,2,2,4),(0.,
    0.358278341081,0.719821059757,1.),.UNSPECIFIED.);
#4392 = CARTESIAN_POINT('',(0.993858608708,6.25,5.699344090454));
#4393 = CARTESIAN_POINT('',(0.993784637128,6.25,5.675366343103));
#4394 = CARTESIAN_POINT('',(0.994234246268,6.25,5.651381332703));
#4395 = CARTESIAN_POINT('',(0.996182525918,6.25,5.603246506037));
#4396 = CARTESIAN_POINT('',(0.997691185957,6.25,5.579085650508));
#4397 = CARTESIAN_POINT('',(1.001299467198,6.25,5.536292564213));
#4398 = CARTESIAN_POINT('',(1.003189994461,6.25,5.517634239044));
#4399 = CARTESIAN_POINT('',(1.005392207408,6.25,5.499015461809));
#4400 = ORIENTED_EDGE('',*,*,#3965,.F.);
#4401 = ORIENTED_EDGE('',*,*,#4355,.F.);
#4402 = ORIENTED_EDGE('',*,*,#4057,.F.);
#4403 = ( BOUNDED_SURFACE() B_SPLINE_SURFACE(3,2,(
    (#4404,#4405,#4406)
    ,(#4407,#4408,#4409)
    ,(#4410,#4411,#4412)
    ,(#4413,#4414,#4415
)),.UNSPECIFIED.,.F.,.F.,.F.) B_SPLINE_SURFACE_WITH_KNOTS((4,4),(3,3),(
    0.,1.),(0.,1.),.PIECEWISE_BEZIER_KNOTS.) 
GEOMETRIC_REPRESENTATION_ITEM() RATIONAL_B_SPLINE_SURFACE((
    (1.,0.78642623375,1.)
    ,(1.,0.78644747018,1.)
    ,(1.,0.786104652925,1.)
,(1.,0.785401311068,1.))) REPRESENTATION_ITEM('') SURFACE() );
#4404 = CARTESIAN_POINT('',(1.023037437514,6.379043465882,5.701156363462
    ));
#4405 = CARTESIAN_POINT('',(1.02303884029,6.143414083934,5.701440280543)
  );
#4406 = CARTESIAN_POINT('',(0.794121699421,6.087585839,5.702638584487));
#4407 = CARTESIAN_POINT('',(1.022645188654,6.378927305446,5.621766569588
    ));
#4408 = CARTESIAN_POINT('',(1.022614399924,6.143310571542,5.61879368804)
  );
#4409 = CARTESIAN_POINT('',(0.79364539751,6.087469678631,5.606236746785)
  );
#4410 = CARTESIAN_POINT('',(1.029021513129,6.380815587897,5.542350741529
    ));
#4411 = CARTESIAN_POINT('',(1.029529175873,6.144996945065,5.536040986461
    ));
#4412 = CARTESIAN_POINT('',(0.801388088927,6.089357963934,5.50980311463)
  );
#4413 = CARTESIAN_POINT('',(1.042075563605,6.384681409738,5.464040510342
    ));
#4414 = CARTESIAN_POINT('',(1.043633278485,6.148436649459,5.454695900212
    ));
#4415 = CARTESIAN_POINT('',(0.817239423961,6.093223782856,5.414712191412
    ));
#4416 = ADVANCED_FACE('',(#4417),#4433,.T.);
#4417 = FACE_BOUND('',#4418,.T.);
#4418 = EDGE_LOOP('',(#4419,#4420,#4431,#4432));
#4419 = ORIENTED_EDGE('',*,*,#3908,.F.);
#4420 = ORIENTED_EDGE('',*,*,#4421,.F.);
#4421 = EDGE_CURVE('',#4067,#3899,#4422,.T.);
#4422 = B_SPLINE_CURVE_WITH_KNOTS('',3,(#4423,#4424,#4425,#4426,#4427,
    #4428,#4429,#4430),.UNSPECIFIED.,.F.,.F.,(4,2,2,4),(0.,
    0.132669384448,0.494227212632,1.),.UNSPECIFIED.);
#4423 = CARTESIAN_POINT('',(3.994607792362,6.25,5.49901546181));
#4424 = CARTESIAN_POINT('',(3.995650848407,6.25,5.507834059304));
#4425 = CARTESIAN_POINT('',(3.996623964659,6.25,5.516661212399));
#4426 = CARTESIAN_POINT('',(3.999986798161,6.25,5.549568022095));
#4427 = CARTESIAN_POINT('',(4.001925068378,6.25,5.573699898803));
#4428 = CARTESIAN_POINT('',(4.005306635627,6.25,5.631641418841));
#4429 = CARTESIAN_POINT('',(4.006245792511,6.25,5.665502260968));
#4430 = CARTESIAN_POINT('',(4.006141391222,6.25,5.699344090454));
#4431 = ORIENTED_EDGE('',*,*,#4074,.F.);
#4432 = ORIENTED_EDGE('',*,*,#4373,.F.);
#4433 = ( BOUNDED_SURFACE() B_SPLINE_SURFACE(3,2,(
    (#4434,#4435,#4436)
    ,(#4437,#4438,#4439)
    ,(#4440,#4441,#4442)
    ,(#4443,#4444,#4445
)),.UNSPECIFIED.,.F.,.F.,.F.) B_SPLINE_SURFACE_WITH_KNOTS((4,4),(3,3),(
    0.,1.),(0.,1.),.PIECEWISE_BEZIER_KNOTS.) 
GEOMETRIC_REPRESENTATION_ITEM() RATIONAL_B_SPLINE_SURFACE((
    (1.,0.786426229081,1.)
    ,(1.,0.786447520636,1.)
    ,(1.,0.786104704459,1.)
,(1.,0.785401310141,1.))) REPRESENTATION_ITEM('') SURFACE() );
#4434 = CARTESIAN_POINT('',(4.2058781952,6.0875858647,5.702659885757));
#4435 = CARTESIAN_POINT('',(3.976961065803,6.143414106836,5.70145854279)
  );
#4436 = CARTESIAN_POINT('',(3.976962475704,6.379043491582,5.701173905685
    ));
#4437 = CARTESIAN_POINT('',(4.206355740441,6.087469401107,5.60625091035)
  );
#4438 = CARTESIAN_POINT('',(3.97738661409,6.143310324245,5.61880583718)
  );
#4439 = CARTESIAN_POINT('',(3.977355748483,6.378927027923,5.621778233684
    ));
#4440 = CARTESIAN_POINT('',(4.198613071925,6.089357680826,5.50981003467)
  );
#4441 = CARTESIAN_POINT('',(3.97047185608,6.144996693393,5.536046900691)
  );
#4442 = CARTESIAN_POINT('',(3.97097944287,6.380815304788,5.542356440406)
  );
#4443 = CARTESIAN_POINT('',(4.182760555149,6.093223787951,5.414712066095
    ));
#4444 = CARTESIAN_POINT('',(3.956366702912,6.148436653996,5.454695792914
    ));
#4445 = CARTESIAN_POINT('',(3.957924419191,6.384681414833,5.46404040714)
  );
#4446 = ADVANCED_FACE('',(#4447,#4453),#4463,.T.);
#4447 = FACE_BOUND('',#4448,.T.);
#4448 = EDGE_LOOP('',(#4449,#4450,#4451,#4452));
#4449 = ORIENTED_EDGE('',*,*,#4153,.T.);
#4450 = ORIENTED_EDGE('',*,*,#4266,.T.);
#4451 = ORIENTED_EDGE('',*,*,#4184,.T.);
#4452 = ORIENTED_EDGE('',*,*,#4311,.F.);
#4453 = FACE_BOUND('',#4454,.T.);
#4454 = EDGE_LOOP('',(#4455,#4462));
#4455 = ORIENTED_EDGE('',*,*,#4456,.F.);
#4456 = EDGE_CURVE('',#1028,#1036,#4457,.T.);
#4457 = CIRCLE('',#4458,1.4);
#4458 = AXIS2_PLACEMENT_3D('',#4459,#4460,#4461);
#4459 = CARTESIAN_POINT('',(2.5,5.95,2.75));
#4460 = DIRECTION('',(0.,-1.,0.));
#4461 = DIRECTION('',(0.,0.,1.));
#4462 = ORIENTED_EDGE('',*,*,#1035,.F.);
#4463 = PLANE('',#4464);
#4464 = AXIS2_PLACEMENT_3D('',#4465,#4466,#4467);
#4465 = CARTESIAN_POINT('',(0.45,5.95,0.65));
#4466 = DIRECTION('',(0.,1.,0.));
#4467 = DIRECTION('',(0.,-0.,1.));
#4468 = ADVANCED_FACE('',(#4469),#4481,.F.);
#4469 = FACE_BOUND('',#4470,.F.);
#4470 = EDGE_LOOP('',(#4471,#4472,#4473,#4480));
#4471 = ORIENTED_EDGE('',*,*,#4456,.F.);
#4472 = ORIENTED_EDGE('',*,*,#1025,.F.);
#4473 = ORIENTED_EDGE('',*,*,#4474,.F.);
#4474 = EDGE_CURVE('',#1045,#1026,#4475,.T.);
#4475 = CIRCLE('',#4476,1.4);
#4476 = AXIS2_PLACEMENT_3D('',#4477,#4478,#4479);
#4477 = CARTESIAN_POINT('',(2.5,6.25,2.75));
#4478 = DIRECTION('',(0.,1.,0.));
#4479 = DIRECTION('',(0.,-0.,1.));
#4480 = ORIENTED_EDGE('',*,*,#1044,.T.);
#4481 = CYLINDRICAL_SURFACE('',#4482,1.4);
#4482 = AXIS2_PLACEMENT_3D('',#4483,#4484,#4485);
#4483 = CARTESIAN_POINT('',(2.5,9.55,2.75));
#4484 = DIRECTION('',(0.,-1.,0.));
#4485 = DIRECTION('',(0.,0.,-1.));
#4486 = ADVANCED_FACE('',(#4487,#4493,#4499),#4503,.T.);
#4487 = FACE_BOUND('',#4488,.T.);
#4488 = EDGE_LOOP('',(#4489,#4490,#4491,#4492));
#4489 = ORIENTED_EDGE('',*,*,#3699,.F.);
#4490 = ORIENTED_EDGE('',*,*,#3751,.F.);
#4491 = ORIENTED_EDGE('',*,*,#3349,.F.);
#4492 = ORIENTED_EDGE('',*,*,#3773,.F.);
#4493 = FACE_BOUND('',#4494,.T.);
#4494 = EDGE_LOOP('',(#4495,#4496,#4497,#4498));
#4495 = ORIENTED_EDGE('',*,*,#3898,.T.);
#4496 = ORIENTED_EDGE('',*,*,#4390,.T.);
#4497 = ORIENTED_EDGE('',*,*,#4066,.F.);
#4498 = ORIENTED_EDGE('',*,*,#4421,.T.);
#4499 = FACE_BOUND('',#4500,.T.);
#4500 = EDGE_LOOP('',(#4501,#4502));
#4501 = ORIENTED_EDGE('',*,*,#1052,.F.);
#4502 = ORIENTED_EDGE('',*,*,#4474,.F.);
#4503 = PLANE('',#4504);
#4504 = AXIS2_PLACEMENT_3D('',#4505,#4506,#4507);
#4505 = CARTESIAN_POINT('',(2.5,6.25,0.75));
#4506 = DIRECTION('',(0.,1.,0.));
#4507 = DIRECTION('',(0.,-0.,1.));
#4508 = ADVANCED_FACE('',(#4509),#4519,.T.);
#4509 = FACE_BOUND('',#4510,.T.);
#4510 = EDGE_LOOP('',(#4511,#4518));
#4511 = ORIENTED_EDGE('',*,*,#4512,.T.);
#4512 = EDGE_CURVE('',#990,#988,#4513,.T.);
#4513 = CIRCLE('',#4514,0.25);
#4514 = AXIS2_PLACEMENT_3D('',#4515,#4516,#4517);
#4515 = CARTESIAN_POINT('',(2.5,4.25,-4.35));
#4516 = DIRECTION('',(0.,0.,-1.));
#4517 = DIRECTION('',(-1.,0.,0.));
#4518 = ORIENTED_EDGE('',*,*,#987,.T.);
#4519 = PLANE('',#4520);
#4520 = AXIS2_PLACEMENT_3D('',#4521,#4522,#4523);
#4521 = CARTESIAN_POINT('',(2.5,4.25,-4.35));
#4522 = DIRECTION('',(0.,0.,-1.));
#4523 = DIRECTION('',(-1.,0.,0.));
#4524 = ADVANCED_FACE('',(#4525),#4531,.T.);
#4525 = FACE_BOUND('',#4526,.T.);
#4526 = EDGE_LOOP('',(#4527,#4528,#4529,#4530));
#4527 = ORIENTED_EDGE('',*,*,#998,.F.);
#4528 = ORIENTED_EDGE('',*,*,#4512,.F.);
#4529 = ORIENTED_EDGE('',*,*,#1011,.T.);
#4530 = ORIENTED_EDGE('',*,*,#964,.F.);
#4531 = CONICAL_SURFACE('',#4532,0.25,0.463647608471);
#4532 = AXIS2_PLACEMENT_3D('',#4533,#4534,#4535);
#4533 = CARTESIAN_POINT('',(2.5,4.25,-4.35));
#4534 = DIRECTION('',(0.,0.,1.));
#4535 = DIRECTION('',(-1.,0.,0.));
#4536 = ADVANCED_FACE('',(#4537),#4543,.T.);
#4537 = FACE_BOUND('',#4538,.T.);
#4538 = EDGE_LOOP('',(#4539,#4540,#4541,#4542));
#4539 = ORIENTED_EDGE('',*,*,#956,.F.);
#4540 = ORIENTED_EDGE('',*,*,#3155,.F.);
#4541 = ORIENTED_EDGE('',*,*,#973,.T.);
#4542 = ORIENTED_EDGE('',*,*,#1004,.T.);
#4543 = CYLINDRICAL_SURFACE('',#4544,0.5);
#4544 = AXIS2_PLACEMENT_3D('',#4545,#4546,#4547);
#4545 = CARTESIAN_POINT('',(2.5,4.25,0.75));
#4546 = DIRECTION('',(0.,0.,-1.));
#4547 = DIRECTION('',(-1.,0.,0.));
#4548 = ( GEOMETRIC_REPRESENTATION_CONTEXT(3) 
GLOBAL_UNCERTAINTY_ASSIGNED_CONTEXT((#4552)) 
GLOBAL_UNIT_ASSIGNED_CONTEXT((#4549,#4550,#4551)) REPRESENTATION_CONTEXT
('Context #1','3D Context with UNIT and UNCERTAINTY') );
#4549 = ( LENGTH_UNIT() NAMED_UNIT(*) SI_UNIT(.MILLI.,.METRE.) );
#4550 = ( NAMED_UNIT(*) PLANE_ANGLE_UNIT() SI_UNIT($,.RADIAN.) );
#4551 = ( NAMED_UNIT(*) SI_UNIT($,.STERADIAN.) SOLID_ANGLE_UNIT() );
#4552 = UNCERTAINTY_MEASURE_WITH_UNIT(LENGTH_MEASURE(2.E-05),#4549,
  'distance_accuracy_value','confusion accuracy');
#4553 = SHAPE_DEFINITION_REPRESENTATION(#4554,#938);
#4554 = PRODUCT_DEFINITION_SHAPE('','',#4555);
#4555 = PRODUCT_DEFINITION('design','',#4556,#4559);
#4556 = PRODUCT_DEFINITION_FORMATION('','',#4557);
#4557 = PRODUCT('TB002-500-02P_Blue - S','TB002-500-02P_Blue - S','',(
    #4558));
#4558 = PRODUCT_CONTEXT('',#2,'mechanical');
#4559 = PRODUCT_DEFINITION_CONTEXT('part definition',#2,'design');
#4560 = CONTEXT_DEPENDENT_SHAPE_REPRESENTATION(#4561,#4563);
#4561 = ( REPRESENTATION_RELATIONSHIP('','',#938,#928) 
REPRESENTATION_RELATIONSHIP_WITH_TRANSFORMATION(#4562) 
SHAPE_REPRESENTATION_RELATIONSHIP() );
#4562 = ITEM_DEFINED_TRANSFORMATION('','',#11,#929);
#4563 = PRODUCT_DEFINITION_SHAPE('Placement','Placement of an item',
  #4564);
#4564 = NEXT_ASSEMBLY_USAGE_OCCURRENCE('6','NAUO1','',#923,#4555,$);
#4565 = PRODUCT_RELATED_PRODUCT_CATEGORY('part',$,(#4557));
#4566 = CONTEXT_DEPENDENT_SHAPE_REPRESENTATION(#4567,#4569);
#4567 = ( REPRESENTATION_RELATIONSHIP('','',#928,#911) 
REPRESENTATION_RELATIONSHIP_WITH_TRANSFORMATION(#4568) 
SHAPE_REPRESENTATION_RELATIONSHIP() );
#4568 = ITEM_DEFINED_TRANSFORMATION('','',#11,#912);
#4569 = PRODUCT_DEFINITION_SHAPE('Placement','Placement of an item',
  #4570);
#4570 = NEXT_ASSEMBLY_USAGE_OCCURRENCE('7','','',#906,#923,$);
#4571 = PRODUCT_RELATED_PRODUCT_CATEGORY('part',$,(#925));
#4572 = CONTEXT_DEPENDENT_SHAPE_REPRESENTATION(#4573,#4575);
#4573 = ( REPRESENTATION_RELATIONSHIP('','',#911,#10) 
REPRESENTATION_RELATIONSHIP_WITH_TRANSFORMATION(#4574) 
SHAPE_REPRESENTATION_RELATIONSHIP() );
#4574 = ITEM_DEFINED_TRANSFORMATION('','',#11,#23);
#4575 = PRODUCT_DEFINITION_SHAPE('Placement','Placement of an item',
  #4576);
#4576 = NEXT_ASSEMBLY_USAGE_OCCURRENCE('8','','',#5,#906,$);
#4577 = PRODUCT_RELATED_PRODUCT_CATEGORY('part',$,(#908));
#4578 = SHAPE_DEFINITION_REPRESENTATION(#4579,#4585);
#4579 = PRODUCT_DEFINITION_SHAPE('','',#4580);
#4580 = PRODUCT_DEFINITION('design','',#4581,#4584);
#4581 = PRODUCT_DEFINITION_FORMATION('','',#4582);
#4582 = PRODUCT('J1','J1','',(#4583));
#4583 = PRODUCT_CONTEXT('',#2,'mechanical');
#4584 = PRODUCT_DEFINITION_CONTEXT('part definition',#2,'design');
#4585 = SHAPE_REPRESENTATION('',(#11,#4586),#4590);
#4586 = AXIS2_PLACEMENT_3D('',#4587,#4588,#4589);
#4587 = CARTESIAN_POINT('',(49.658741548047,53.683246137891,0.));
#4588 = DIRECTION('',(-0.,0.,1.));
#4589 = DIRECTION('',(1.19248806385E-08,-1.,0.));
#4590 = ( GEOMETRIC_REPRESENTATION_CONTEXT(3) 
GLOBAL_UNCERTAINTY_ASSIGNED_CONTEXT((#4594)) 
GLOBAL_UNIT_ASSIGNED_CONTEXT((#4591,#4592,#4593)) REPRESENTATION_CONTEXT
('Context #1','3D Context with UNIT and UNCERTAINTY') );
#4591 = ( LENGTH_UNIT() NAMED_UNIT(*) SI_UNIT(.MILLI.,.METRE.) );
#4592 = ( NAMED_UNIT(*) PLANE_ANGLE_UNIT() SI_UNIT($,.RADIAN.) );
#4593 = ( NAMED_UNIT(*) SI_UNIT($,.STERADIAN.) SOLID_ANGLE_UNIT() );
#4594 = UNCERTAINTY_MEASURE_WITH_UNIT(LENGTH_MEASURE(2.E-05),#4591,
  'distance_accuracy_value','confusion accuracy');
#4595 = SHAPE_DEFINITION_REPRESENTATION(#4596,#4602);
#4596 = PRODUCT_DEFINITION_SHAPE('','',#4597);
#4597 = PRODUCT_DEFINITION('design','',#4598,#4601);
#4598 = PRODUCT_DEFINITION_FORMATION('','',#4599);
#4599 = PRODUCT('9906545584','9906545584','',(#4600));
#4600 = PRODUCT_CONTEXT('',#2,'mechanical');
#4601 = PRODUCT_DEFINITION_CONTEXT('part definition',#2,'design');
#4602 = SHAPE_REPRESENTATION('',(#11,#4603),#4607);
#4603 = AXIS2_PLACEMENT_3D('',#4604,#4605,#4606);
#4604 = CARTESIAN_POINT('',(0.,0.,0.));
#4605 = DIRECTION('',(0.,0.,1.));
#4606 = DIRECTION('',(1.,0.,0.));
#4607 = ( GEOMETRIC_REPRESENTATION_CONTEXT(3) 
GLOBAL_UNCERTAINTY_ASSIGNED_CONTEXT((#4611)) 
GLOBAL_UNIT_ASSIGNED_CONTEXT((#4608,#4609,#4610)) REPRESENTATION_CONTEXT
('Context #1','3D Context with UNIT and UNCERTAINTY') );
#4608 = ( LENGTH_UNIT() NAMED_UNIT(*) SI_UNIT(.MILLI.,.METRE.) );
#4609 = ( NAMED_UNIT(*) PLANE_ANGLE_UNIT() SI_UNIT($,.RADIAN.) );
#4610 = ( NAMED_UNIT(*) SI_UNIT($,.STERADIAN.) SOLID_ANGLE_UNIT() );
#4611 = UNCERTAINTY_MEASURE_WITH_UNIT(LENGTH_MEASURE(2.E-05),#4608,
  'distance_accuracy_value','confusion accuracy');
#4612 = ADVANCED_BREP_SHAPE_REPRESENTATION('',(#11,#4613),#8222);
#4613 = MANIFOLD_SOLID_BREP('',#4614);
#4614 = CLOSED_SHELL('',(#4615,#4657,#4695,#4737,#4779,#4823,#4901,#4937
    ,#4979,#5021,#5059,#5103,#5181,#5223,#5259,#5299,#5339,#5372,#5404,
    #5447,#5471,#5496,#5520,#5542,#5573,#5618,#5652,#5676,#5712,#5748,
    #5785,#5814,#5839,#5871,#5889,#5907,#5953,#5982,#6020,#6041,#6057,
    #6107,#6125,#6141,#6172,#6196,#6220,#6237,#6257,#6269,#6309,#6340,
    #6364,#6388,#6405,#6423,#6441,#6472,#6496,#6520,#6629,#6660,#6684,
    #6729,#6760,#6841,#6865,#6883,#6901,#6919,#6944,#7001,#7041,#7066,
    #7090,#7127,#7156,#7181,#7213,#7231,#7247,#7265,#7285,#7297,#7337,
    #7359,#7399,#7421,#7443,#7465,#7498,#7515,#7532,#7544,#7556,#7568,
    #7650,#7681,#7759,#7790,#7823,#7854,#7894,#7936,#7960,#7980,#8004,
    #8024,#8042,#8060,#8090,#8120,#8142,#8160,#8182,#8198,#8210));
#4615 = ADVANCED_FACE('',(#4616),#4652,.T.);
#4616 = FACE_BOUND('',#4617,.T.);
#4617 = EDGE_LOOP('',(#4618,#4629,#4637,#4646));
#4618 = ORIENTED_EDGE('',*,*,#4619,.F.);
#4619 = EDGE_CURVE('',#4620,#4622,#4624,.T.);
#4620 = VERTEX_POINT('',#4621);
#4621 = CARTESIAN_POINT('',(3.,4.25,-7.780492421955E-15));
#4622 = VERTEX_POINT('',#4623);
#4623 = CARTESIAN_POINT('',(2.,4.25,-7.780492421955E-15));
#4624 = CIRCLE('',#4625,0.5);
#4625 = AXIS2_PLACEMENT_3D('',#4626,#4627,#4628);
#4626 = CARTESIAN_POINT('',(2.5,4.25,-7.780492421955E-15));
#4627 = DIRECTION('',(0.,0.,1.));
#4628 = DIRECTION('',(-1.,0.,0.));
#4629 = ORIENTED_EDGE('',*,*,#4630,.T.);
#4630 = EDGE_CURVE('',#4620,#4631,#4633,.T.);
#4631 = VERTEX_POINT('',#4632);
#4632 = CARTESIAN_POINT('',(2.999999999669,4.25,-3.85));
#4633 = LINE('',#4634,#4635);
#4634 = CARTESIAN_POINT('',(3.,4.25,0.75));
#4635 = VECTOR('',#4636,1.);
#4636 = DIRECTION('',(0.,0.,-1.));
#4637 = ORIENTED_EDGE('',*,*,#4638,.T.);
#4638 = EDGE_CURVE('',#4631,#4639,#4641,.T.);
#4639 = VERTEX_POINT('',#4640);
#4640 = CARTESIAN_POINT('',(2.000000000331,4.25,-3.85));
#4641 = CIRCLE('',#4642,0.5);
#4642 = AXIS2_PLACEMENT_3D('',#4643,#4644,#4645);
#4643 = CARTESIAN_POINT('',(2.5,4.25,-3.85));
#4644 = DIRECTION('',(0.,0.,1.));
#4645 = DIRECTION('',(-1.,0.,0.));
#4646 = ORIENTED_EDGE('',*,*,#4647,.F.);
#4647 = EDGE_CURVE('',#4622,#4639,#4648,.T.);
#4648 = LINE('',#4649,#4650);
#4649 = CARTESIAN_POINT('',(2.,4.25,0.75));
#4650 = VECTOR('',#4651,1.);
#4651 = DIRECTION('',(0.,0.,-1.));
#4652 = CYLINDRICAL_SURFACE('',#4653,0.5);
#4653 = AXIS2_PLACEMENT_3D('',#4654,#4655,#4656);
#4654 = CARTESIAN_POINT('',(2.5,4.25,0.75));
#4655 = DIRECTION('',(0.,0.,-1.));
#4656 = DIRECTION('',(-1.,0.,0.));
#4657 = ADVANCED_FACE('',(#4658),#4690,.T.);
#4658 = FACE_BOUND('',#4659,.T.);
#4659 = EDGE_LOOP('',(#4660,#4671,#4677,#4684));
#4660 = ORIENTED_EDGE('',*,*,#4661,.F.);
#4661 = EDGE_CURVE('',#4662,#4664,#4666,.T.);
#4662 = VERTEX_POINT('',#4663);
#4663 = CARTESIAN_POINT('',(2.75,4.25,-4.35));
#4664 = VERTEX_POINT('',#4665);
#4665 = CARTESIAN_POINT('',(2.25,4.25,-4.35));
#4666 = CIRCLE('',#4667,0.25);
#4667 = AXIS2_PLACEMENT_3D('',#4668,#4669,#4670);
#4668 = CARTESIAN_POINT('',(2.5,4.25,-4.35));
#4669 = DIRECTION('',(0.,0.,-1.));
#4670 = DIRECTION('',(-1.,0.,0.));
#4671 = ORIENTED_EDGE('',*,*,#4672,.T.);
#4672 = EDGE_CURVE('',#4662,#4631,#4673,.T.);
#4673 = LINE('',#4674,#4675);
#4674 = CARTESIAN_POINT('',(2.75,4.25,-4.35));
#4675 = VECTOR('',#4676,1.);
#4676 = DIRECTION('',(0.447213595026,-5.476786976839E-17,0.894427191237)
  );
#4677 = ORIENTED_EDGE('',*,*,#4678,.F.);
#4678 = EDGE_CURVE('',#4639,#4631,#4679,.T.);
#4679 = CIRCLE('',#4680,0.5);
#4680 = AXIS2_PLACEMENT_3D('',#4681,#4682,#4683);
#4681 = CARTESIAN_POINT('',(2.5,4.25,-3.85));
#4682 = DIRECTION('',(0.,0.,1.));
#4683 = DIRECTION('',(-1.,0.,0.));
#4684 = ORIENTED_EDGE('',*,*,#4685,.F.);
#4685 = EDGE_CURVE('',#4664,#4639,#4686,.T.);
#4686 = LINE('',#4687,#4688);
#4687 = CARTESIAN_POINT('',(2.25,4.25,-4.35));
#4688 = VECTOR('',#4689,1.);
#4689 = DIRECTION('',(-0.447213595026,0.,0.894427191237));
#4690 = CONICAL_SURFACE('',#4691,0.25,0.463647608471);
#4691 = AXIS2_PLACEMENT_3D('',#4692,#4693,#4694);
#4692 = CARTESIAN_POINT('',(2.5,4.25,-4.35));
#4693 = DIRECTION('',(0.,0.,1.));
#4694 = DIRECTION('',(-1.,0.,0.));
#4695 = ADVANCED_FACE('',(#4696),#4732,.F.);
#4696 = FACE_BOUND('',#4697,.F.);
#4697 = EDGE_LOOP('',(#4698,#4708,#4717,#4725));
#4698 = ORIENTED_EDGE('',*,*,#4699,.T.);
#4699 = EDGE_CURVE('',#4700,#4702,#4704,.T.);
#4700 = VERTEX_POINT('',#4701);
#4701 = CARTESIAN_POINT('',(2.5,6.25,1.35));
#4702 = VERTEX_POINT('',#4703);
#4703 = CARTESIAN_POINT('',(2.5,5.95,1.35));
#4704 = LINE('',#4705,#4706);
#4705 = CARTESIAN_POINT('',(2.5,9.55,1.35));
#4706 = VECTOR('',#4707,1.);
#4707 = DIRECTION('',(0.,-1.,0.));
#4708 = ORIENTED_EDGE('',*,*,#4709,.F.);
#4709 = EDGE_CURVE('',#4710,#4702,#4712,.T.);
#4710 = VERTEX_POINT('',#4711);
#4711 = CARTESIAN_POINT('',(2.5,5.95,4.15));
#4712 = CIRCLE('',#4713,1.4);
#4713 = AXIS2_PLACEMENT_3D('',#4714,#4715,#4716);
#4714 = CARTESIAN_POINT('',(2.5,5.95,2.75));
#4715 = DIRECTION('',(0.,-1.,0.));
#4716 = DIRECTION('',(0.,0.,1.));
#4717 = ORIENTED_EDGE('',*,*,#4718,.F.);
#4718 = EDGE_CURVE('',#4719,#4710,#4721,.T.);
#4719 = VERTEX_POINT('',#4720);
#4720 = CARTESIAN_POINT('',(2.5,6.25,4.15));
#4721 = LINE('',#4722,#4723);
#4722 = CARTESIAN_POINT('',(2.5,9.55,4.15));
#4723 = VECTOR('',#4724,1.);
#4724 = DIRECTION('',(0.,-1.,0.));
#4725 = ORIENTED_EDGE('',*,*,#4726,.F.);
#4726 = EDGE_CURVE('',#4700,#4719,#4727,.T.);
#4727 = CIRCLE('',#4728,1.4);
#4728 = AXIS2_PLACEMENT_3D('',#4729,#4730,#4731);
#4729 = CARTESIAN_POINT('',(2.5,6.25,2.75));
#4730 = DIRECTION('',(0.,1.,0.));
#4731 = DIRECTION('',(0.,-0.,1.));
#4732 = CYLINDRICAL_SURFACE('',#4733,1.4);
#4733 = AXIS2_PLACEMENT_3D('',#4734,#4735,#4736);
#4734 = CARTESIAN_POINT('',(2.5,9.55,2.75));
#4735 = DIRECTION('',(0.,-1.,0.));
#4736 = DIRECTION('',(0.,0.,-1.));
#4737 = ADVANCED_FACE('',(#4738),#4774,.F.);
#4738 = FACE_BOUND('',#4739,.F.);
#4739 = EDGE_LOOP('',(#4740,#4750,#4759,#4767));
#4740 = ORIENTED_EDGE('',*,*,#4741,.T.);
#4741 = EDGE_CURVE('',#4742,#4744,#4746,.T.);
#4742 = VERTEX_POINT('',#4743);
#4743 = CARTESIAN_POINT('',(2.5,2.5,8.));
#4744 = VERTEX_POINT('',#4745);
#4745 = CARTESIAN_POINT('',(2.5,2.5,10.));
#4746 = LINE('',#4747,#4748);
#4747 = CARTESIAN_POINT('',(2.5,2.5,10.));
#4748 = VECTOR('',#4749,1.);
#4749 = DIRECTION('',(0.,-3.675221047035E-15,1.));
#4750 = ORIENTED_EDGE('',*,*,#4751,.F.);
#4751 = EDGE_CURVE('',#4752,#4744,#4754,.T.);
#4752 = VERTEX_POINT('',#4753);
#4753 = CARTESIAN_POINT('',(2.5,6.,10.));
#4754 = CIRCLE('',#4755,1.75);
#4755 = AXIS2_PLACEMENT_3D('',#4756,#4757,#4758);
#4756 = CARTESIAN_POINT('',(2.5,4.25,10.));
#4757 = DIRECTION('',(0.,-3.675221047035E-15,1.));
#4758 = DIRECTION('',(0.,-1.,-3.675221047035E-15));
#4759 = ORIENTED_EDGE('',*,*,#4760,.F.);
#4760 = EDGE_CURVE('',#4761,#4752,#4763,.T.);
#4761 = VERTEX_POINT('',#4762);
#4762 = CARTESIAN_POINT('',(2.5,6.,8.));
#4763 = LINE('',#4764,#4765);
#4764 = CARTESIAN_POINT('',(2.5,6.,10.));
#4765 = VECTOR('',#4766,1.);
#4766 = DIRECTION('',(0.,-3.675221047035E-15,1.));
#4767 = ORIENTED_EDGE('',*,*,#4768,.F.);
#4768 = EDGE_CURVE('',#4742,#4761,#4769,.T.);
#4769 = CIRCLE('',#4770,1.75);
#4770 = AXIS2_PLACEMENT_3D('',#4771,#4772,#4773);
#4771 = CARTESIAN_POINT('',(2.5,4.25,8.));
#4772 = DIRECTION('',(0.,0.,-1.));
#4773 = DIRECTION('',(1.,0.,0.));
#4774 = CYLINDRICAL_SURFACE('',#4775,1.75);
#4775 = AXIS2_PLACEMENT_3D('',#4776,#4777,#4778);
#4776 = CARTESIAN_POINT('',(2.5,4.25,10.));
#4777 = DIRECTION('',(0.,-3.675221047035E-15,1.));
#4778 = DIRECTION('',(0.,-1.,-3.675221047035E-15));
#4779 = ADVANCED_FACE('',(#4780),#4818,.T.);
#4780 = FACE_BOUND('',#4781,.T.);
#4781 = EDGE_LOOP('',(#4782,#4793,#4802,#4811));
#4782 = ORIENTED_EDGE('',*,*,#4783,.F.);
#4783 = EDGE_CURVE('',#4784,#4786,#4788,.T.);
#4784 = VERTEX_POINT('',#4785);
#4785 = CARTESIAN_POINT('',(2.5,5.85,8.));
#4786 = VERTEX_POINT('',#4787);
#4787 = CARTESIAN_POINT('',(2.5,2.65,8.));
#4788 = CIRCLE('',#4789,1.6);
#4789 = AXIS2_PLACEMENT_3D('',#4790,#4791,#4792);
#4790 = CARTESIAN_POINT('',(2.5,4.25,8.));
#4791 = DIRECTION('',(0.,0.,-1.));
#4792 = DIRECTION('',(0.,-1.,0.));
#4793 = ORIENTED_EDGE('',*,*,#4794,.T.);
#4794 = EDGE_CURVE('',#4784,#4795,#4797,.T.);
#4795 = VERTEX_POINT('',#4796);
#4796 = CARTESIAN_POINT('',(2.5,5.949999999885,8.1));
#4797 = CIRCLE('',#4798,0.1);
#4798 = AXIS2_PLACEMENT_3D('',#4799,#4800,#4801);
#4799 = CARTESIAN_POINT('',(2.5,5.85,8.1));
#4800 = DIRECTION('',(1.,-1.224646799147E-16,0.));
#4801 = DIRECTION('',(1.224646799147E-16,1.,0.));
#4802 = ORIENTED_EDGE('',*,*,#4803,.F.);
#4803 = EDGE_CURVE('',#4804,#4795,#4806,.T.);
#4804 = VERTEX_POINT('',#4805);
#4805 = CARTESIAN_POINT('',(2.5,2.550000000115,8.1));
#4806 = CIRCLE('',#4807,1.7);
#4807 = AXIS2_PLACEMENT_3D('',#4808,#4809,#4810);
#4808 = CARTESIAN_POINT('',(2.5,4.25,8.1));
#4809 = DIRECTION('',(0.,0.,1.));
#4810 = DIRECTION('',(0.,-1.,0.));
#4811 = ORIENTED_EDGE('',*,*,#4812,.F.);
#4812 = EDGE_CURVE('',#4786,#4804,#4813,.T.);
#4813 = CIRCLE('',#4814,1.E-01);
#4814 = AXIS2_PLACEMENT_3D('',#4815,#4816,#4817);
#4815 = CARTESIAN_POINT('',(2.5,2.65,8.1));
#4816 = DIRECTION('',(-1.,0.,0.));
#4817 = DIRECTION('',(0.,0.,1.));
#4818 = TOROIDAL_SURFACE('',#4819,1.6,0.1);
#4819 = AXIS2_PLACEMENT_3D('',#4820,#4821,#4822);
#4820 = CARTESIAN_POINT('',(2.5,4.25,8.1));
#4821 = DIRECTION('',(0.,0.,1.));
#4822 = DIRECTION('',(0.,-1.,0.));
#4823 = ADVANCED_FACE('',(#4824),#4896,.T.);
#4824 = FACE_BOUND('',#4825,.T.);
#4825 = EDGE_LOOP('',(#4826,#4837,#4843,#4850,#4858,#4867,#4878,#4887));
#4826 = ORIENTED_EDGE('',*,*,#4827,.T.);
#4827 = EDGE_CURVE('',#4828,#4830,#4832,.T.);
#4828 = VERTEX_POINT('',#4829);
#4829 = CARTESIAN_POINT('',(0.937107388569,4.65,9.314249409998));
#4830 = VERTEX_POINT('',#4831);
#4831 = CARTESIAN_POINT('',(2.5,5.863267899286,9.314249409998));
#4832 = CIRCLE('',#4833,1.613267899286);
#4833 = AXIS2_PLACEMENT_3D('',#4834,#4835,#4836);
#4834 = CARTESIAN_POINT('',(2.5,4.25,9.314249409998));
#4835 = DIRECTION('',(0.,0.,-1.));
#4836 = DIRECTION('',(0.,-1.,0.));
#4837 = ORIENTED_EDGE('',*,*,#4838,.T.);
#4838 = EDGE_CURVE('',#4830,#4795,#4839,.T.);
#4839 = LINE('',#4840,#4841);
#4840 = CARTESIAN_POINT('',(2.5,5.85,9.5));
#4841 = VECTOR('',#4842,1.);
#4842 = DIRECTION('',(-8.725247161685E-18,7.124704990664E-02,
    -0.997458699837));
#4843 = ORIENTED_EDGE('',*,*,#4844,.T.);
#4844 = EDGE_CURVE('',#4795,#4804,#4845,.T.);
#4845 = CIRCLE('',#4846,1.7);
#4846 = AXIS2_PLACEMENT_3D('',#4847,#4848,#4849);
#4847 = CARTESIAN_POINT('',(2.5,4.25,8.1));
#4848 = DIRECTION('',(0.,0.,1.));
#4849 = DIRECTION('',(0.,-1.,0.));
#4850 = ORIENTED_EDGE('',*,*,#4851,.F.);
#4851 = EDGE_CURVE('',#4852,#4804,#4854,.T.);
#4852 = VERTEX_POINT('',#4853);
#4853 = CARTESIAN_POINT('',(2.5,2.636732100714,9.314249409998));
#4854 = LINE('',#4855,#4856);
#4855 = CARTESIAN_POINT('',(2.5,2.65,9.5));
#4856 = VECTOR('',#4857,1.);
#4857 = DIRECTION('',(0.,-7.124704990664E-02,-0.997458699837));
#4858 = ORIENTED_EDGE('',*,*,#4859,.T.);
#4859 = EDGE_CURVE('',#4852,#4860,#4862,.T.);
#4860 = VERTEX_POINT('',#4861);
#4861 = CARTESIAN_POINT('',(0.937107388569,3.85,9.314249409998));
#4862 = CIRCLE('',#4863,1.613267899286);
#4863 = AXIS2_PLACEMENT_3D('',#4864,#4865,#4866);
#4864 = CARTESIAN_POINT('',(2.5,4.25,9.314249409998));
#4865 = DIRECTION('',(0.,0.,-1.));
#4866 = DIRECTION('',(0.,-1.,0.));
#4867 = ORIENTED_EDGE('',*,*,#4868,.T.);
#4868 = EDGE_CURVE('',#4860,#4869,#4871,.T.);
#4869 = VERTEX_POINT('',#4870);
#4870 = CARTESIAN_POINT('',(0.899218940642,3.85,8.8));
#4871 = B_SPLINE_CURVE_WITH_KNOTS('',3,(#4872,#4873,#4874,#4875,#4876,
    #4877),.UNSPECIFIED.,.F.,.F.,(4,2,4),(0.,0.455603274493,1.),
  .UNSPECIFIED.);
#4872 = CARTESIAN_POINT('',(0.937107388569,3.85,9.314249409998));
#4873 = CARTESIAN_POINT('',(0.93134918525,3.85,9.236151811975));
#4874 = CARTESIAN_POINT('',(0.925592927451,3.85,9.158054070484));
#4875 = CARTESIAN_POINT('',(0.912962694866,3.85,8.98663765568));
#4876 = CARTESIAN_POINT('',(0.906089525206,3.85,8.893318922984));
#4877 = CARTESIAN_POINT('',(0.899218940642,3.85,8.8));
#4878 = ORIENTED_EDGE('',*,*,#4879,.F.);
#4879 = EDGE_CURVE('',#4880,#4869,#4882,.T.);
#4880 = VERTEX_POINT('',#4881);
#4881 = CARTESIAN_POINT('',(0.899218940642,4.65,8.8));
#4882 = CIRCLE('',#4883,1.65);
#4883 = AXIS2_PLACEMENT_3D('',#4884,#4885,#4886);
#4884 = CARTESIAN_POINT('',(2.5,4.25,8.8));
#4885 = DIRECTION('',(0.,-0.,1.));
#4886 = DIRECTION('',(0.,1.,0.));
#4887 = ORIENTED_EDGE('',*,*,#4888,.T.);
#4888 = EDGE_CURVE('',#4880,#4828,#4889,.T.);
#4889 = B_SPLINE_CURVE_WITH_KNOTS('',3,(#4890,#4891,#4892,#4893,#4894,
    #4895),.UNSPECIFIED.,.F.,.F.,(4,2,4),(0.,0.544396723563,1.),
  .UNSPECIFIED.);
#4890 = CARTESIAN_POINT('',(0.899218940642,4.65,8.8));
#4891 = CARTESIAN_POINT('',(0.906089525206,4.65,8.893318922984));
#4892 = CARTESIAN_POINT('',(0.912962694866,4.65,8.98663765568));
#4893 = CARTESIAN_POINT('',(0.925592927451,4.65,9.158054070484));
#4894 = CARTESIAN_POINT('',(0.93134918525,4.65,9.236151811974));
#4895 = CARTESIAN_POINT('',(0.937107388569,4.65,9.314249409998));
#4896 = CONICAL_SURFACE('',#4897,1.6,7.130746470381E-02);
#4897 = AXIS2_PLACEMENT_3D('',#4898,#4899,#4900);
#4898 = CARTESIAN_POINT('',(2.5,4.25,9.5));
#4899 = DIRECTION('',(0.,0.,-1.));
#4900 = DIRECTION('',(0.,-1.,0.));
#4901 = ADVANCED_FACE('',(#4902),#4932,.T.);
#4902 = FACE_BOUND('',#4903,.T.);
#4903 = EDGE_LOOP('',(#4904,#4905,#4914,#4923));
#4904 = ORIENTED_EDGE('',*,*,#4859,.F.);
#4905 = ORIENTED_EDGE('',*,*,#4906,.T.);
#4906 = EDGE_CURVE('',#4852,#4907,#4909,.T.);
#4907 = VERTEX_POINT('',#4908);
#4908 = CARTESIAN_POINT('',(2.5,2.83622384068,9.5));
#4909 = CIRCLE('',#4910,0.2);
#4910 = AXIS2_PLACEMENT_3D('',#4911,#4912,#4913);
#4911 = CARTESIAN_POINT('',(2.5,2.83622384068,9.3));
#4912 = DIRECTION('',(-1.,0.,0.));
#4913 = DIRECTION('',(0.,0.,1.));
#4914 = ORIENTED_EDGE('',*,*,#4915,.F.);
#4915 = EDGE_CURVE('',#4916,#4907,#4918,.T.);
#4916 = VERTEX_POINT('',#4917);
#4917 = CARTESIAN_POINT('',(1.143990033716,3.85,9.5));
#4918 = CIRCLE('',#4919,1.41377615932);
#4919 = AXIS2_PLACEMENT_3D('',#4920,#4921,#4922);
#4920 = CARTESIAN_POINT('',(2.5,4.25,9.5));
#4921 = DIRECTION('',(0.,0.,1.));
#4922 = DIRECTION('',(0.,-1.,0.));
#4923 = ORIENTED_EDGE('',*,*,#4924,.T.);
#4924 = EDGE_CURVE('',#4916,#4860,#4925,.T.);
#4925 = B_SPLINE_CURVE_WITH_KNOTS('',3,(#4926,#4927,#4928,#4929,#4930,
    #4931),.UNSPECIFIED.,.F.,.F.,(4,2,4),(1.951563910474E-18,
    1.521198112225E-04,3.042396224449E-04),.UNSPECIFIED.);
#4926 = CARTESIAN_POINT('',(1.143990033716,3.85,9.5));
#4927 = CARTESIAN_POINT('',(1.092568578621,3.85,9.5));
#4928 = CARTESIAN_POINT('',(1.042213446765,3.85,9.481490714224));
#4929 = CARTESIAN_POINT('',(0.9655523954,3.85,9.413837825582));
#4930 = CARTESIAN_POINT('',(0.94089277935,3.85,9.365590064581));
#4931 = CARTESIAN_POINT('',(0.937107388569,3.85,9.314249409998));
#4932 = TOROIDAL_SURFACE('',#4933,1.41377615932,0.2);
#4933 = AXIS2_PLACEMENT_3D('',#4934,#4935,#4936);
#4934 = CARTESIAN_POINT('',(2.5,4.25,9.3));
#4935 = DIRECTION('',(0.,0.,1.));
#4936 = DIRECTION('',(0.,-1.,0.));
#4937 = ADVANCED_FACE('',(#4938),#4974,.T.);
#4938 = FACE_BOUND('',#4939,.T.);
#4939 = EDGE_LOOP('',(#4940,#4951,#4959,#4968));
#4940 = ORIENTED_EDGE('',*,*,#4941,.F.);
#4941 = EDGE_CURVE('',#4942,#4944,#4946,.T.);
#4942 = VERTEX_POINT('',#4943);
#4943 = CARTESIAN_POINT('',(8.,4.25,0.));
#4944 = VERTEX_POINT('',#4945);
#4945 = CARTESIAN_POINT('',(7.,4.25,0.));
#4946 = CIRCLE('',#4947,0.5);
#4947 = AXIS2_PLACEMENT_3D('',#4948,#4949,#4950);
#4948 = CARTESIAN_POINT('',(7.5,4.25,0.));
#4949 = DIRECTION('',(0.,0.,1.));
#4950 = DIRECTION('',(-1.,0.,0.));
#4951 = ORIENTED_EDGE('',*,*,#4952,.T.);
#4952 = EDGE_CURVE('',#4942,#4953,#4955,.T.);
#4953 = VERTEX_POINT('',#4954);
#4954 = CARTESIAN_POINT('',(7.999999999669,4.25,-3.85));
#4955 = LINE('',#4956,#4957);
#4956 = CARTESIAN_POINT('',(8.,4.25,0.75));
#4957 = VECTOR('',#4958,1.);
#4958 = DIRECTION('',(0.,0.,-1.));
#4959 = ORIENTED_EDGE('',*,*,#4960,.T.);
#4960 = EDGE_CURVE('',#4953,#4961,#4963,.T.);
#4961 = VERTEX_POINT('',#4962);
#4962 = CARTESIAN_POINT('',(7.000000000331,4.25,-3.85));
#4963 = CIRCLE('',#4964,0.5);
#4964 = AXIS2_PLACEMENT_3D('',#4965,#4966,#4967);
#4965 = CARTESIAN_POINT('',(7.5,4.25,-3.85));
#4966 = DIRECTION('',(0.,0.,1.));
#4967 = DIRECTION('',(-1.,0.,0.));
#4968 = ORIENTED_EDGE('',*,*,#4969,.F.);
#4969 = EDGE_CURVE('',#4944,#4961,#4970,.T.);
#4970 = LINE('',#4971,#4972);
#4971 = CARTESIAN_POINT('',(7.,4.25,0.75));
#4972 = VECTOR('',#4973,1.);
#4973 = DIRECTION('',(0.,0.,-1.));
#4974 = CYLINDRICAL_SURFACE('',#4975,0.5);
#4975 = AXIS2_PLACEMENT_3D('',#4976,#4977,#4978);
#4976 = CARTESIAN_POINT('',(7.5,4.25,0.75));
#4977 = DIRECTION('',(0.,0.,-1.));
#4978 = DIRECTION('',(-1.,0.,0.));
#4979 = ADVANCED_FACE('',(#4980),#5016,.F.);
#4980 = FACE_BOUND('',#4981,.F.);
#4981 = EDGE_LOOP('',(#4982,#4992,#5001,#5009));
#4982 = ORIENTED_EDGE('',*,*,#4983,.T.);
#4983 = EDGE_CURVE('',#4984,#4986,#4988,.T.);
#4984 = VERTEX_POINT('',#4985);
#4985 = CARTESIAN_POINT('',(7.5,2.5,8.));
#4986 = VERTEX_POINT('',#4987);
#4987 = CARTESIAN_POINT('',(7.5,2.5,10.));
#4988 = LINE('',#4989,#4990);
#4989 = CARTESIAN_POINT('',(7.5,2.5,10.));
#4990 = VECTOR('',#4991,1.);
#4991 = DIRECTION('',(0.,-3.675221047035E-15,1.));
#4992 = ORIENTED_EDGE('',*,*,#4993,.F.);
#4993 = EDGE_CURVE('',#4994,#4986,#4996,.T.);
#4994 = VERTEX_POINT('',#4995);
#4995 = CARTESIAN_POINT('',(7.5,6.,10.));
#4996 = CIRCLE('',#4997,1.75);
#4997 = AXIS2_PLACEMENT_3D('',#4998,#4999,#5000);
#4998 = CARTESIAN_POINT('',(7.5,4.25,10.));
#4999 = DIRECTION('',(0.,-3.675221047035E-15,1.));
#5000 = DIRECTION('',(0.,-1.,-3.675221047035E-15));
#5001 = ORIENTED_EDGE('',*,*,#5002,.F.);
#5002 = EDGE_CURVE('',#5003,#4994,#5005,.T.);
#5003 = VERTEX_POINT('',#5004);
#5004 = CARTESIAN_POINT('',(7.5,6.,8.));
#5005 = LINE('',#5006,#5007);
#5006 = CARTESIAN_POINT('',(7.5,6.,10.));
#5007 = VECTOR('',#5008,1.);
#5008 = DIRECTION('',(0.,-3.675221047035E-15,1.));
#5009 = ORIENTED_EDGE('',*,*,#5010,.F.);
#5010 = EDGE_CURVE('',#4984,#5003,#5011,.T.);
#5011 = CIRCLE('',#5012,1.75);
#5012 = AXIS2_PLACEMENT_3D('',#5013,#5014,#5015);
#5013 = CARTESIAN_POINT('',(7.5,4.25,8.));
#5014 = DIRECTION('',(0.,0.,-1.));
#5015 = DIRECTION('',(1.,0.,0.));
#5016 = CYLINDRICAL_SURFACE('',#5017,1.75);
#5017 = AXIS2_PLACEMENT_3D('',#5018,#5019,#5020);
#5018 = CARTESIAN_POINT('',(7.5,4.25,10.));
#5019 = DIRECTION('',(0.,-3.675221047035E-15,1.));
#5020 = DIRECTION('',(0.,-1.,-3.675221047035E-15));
#5021 = ADVANCED_FACE('',(#5022),#5054,.T.);
#5022 = FACE_BOUND('',#5023,.T.);
#5023 = EDGE_LOOP('',(#5024,#5035,#5041,#5048));
#5024 = ORIENTED_EDGE('',*,*,#5025,.F.);
#5025 = EDGE_CURVE('',#5026,#5028,#5030,.T.);
#5026 = VERTEX_POINT('',#5027);
#5027 = CARTESIAN_POINT('',(7.75,4.25,-4.35));
#5028 = VERTEX_POINT('',#5029);
#5029 = CARTESIAN_POINT('',(7.25,4.25,-4.35));
#5030 = CIRCLE('',#5031,0.25);
#5031 = AXIS2_PLACEMENT_3D('',#5032,#5033,#5034);
#5032 = CARTESIAN_POINT('',(7.5,4.25,-4.35));
#5033 = DIRECTION('',(0.,0.,-1.));
#5034 = DIRECTION('',(-1.,0.,0.));
#5035 = ORIENTED_EDGE('',*,*,#5036,.T.);
#5036 = EDGE_CURVE('',#5026,#4953,#5037,.T.);
#5037 = LINE('',#5038,#5039);
#5038 = CARTESIAN_POINT('',(7.75,4.25,-4.35));
#5039 = VECTOR('',#5040,1.);
#5040 = DIRECTION('',(0.447213595026,-5.476786976839E-17,0.894427191237)
  );
#5041 = ORIENTED_EDGE('',*,*,#5042,.F.);
#5042 = EDGE_CURVE('',#4961,#4953,#5043,.T.);
#5043 = CIRCLE('',#5044,0.5);
#5044 = AXIS2_PLACEMENT_3D('',#5045,#5046,#5047);
#5045 = CARTESIAN_POINT('',(7.5,4.25,-3.85));
#5046 = DIRECTION('',(0.,0.,1.));
#5047 = DIRECTION('',(-1.,0.,0.));
#5048 = ORIENTED_EDGE('',*,*,#5049,.F.);
#5049 = EDGE_CURVE('',#5028,#4961,#5050,.T.);
#5050 = LINE('',#5051,#5052);
#5051 = CARTESIAN_POINT('',(7.25,4.25,-4.35));
#5052 = VECTOR('',#5053,1.);
#5053 = DIRECTION('',(-0.447213595026,0.,0.894427191237));
#5054 = CONICAL_SURFACE('',#5055,0.25,0.463647608471);
#5055 = AXIS2_PLACEMENT_3D('',#5056,#5057,#5058);
#5056 = CARTESIAN_POINT('',(7.5,4.25,-4.35));
#5057 = DIRECTION('',(0.,0.,1.));
#5058 = DIRECTION('',(-1.,0.,0.));
#5059 = ADVANCED_FACE('',(#5060),#5098,.T.);
#5060 = FACE_BOUND('',#5061,.T.);
#5061 = EDGE_LOOP('',(#5062,#5073,#5082,#5091));
#5062 = ORIENTED_EDGE('',*,*,#5063,.F.);
#5063 = EDGE_CURVE('',#5064,#5066,#5068,.T.);
#5064 = VERTEX_POINT('',#5065);
#5065 = CARTESIAN_POINT('',(7.5,5.85,8.));
#5066 = VERTEX_POINT('',#5067);
#5067 = CARTESIAN_POINT('',(7.5,2.65,8.));
#5068 = CIRCLE('',#5069,1.6);
#5069 = AXIS2_PLACEMENT_3D('',#5070,#5071,#5072);
#5070 = CARTESIAN_POINT('',(7.5,4.25,8.));
#5071 = DIRECTION('',(0.,0.,-1.));
#5072 = DIRECTION('',(0.,-1.,0.));
#5073 = ORIENTED_EDGE('',*,*,#5074,.T.);
#5074 = EDGE_CURVE('',#5064,#5075,#5077,.T.);
#5075 = VERTEX_POINT('',#5076);
#5076 = CARTESIAN_POINT('',(7.5,5.949999999885,8.1));
#5077 = CIRCLE('',#5078,0.1);
#5078 = AXIS2_PLACEMENT_3D('',#5079,#5080,#5081);
#5079 = CARTESIAN_POINT('',(7.5,5.85,8.1));
#5080 = DIRECTION('',(1.,-1.224646799147E-16,0.));
#5081 = DIRECTION('',(1.224646799147E-16,1.,0.));
#5082 = ORIENTED_EDGE('',*,*,#5083,.F.);
#5083 = EDGE_CURVE('',#5084,#5075,#5086,.T.);
#5084 = VERTEX_POINT('',#5085);
#5085 = CARTESIAN_POINT('',(7.5,2.550000000115,8.1));
#5086 = CIRCLE('',#5087,1.7);
#5087 = AXIS2_PLACEMENT_3D('',#5088,#5089,#5090);
#5088 = CARTESIAN_POINT('',(7.5,4.25,8.1));
#5089 = DIRECTION('',(0.,0.,1.));
#5090 = DIRECTION('',(0.,-1.,0.));
#5091 = ORIENTED_EDGE('',*,*,#5092,.F.);
#5092 = EDGE_CURVE('',#5066,#5084,#5093,.T.);
#5093 = CIRCLE('',#5094,1.E-01);
#5094 = AXIS2_PLACEMENT_3D('',#5095,#5096,#5097);
#5095 = CARTESIAN_POINT('',(7.5,2.65,8.1));
#5096 = DIRECTION('',(-1.,0.,0.));
#5097 = DIRECTION('',(0.,0.,1.));
#5098 = TOROIDAL_SURFACE('',#5099,1.6,0.1);
#5099 = AXIS2_PLACEMENT_3D('',#5100,#5101,#5102);
#5100 = CARTESIAN_POINT('',(7.5,4.25,8.1));
#5101 = DIRECTION('',(0.,0.,1.));
#5102 = DIRECTION('',(0.,-1.,0.));
#5103 = ADVANCED_FACE('',(#5104),#5176,.T.);
#5104 = FACE_BOUND('',#5105,.T.);
#5105 = EDGE_LOOP('',(#5106,#5117,#5123,#5130,#5138,#5147,#5158,#5167));
#5106 = ORIENTED_EDGE('',*,*,#5107,.T.);
#5107 = EDGE_CURVE('',#5108,#5110,#5112,.T.);
#5108 = VERTEX_POINT('',#5109);
#5109 = CARTESIAN_POINT('',(5.937107388569,4.65,9.314249409998));
#5110 = VERTEX_POINT('',#5111);
#5111 = CARTESIAN_POINT('',(7.5,5.863267899286,9.314249409998));
#5112 = CIRCLE('',#5113,1.613267899286);
#5113 = AXIS2_PLACEMENT_3D('',#5114,#5115,#5116);
#5114 = CARTESIAN_POINT('',(7.5,4.25,9.314249409998));
#5115 = DIRECTION('',(0.,0.,-1.));
#5116 = DIRECTION('',(0.,-1.,0.));
#5117 = ORIENTED_EDGE('',*,*,#5118,.T.);
#5118 = EDGE_CURVE('',#5110,#5075,#5119,.T.);
#5119 = LINE('',#5120,#5121);
#5120 = CARTESIAN_POINT('',(7.5,5.85,9.5));
#5121 = VECTOR('',#5122,1.);
#5122 = DIRECTION('',(-8.725247161685E-18,7.124704990664E-02,
    -0.997458699837));
#5123 = ORIENTED_EDGE('',*,*,#5124,.T.);
#5124 = EDGE_CURVE('',#5075,#5084,#5125,.T.);
#5125 = CIRCLE('',#5126,1.7);
#5126 = AXIS2_PLACEMENT_3D('',#5127,#5128,#5129);
#5127 = CARTESIAN_POINT('',(7.5,4.25,8.1));
#5128 = DIRECTION('',(0.,0.,1.));
#5129 = DIRECTION('',(0.,-1.,0.));
#5130 = ORIENTED_EDGE('',*,*,#5131,.F.);
#5131 = EDGE_CURVE('',#5132,#5084,#5134,.T.);
#5132 = VERTEX_POINT('',#5133);
#5133 = CARTESIAN_POINT('',(7.5,2.636732100714,9.314249409998));
#5134 = LINE('',#5135,#5136);
#5135 = CARTESIAN_POINT('',(7.5,2.65,9.5));
#5136 = VECTOR('',#5137,1.);
#5137 = DIRECTION('',(0.,-7.124704990664E-02,-0.997458699837));
#5138 = ORIENTED_EDGE('',*,*,#5139,.T.);
#5139 = EDGE_CURVE('',#5132,#5140,#5142,.T.);
#5140 = VERTEX_POINT('',#5141);
#5141 = CARTESIAN_POINT('',(5.937107388569,3.85,9.314249409998));
#5142 = CIRCLE('',#5143,1.613267899286);
#5143 = AXIS2_PLACEMENT_3D('',#5144,#5145,#5146);
#5144 = CARTESIAN_POINT('',(7.5,4.25,9.314249409998));
#5145 = DIRECTION('',(0.,0.,-1.));
#5146 = DIRECTION('',(0.,-1.,0.));
#5147 = ORIENTED_EDGE('',*,*,#5148,.T.);
#5148 = EDGE_CURVE('',#5140,#5149,#5151,.T.);
#5149 = VERTEX_POINT('',#5150);
#5150 = CARTESIAN_POINT('',(5.899218940642,3.85,8.8));
#5151 = B_SPLINE_CURVE_WITH_KNOTS('',3,(#5152,#5153,#5154,#5155,#5156,
    #5157),.UNSPECIFIED.,.F.,.F.,(4,2,4),(0.,0.455603274493,1.),
  .UNSPECIFIED.);
#5152 = CARTESIAN_POINT('',(5.937107388569,3.85,9.314249409998));
#5153 = CARTESIAN_POINT('',(5.93134918525,3.85,9.236151811974));
#5154 = CARTESIAN_POINT('',(5.925592927451,3.85,9.158054070484));
#5155 = CARTESIAN_POINT('',(5.912962694866,3.85,8.98663765568));
#5156 = CARTESIAN_POINT('',(5.906089525206,3.85,8.893318922984));
#5157 = CARTESIAN_POINT('',(5.899218940642,3.85,8.8));
#5158 = ORIENTED_EDGE('',*,*,#5159,.F.);
#5159 = EDGE_CURVE('',#5160,#5149,#5162,.T.);
#5160 = VERTEX_POINT('',#5161);
#5161 = CARTESIAN_POINT('',(5.899218940642,4.65,8.8));
#5162 = CIRCLE('',#5163,1.65);
#5163 = AXIS2_PLACEMENT_3D('',#5164,#5165,#5166);
#5164 = CARTESIAN_POINT('',(7.5,4.25,8.8));
#5165 = DIRECTION('',(0.,-0.,1.));
#5166 = DIRECTION('',(0.,1.,0.));
#5167 = ORIENTED_EDGE('',*,*,#5168,.T.);
#5168 = EDGE_CURVE('',#5160,#5108,#5169,.T.);
#5169 = B_SPLINE_CURVE_WITH_KNOTS('',3,(#5170,#5171,#5172,#5173,#5174,
    #5175),.UNSPECIFIED.,.F.,.F.,(4,2,4),(0.,0.544396723563,1.),
  .UNSPECIFIED.);
#5170 = CARTESIAN_POINT('',(5.899218940642,4.65,8.8));
#5171 = CARTESIAN_POINT('',(5.906089525206,4.65,8.893318922984));
#5172 = CARTESIAN_POINT('',(5.912962694866,4.65,8.98663765568));
#5173 = CARTESIAN_POINT('',(5.925592927451,4.65,9.158054070484));
#5174 = CARTESIAN_POINT('',(5.93134918525,4.65,9.236151811974));
#5175 = CARTESIAN_POINT('',(5.937107388569,4.65,9.314249409998));
#5176 = CONICAL_SURFACE('',#5177,1.6,7.130746470381E-02);
#5177 = AXIS2_PLACEMENT_3D('',#5178,#5179,#5180);
#5178 = CARTESIAN_POINT('',(7.5,4.25,9.5));
#5179 = DIRECTION('',(0.,0.,-1.));
#5180 = DIRECTION('',(0.,-1.,0.));
#5181 = ADVANCED_FACE('',(#5182),#5218,.F.);
#5182 = FACE_BOUND('',#5183,.F.);
#5183 = EDGE_LOOP('',(#5184,#5194,#5203,#5211));
#5184 = ORIENTED_EDGE('',*,*,#5185,.T.);
#5185 = EDGE_CURVE('',#5186,#5188,#5190,.T.);
#5186 = VERTEX_POINT('',#5187);
#5187 = CARTESIAN_POINT('',(7.5,6.25,1.35));
#5188 = VERTEX_POINT('',#5189);
#5189 = CARTESIAN_POINT('',(7.5,5.95,1.35));
#5190 = LINE('',#5191,#5192);
#5191 = CARTESIAN_POINT('',(7.5,9.55,1.35));
#5192 = VECTOR('',#5193,1.);
#5193 = DIRECTION('',(0.,-1.,0.));
#5194 = ORIENTED_EDGE('',*,*,#5195,.F.);
#5195 = EDGE_CURVE('',#5196,#5188,#5198,.T.);
#5196 = VERTEX_POINT('',#5197);
#5197 = CARTESIAN_POINT('',(7.5,5.95,4.15));
#5198 = CIRCLE('',#5199,1.4);
#5199 = AXIS2_PLACEMENT_3D('',#5200,#5201,#5202);
#5200 = CARTESIAN_POINT('',(7.5,5.95,2.75));
#5201 = DIRECTION('',(0.,-1.,0.));
#5202 = DIRECTION('',(0.,0.,1.));
#5203 = ORIENTED_EDGE('',*,*,#5204,.F.);
#5204 = EDGE_CURVE('',#5205,#5196,#5207,.T.);
#5205 = VERTEX_POINT('',#5206);
#5206 = CARTESIAN_POINT('',(7.5,6.25,4.15));
#5207 = LINE('',#5208,#5209);
#5208 = CARTESIAN_POINT('',(7.5,9.55,4.15));
#5209 = VECTOR('',#5210,1.);
#5210 = DIRECTION('',(0.,-1.,0.));
#5211 = ORIENTED_EDGE('',*,*,#5212,.F.);
#5212 = EDGE_CURVE('',#5186,#5205,#5213,.T.);
#5213 = CIRCLE('',#5214,1.4);
#5214 = AXIS2_PLACEMENT_3D('',#5215,#5216,#5217);
#5215 = CARTESIAN_POINT('',(7.5,6.25,2.75));
#5216 = DIRECTION('',(0.,1.,0.));
#5217 = DIRECTION('',(0.,-0.,1.));
#5218 = CYLINDRICAL_SURFACE('',#5219,1.4);
#5219 = AXIS2_PLACEMENT_3D('',#5220,#5221,#5222);
#5220 = CARTESIAN_POINT('',(7.5,9.55,2.75));
#5221 = DIRECTION('',(0.,-1.,0.));
#5222 = DIRECTION('',(0.,0.,-1.));
#5223 = ADVANCED_FACE('',(#5224),#5254,.T.);
#5224 = FACE_BOUND('',#5225,.T.);
#5225 = EDGE_LOOP('',(#5226,#5227,#5236,#5245));
#5226 = ORIENTED_EDGE('',*,*,#5139,.F.);
#5227 = ORIENTED_EDGE('',*,*,#5228,.T.);
#5228 = EDGE_CURVE('',#5132,#5229,#5231,.T.);
#5229 = VERTEX_POINT('',#5230);
#5230 = CARTESIAN_POINT('',(7.5,2.83622384068,9.5));
#5231 = CIRCLE('',#5232,0.2);
#5232 = AXIS2_PLACEMENT_3D('',#5233,#5234,#5235);
#5233 = CARTESIAN_POINT('',(7.5,2.83622384068,9.3));
#5234 = DIRECTION('',(-1.,0.,0.));
#5235 = DIRECTION('',(0.,0.,1.));
#5236 = ORIENTED_EDGE('',*,*,#5237,.F.);
#5237 = EDGE_CURVE('',#5238,#5229,#5240,.T.);
#5238 = VERTEX_POINT('',#5239);
#5239 = CARTESIAN_POINT('',(6.143990033716,3.85,9.5));
#5240 = CIRCLE('',#5241,1.41377615932);
#5241 = AXIS2_PLACEMENT_3D('',#5242,#5243,#5244);
#5242 = CARTESIAN_POINT('',(7.5,4.25,9.5));
#5243 = DIRECTION('',(0.,0.,1.));
#5244 = DIRECTION('',(0.,-1.,0.));
#5245 = ORIENTED_EDGE('',*,*,#5246,.T.);
#5246 = EDGE_CURVE('',#5238,#5140,#5247,.T.);
#5247 = B_SPLINE_CURVE_WITH_KNOTS('',3,(#5248,#5249,#5250,#5251,#5252,
    #5253),.UNSPECIFIED.,.F.,.F.,(4,2,4),(1.734723475977E-18,
    1.521198112225E-04,3.042396224449E-04),.UNSPECIFIED.);
#5248 = CARTESIAN_POINT('',(6.143990033716,3.85,9.5));
#5249 = CARTESIAN_POINT('',(6.092568578621,3.85,9.5));
#5250 = CARTESIAN_POINT('',(6.042213446765,3.85,9.481490714224));
#5251 = CARTESIAN_POINT('',(5.9655523954,3.85,9.413837825582));
#5252 = CARTESIAN_POINT('',(5.94089277935,3.85,9.365590064581));
#5253 = CARTESIAN_POINT('',(5.937107388569,3.85,9.314249409998));
#5254 = TOROIDAL_SURFACE('',#5255,1.41377615932,0.2);
#5255 = AXIS2_PLACEMENT_3D('',#5256,#5257,#5258);
#5256 = CARTESIAN_POINT('',(7.5,4.25,9.3));
#5257 = DIRECTION('',(0.,0.,1.));
#5258 = DIRECTION('',(0.,-1.,0.));
#5259 = ADVANCED_FACE('',(#5260),#5294,.T.);
#5260 = FACE_BOUND('',#5261,.T.);
#5261 = EDGE_LOOP('',(#5262,#5272,#5280,#5288));
#5262 = ORIENTED_EDGE('',*,*,#5263,.F.);
#5263 = EDGE_CURVE('',#5264,#5266,#5268,.T.);
#5264 = VERTEX_POINT('',#5265);
#5265 = CARTESIAN_POINT('',(6.45,5.95,3.291739462922));
#5266 = VERTEX_POINT('',#5267);
#5267 = CARTESIAN_POINT('',(8.55,5.95,3.291739462922));
#5268 = LINE('',#5269,#5270);
#5269 = CARTESIAN_POINT('',(4.5,5.95,3.291739462922));
#5270 = VECTOR('',#5271,1.);
#5271 = DIRECTION('',(1.,0.,0.));
#5272 = ORIENTED_EDGE('',*,*,#5273,.T.);
#5273 = EDGE_CURVE('',#5264,#5274,#5276,.T.);
#5274 = VERTEX_POINT('',#5275);
#5275 = CARTESIAN_POINT('',(6.45,6.405650476444,3.372082935692));
#5276 = LINE('',#5277,#5278);
#5277 = CARTESIAN_POINT('',(6.45,3.592004494645,2.875961234939));
#5278 = VECTOR('',#5279,1.);
#5279 = DIRECTION('',(6.323770134184E-17,0.984807753012,0.173648177667)
  );
#5280 = ORIENTED_EDGE('',*,*,#5281,.T.);
#5281 = EDGE_CURVE('',#5274,#5282,#5284,.T.);
#5282 = VERTEX_POINT('',#5283);
#5283 = CARTESIAN_POINT('',(8.55,6.405650476444,3.372082935692));
#5284 = LINE('',#5285,#5286);
#5285 = CARTESIAN_POINT('',(4.5,6.405650476444,3.372082935692));
#5286 = VECTOR('',#5287,1.);
#5287 = DIRECTION('',(1.,0.,0.));
#5288 = ORIENTED_EDGE('',*,*,#5289,.F.);
#5289 = EDGE_CURVE('',#5266,#5282,#5290,.T.);
#5290 = LINE('',#5291,#5292);
#5291 = CARTESIAN_POINT('',(8.55,3.592004494645,2.875961234939));
#5292 = VECTOR('',#5293,1.);
#5293 = DIRECTION('',(-6.323770134184E-17,0.984807753012,0.173648177667)
  );
#5294 = PLANE('',#5295);
#5295 = AXIS2_PLACEMENT_3D('',#5296,#5297,#5298);
#5296 = CARTESIAN_POINT('',(4.5,3.592004494645,2.875961234939));
#5297 = DIRECTION('',(0.,0.173648177667,-0.984807753012));
#5298 = DIRECTION('',(0.,-0.984807753012,-0.173648177667));
#5299 = ADVANCED_FACE('',(#5300),#5334,.T.);
#5300 = FACE_BOUND('',#5301,.T.);
#5301 = EDGE_LOOP('',(#5302,#5312,#5320,#5328));
#5302 = ORIENTED_EDGE('',*,*,#5303,.F.);
#5303 = EDGE_CURVE('',#5304,#5306,#5308,.T.);
#5304 = VERTEX_POINT('',#5305);
#5305 = CARTESIAN_POINT('',(8.55,5.95,3.4948247853));
#5306 = VERTEX_POINT('',#5307);
#5307 = CARTESIAN_POINT('',(6.45,5.95,3.4948247853));
#5308 = LINE('',#5309,#5310);
#5309 = CARTESIAN_POINT('',(4.5,5.95,3.4948247853));
#5310 = VECTOR('',#5311,1.);
#5311 = DIRECTION('',(-1.,0.,0.));
#5312 = ORIENTED_EDGE('',*,*,#5313,.F.);
#5313 = EDGE_CURVE('',#5314,#5304,#5316,.T.);
#5314 = VERTEX_POINT('',#5315);
#5315 = CARTESIAN_POINT('',(8.55,6.370920840911,3.569044486295));
#5316 = LINE('',#5317,#5318);
#5317 = CARTESIAN_POINT('',(8.55,6.370920840911,3.569044486295));
#5318 = VECTOR('',#5319,1.);
#5319 = DIRECTION('',(6.323770134184E-17,-0.984807753012,-0.173648177667
    ));
#5320 = ORIENTED_EDGE('',*,*,#5321,.F.);
#5321 = EDGE_CURVE('',#5322,#5314,#5324,.T.);
#5322 = VERTEX_POINT('',#5323);
#5323 = CARTESIAN_POINT('',(6.45,6.370920840911,3.569044486295));
#5324 = LINE('',#5325,#5326);
#5325 = CARTESIAN_POINT('',(4.5,6.370920840911,3.569044486295));
#5326 = VECTOR('',#5327,1.);
#5327 = DIRECTION('',(1.,0.,0.));
#5328 = ORIENTED_EDGE('',*,*,#5329,.T.);
#5329 = EDGE_CURVE('',#5322,#5306,#5330,.T.);
#5330 = LINE('',#5331,#5332);
#5331 = CARTESIAN_POINT('',(6.45,6.370920840911,3.569044486295));
#5332 = VECTOR('',#5333,1.);
#5333 = DIRECTION('',(-6.323770134184E-17,-0.984807753012,
    -0.173648177667));
#5334 = PLANE('',#5335);
#5335 = AXIS2_PLACEMENT_3D('',#5336,#5337,#5338);
#5336 = CARTESIAN_POINT('',(4.5,6.370920840911,3.569044486295));
#5337 = DIRECTION('',(0.,-0.173648177667,0.984807753012));
#5338 = DIRECTION('',(0.,0.984807753012,0.173648177667));
#5339 = ADVANCED_FACE('',(#5340),#5367,.F.);
#5340 = FACE_BOUND('',#5341,.F.);
#5341 = EDGE_LOOP('',(#5342,#5343,#5352,#5360));
#5342 = ORIENTED_EDGE('',*,*,#5321,.F.);
#5343 = ORIENTED_EDGE('',*,*,#5344,.F.);
#5344 = EDGE_CURVE('',#5345,#5322,#5347,.T.);
#5345 = VERTEX_POINT('',#5346);
#5346 = CARTESIAN_POINT('',(6.45,6.700487189948,3.990870176997));
#5347 = CIRCLE('',#5348,0.4);
#5348 = AXIS2_PLACEMENT_3D('',#5349,#5350,#5351);
#5349 = CARTESIAN_POINT('',(6.45,6.301461569844,3.9629675875));
#5350 = DIRECTION('',(-1.,0.,3.641714079093E-16));
#5351 = DIRECTION('',(-3.641714079093E-16,0.,-1.));
#5352 = ORIENTED_EDGE('',*,*,#5353,.T.);
#5353 = EDGE_CURVE('',#5345,#5354,#5356,.T.);
#5354 = VERTEX_POINT('',#5355);
#5355 = CARTESIAN_POINT('',(8.55,6.700487189948,3.990870176997));
#5356 = LINE('',#5357,#5358);
#5357 = CARTESIAN_POINT('',(4.5,6.700487189948,3.990870176997));
#5358 = VECTOR('',#5359,1.);
#5359 = DIRECTION('',(1.,0.,0.));
#5360 = ORIENTED_EDGE('',*,*,#5361,.T.);
#5361 = EDGE_CURVE('',#5354,#5314,#5362,.T.);
#5362 = CIRCLE('',#5363,0.4);
#5363 = AXIS2_PLACEMENT_3D('',#5364,#5365,#5366);
#5364 = CARTESIAN_POINT('',(8.55,6.301461569844,3.9629675875));
#5365 = DIRECTION('',(-1.,0.,-3.641714079093E-16));
#5366 = DIRECTION('',(3.641714079093E-16,0.,-1.));
#5367 = CYLINDRICAL_SURFACE('',#5368,0.4);
#5368 = AXIS2_PLACEMENT_3D('',#5369,#5370,#5371);
#5369 = CARTESIAN_POINT('',(4.5,6.301461569844,3.9629675875));
#5370 = DIRECTION('',(1.,0.,0.));
#5371 = DIRECTION('',(0.,0.,-1.));
#5372 = ADVANCED_FACE('',(#5373),#5399,.T.);
#5373 = FACE_BOUND('',#5374,.T.);
#5374 = EDGE_LOOP('',(#5375,#5381,#5382,#5383,#5391,#5398));
#5375 = ORIENTED_EDGE('',*,*,#5376,.F.);
#5376 = EDGE_CURVE('',#5306,#5264,#5377,.T.);
#5377 = LINE('',#5378,#5379);
#5378 = CARTESIAN_POINT('',(6.45,5.95,2.8));
#5379 = VECTOR('',#5380,1.);
#5380 = DIRECTION('',(-3.641714079093E-16,0.,-1.));
#5381 = ORIENTED_EDGE('',*,*,#5329,.F.);
#5382 = ORIENTED_EDGE('',*,*,#5344,.F.);
#5383 = ORIENTED_EDGE('',*,*,#5384,.T.);
#5384 = EDGE_CURVE('',#5345,#5385,#5387,.T.);
#5385 = VERTEX_POINT('',#5386);
#5386 = CARTESIAN_POINT('',(6.45,6.900812423268,3.990870176997));
#5387 = LINE('',#5388,#5389);
#5388 = CARTESIAN_POINT('',(6.45,-1.462314593355,3.990870176997));
#5389 = VECTOR('',#5390,1.);
#5390 = DIRECTION('',(0.,1.,0.));
#5391 = ORIENTED_EDGE('',*,*,#5392,.F.);
#5392 = EDGE_CURVE('',#5274,#5385,#5393,.T.);
#5393 = CIRCLE('',#5394,0.6);
#5394 = AXIS2_PLACEMENT_3D('',#5395,#5396,#5397);
#5395 = CARTESIAN_POINT('',(6.45,6.301461569844,3.9629675875));
#5396 = DIRECTION('',(1.,0.,-3.641714079093E-16));
#5397 = DIRECTION('',(-3.641714079093E-16,-0.,-1.));
#5398 = ORIENTED_EDGE('',*,*,#5273,.F.);
#5399 = PLANE('',#5400);
#5400 = AXIS2_PLACEMENT_3D('',#5401,#5402,#5403);
#5401 = CARTESIAN_POINT('',(6.45,-1.462314593355,2.8));
#5402 = DIRECTION('',(-1.,0.,3.641714079093E-16));
#5403 = DIRECTION('',(-3.641714079093E-16,0.,-1.));
#5404 = ADVANCED_FACE('',(#5405),#5442,.T.);
#5405 = FACE_BOUND('',#5406,.T.);
#5406 = EDGE_LOOP('',(#5407,#5416,#5417,#5418,#5427,#5435));
#5407 = ORIENTED_EDGE('',*,*,#5408,.F.);
#5408 = EDGE_CURVE('',#5282,#5409,#5411,.T.);
#5409 = VERTEX_POINT('',#5410);
#5410 = CARTESIAN_POINT('',(8.55,6.900812423268,3.990870176997));
#5411 = CIRCLE('',#5412,0.6);
#5412 = AXIS2_PLACEMENT_3D('',#5413,#5414,#5415);
#5413 = CARTESIAN_POINT('',(8.55,6.301461569844,3.9629675875));
#5414 = DIRECTION('',(1.,0.,3.641714079093E-16));
#5415 = DIRECTION('',(3.641714079093E-16,0.,-1.));
#5416 = ORIENTED_EDGE('',*,*,#5281,.F.);
#5417 = ORIENTED_EDGE('',*,*,#5392,.T.);
#5418 = ORIENTED_EDGE('',*,*,#5419,.T.);
#5419 = EDGE_CURVE('',#5385,#5420,#5422,.T.);
#5420 = VERTEX_POINT('',#5421);
#5421 = CARTESIAN_POINT('',(6.446052745852,6.9,4.004821471746));
#5422 = ( BOUNDED_CURVE() B_SPLINE_CURVE(3,(#5423,#5424,#5425,#5426),
.UNSPECIFIED.,.F.,.F.) B_SPLINE_CURVE_WITH_KNOTS((4,4),(1.617317421062,
1.640609496875),.PIECEWISE_BEZIER_KNOTS.) CURVE() 
GEOMETRIC_REPRESENTATION_ITEM() RATIONAL_B_SPLINE_CURVE((1.,
0.999954790445,0.999954790445,1.)) REPRESENTATION_ITEM('') );
#5423 = CARTESIAN_POINT('',(6.45,6.900812423268,3.990870176997));
#5424 = CARTESIAN_POINT('',(6.448683386022,6.90059578196,3.995523657362)
  );
#5425 = CARTESIAN_POINT('',(6.447367575153,6.900324961961,4.000174299198
    ));
#5426 = CARTESIAN_POINT('',(6.446052745852,6.9,4.004821471746));
#5427 = ORIENTED_EDGE('',*,*,#5428,.T.);
#5428 = EDGE_CURVE('',#5420,#5429,#5431,.T.);
#5429 = VERTEX_POINT('',#5430);
#5430 = CARTESIAN_POINT('',(8.553947254148,6.9,4.004821471746));
#5431 = LINE('',#5432,#5433);
#5432 = CARTESIAN_POINT('',(4.5,6.9,4.004821471746));
#5433 = VECTOR('',#5434,1.);
#5434 = DIRECTION('',(1.,0.,0.));
#5435 = ORIENTED_EDGE('',*,*,#5436,.F.);
#5436 = EDGE_CURVE('',#5409,#5429,#5437,.T.);
#5437 = ( BOUNDED_CURVE() B_SPLINE_CURVE(3,(#5438,#5439,#5440,#5441),
.UNSPECIFIED.,.F.,.F.) B_SPLINE_CURVE_WITH_KNOTS((4,4),(4.758910074652,
4.782202150464),.PIECEWISE_BEZIER_KNOTS.) CURVE() 
GEOMETRIC_REPRESENTATION_ITEM() RATIONAL_B_SPLINE_CURVE((1.,
0.999954790445,0.999954790445,1.)) REPRESENTATION_ITEM('') );
#5438 = CARTESIAN_POINT('',(8.55,6.900812423268,3.990870176997));
#5439 = CARTESIAN_POINT('',(8.551316613978,6.90059578196,3.995523657362)
  );
#5440 = CARTESIAN_POINT('',(8.552632424847,6.900324961961,4.000174299198
    ));
#5441 = CARTESIAN_POINT('',(8.553947254148,6.9,4.004821471746));
#5442 = CYLINDRICAL_SURFACE('',#5443,0.6);
#5443 = AXIS2_PLACEMENT_3D('',#5444,#5445,#5446);
#5444 = CARTESIAN_POINT('',(4.5,6.301461569844,3.9629675875));
#5445 = DIRECTION('',(1.,0.,0.));
#5446 = DIRECTION('',(0.,0.,-1.));
#5447 = ADVANCED_FACE('',(#5448),#5466,.F.);
#5448 = FACE_BOUND('',#5449,.T.);
#5449 = EDGE_LOOP('',(#5450,#5451,#5457,#5458,#5459,#5465));
#5450 = ORIENTED_EDGE('',*,*,#5313,.T.);
#5451 = ORIENTED_EDGE('',*,*,#5452,.T.);
#5452 = EDGE_CURVE('',#5304,#5266,#5453,.T.);
#5453 = LINE('',#5454,#5455);
#5454 = CARTESIAN_POINT('',(8.55,5.95,2.8));
#5455 = VECTOR('',#5456,1.);
#5456 = DIRECTION('',(3.641714079093E-16,0.,-1.));
#5457 = ORIENTED_EDGE('',*,*,#5289,.T.);
#5458 = ORIENTED_EDGE('',*,*,#5408,.T.);
#5459 = ORIENTED_EDGE('',*,*,#5460,.F.);
#5460 = EDGE_CURVE('',#5354,#5409,#5461,.T.);
#5461 = LINE('',#5462,#5463);
#5462 = CARTESIAN_POINT('',(8.55,-1.462314593355,3.990870176997));
#5463 = VECTOR('',#5464,1.);
#5464 = DIRECTION('',(0.,1.,0.));
#5465 = ORIENTED_EDGE('',*,*,#5361,.T.);
#5466 = PLANE('',#5467);
#5467 = AXIS2_PLACEMENT_3D('',#5468,#5469,#5470);
#5468 = CARTESIAN_POINT('',(8.55,-1.462314593355,2.8));
#5469 = DIRECTION('',(-1.,0.,-3.641714079093E-16));
#5470 = DIRECTION('',(3.641714079093E-16,0.,-1.));
#5471 = ADVANCED_FACE('',(#5472),#5491,.T.);
#5472 = FACE_BOUND('',#5473,.T.);
#5473 = EDGE_LOOP('',(#5474,#5485));
#5474 = ORIENTED_EDGE('',*,*,#5475,.T.);
#5475 = EDGE_CURVE('',#5476,#5478,#5480,.T.);
#5476 = VERTEX_POINT('',#5477);
#5477 = CARTESIAN_POINT('',(8.856009966284,4.65,9.5));
#5478 = VERTEX_POINT('',#5479);
#5479 = CARTESIAN_POINT('',(6.143990033716,4.65,9.5));
#5480 = CIRCLE('',#5481,1.41377615932);
#5481 = AXIS2_PLACEMENT_3D('',#5482,#5483,#5484);
#5482 = CARTESIAN_POINT('',(7.5,4.25,9.5));
#5483 = DIRECTION('',(0.,0.,1.));
#5484 = DIRECTION('',(0.,-1.,0.));
#5485 = ORIENTED_EDGE('',*,*,#5486,.T.);
#5486 = EDGE_CURVE('',#5478,#5476,#5487,.T.);
#5487 = LINE('',#5488,#5489);
#5488 = CARTESIAN_POINT('',(5.8,4.65,9.5));
#5489 = VECTOR('',#5490,1.);
#5490 = DIRECTION('',(1.,2.232180943353E-16,0.));
#5491 = PLANE('',#5492);
#5492 = AXIS2_PLACEMENT_3D('',#5493,#5494,#5495);
#5493 = CARTESIAN_POINT('',(7.5,4.25,9.5));
#5494 = DIRECTION('',(0.,0.,1.));
#5495 = DIRECTION('',(0.,-1.,0.));
#5496 = ADVANCED_FACE('',(#5497),#5515,.T.);
#5497 = FACE_BOUND('',#5498,.T.);
#5498 = EDGE_LOOP('',(#5499,#5500,#5509));
#5499 = ORIENTED_EDGE('',*,*,#5237,.T.);
#5500 = ORIENTED_EDGE('',*,*,#5501,.T.);
#5501 = EDGE_CURVE('',#5229,#5502,#5504,.T.);
#5502 = VERTEX_POINT('',#5503);
#5503 = CARTESIAN_POINT('',(8.856009966284,3.85,9.5));
#5504 = CIRCLE('',#5505,1.41377615932);
#5505 = AXIS2_PLACEMENT_3D('',#5506,#5507,#5508);
#5506 = CARTESIAN_POINT('',(7.5,4.25,9.5));
#5507 = DIRECTION('',(0.,0.,1.));
#5508 = DIRECTION('',(0.,-1.,0.));
#5509 = ORIENTED_EDGE('',*,*,#5510,.T.);
#5510 = EDGE_CURVE('',#5502,#5238,#5511,.T.);
#5511 = LINE('',#5512,#5513);
#5512 = CARTESIAN_POINT('',(9.2,3.85,9.5));
#5513 = VECTOR('',#5514,1.);
#5514 = DIRECTION('',(-1.,-5.580452358381E-16,0.));
#5515 = PLANE('',#5516);
#5516 = AXIS2_PLACEMENT_3D('',#5517,#5518,#5519);
#5517 = CARTESIAN_POINT('',(7.5,4.25,9.5));
#5518 = DIRECTION('',(0.,0.,1.));
#5519 = DIRECTION('',(0.,-1.,0.));
#5520 = ADVANCED_FACE('',(#5521,#5527),#5537,.T.);
#5521 = FACE_BOUND('',#5522,.T.);
#5522 = EDGE_LOOP('',(#5523,#5524,#5525,#5526));
#5523 = ORIENTED_EDGE('',*,*,#5303,.T.);
#5524 = ORIENTED_EDGE('',*,*,#5376,.T.);
#5525 = ORIENTED_EDGE('',*,*,#5263,.T.);
#5526 = ORIENTED_EDGE('',*,*,#5452,.F.);
#5527 = FACE_BOUND('',#5528,.T.);
#5528 = EDGE_LOOP('',(#5529,#5536));
#5529 = ORIENTED_EDGE('',*,*,#5530,.F.);
#5530 = EDGE_CURVE('',#5188,#5196,#5531,.T.);
#5531 = CIRCLE('',#5532,1.4);
#5532 = AXIS2_PLACEMENT_3D('',#5533,#5534,#5535);
#5533 = CARTESIAN_POINT('',(7.5,5.95,2.75));
#5534 = DIRECTION('',(0.,-1.,0.));
#5535 = DIRECTION('',(0.,0.,1.));
#5536 = ORIENTED_EDGE('',*,*,#5195,.F.);
#5537 = PLANE('',#5538);
#5538 = AXIS2_PLACEMENT_3D('',#5539,#5540,#5541);
#5539 = CARTESIAN_POINT('',(-4.55,5.95,0.65));
#5540 = DIRECTION('',(0.,1.,0.));
#5541 = DIRECTION('',(0.,-0.,1.));
#5542 = ADVANCED_FACE('',(#5543),#5568,.T.);
#5543 = FACE_BOUND('',#5544,.T.);
#5544 = EDGE_LOOP('',(#5545,#5553,#5561,#5567));
#5545 = ORIENTED_EDGE('',*,*,#5546,.F.);
#5546 = EDGE_CURVE('',#5547,#5354,#5549,.T.);
#5547 = VERTEX_POINT('',#5548);
#5548 = CARTESIAN_POINT('',(8.871701747923,6.620978138265,5.127902589498
    ));
#5549 = LINE('',#5550,#5551);
#5550 = CARTESIAN_POINT('',(8.549145049326,6.700698492242,3.987848413411
    ));
#5551 = VECTOR('',#5552,1.);
#5552 = DIRECTION('',(-0.271630022788,6.713375248915E-02,-0.960057388908
    ));
#5553 = ORIENTED_EDGE('',*,*,#5554,.F.);
#5554 = EDGE_CURVE('',#5555,#5547,#5557,.T.);
#5555 = VERTEX_POINT('',#5556);
#5556 = CARTESIAN_POINT('',(6.128298252077,6.620978138265,5.127902589498
    ));
#5557 = LINE('',#5558,#5559);
#5558 = CARTESIAN_POINT('',(4.5,6.620978138265,5.127902589498));
#5559 = VECTOR('',#5560,1.);
#5560 = DIRECTION('',(1.,0.,0.));
#5561 = ORIENTED_EDGE('',*,*,#5562,.T.);
#5562 = EDGE_CURVE('',#5555,#5345,#5563,.T.);
#5563 = LINE('',#5564,#5565);
#5564 = CARTESIAN_POINT('',(6.008157734996,6.591285235931,5.552530875971
    ));
#5565 = VECTOR('',#5566,1.);
#5566 = DIRECTION('',(0.271630022788,6.713375248915E-02,-0.960057388908)
  );
#5567 = ORIENTED_EDGE('',*,*,#5353,.T.);
#5568 = PLANE('',#5569);
#5569 = AXIS2_PLACEMENT_3D('',#5570,#5571,#5572);
#5570 = CARTESIAN_POINT('',(4.5,6.620978138265,5.127902589498));
#5571 = DIRECTION('',(0.,-0.99756405026,-6.975647374413E-02));
#5572 = DIRECTION('',(0.,-6.975647374413E-02,0.99756405026));
#5573 = ADVANCED_FACE('',(#5574),#5613,.T.);
#5574 = FACE_BOUND('',#5575,.T.);
#5575 = EDGE_LOOP('',(#5576,#5587,#5596,#5607));
#5576 = ORIENTED_EDGE('',*,*,#5577,.F.);
#5577 = EDGE_CURVE('',#5578,#5580,#5582,.T.);
#5578 = VERTEX_POINT('',#5579);
#5579 = CARTESIAN_POINT('',(6.041844085659,6.384612859942,5.465433459297
    ));
#5580 = VERTEX_POINT('',#5581);
#5581 = CARTESIAN_POINT('',(6.075900883378,6.560463200156,5.31309743822)
  );
#5582 = B_SPLINE_CURVE_WITH_KNOTS('',3,(#5583,#5584,#5585,#5586),
  .UNSPECIFIED.,.F.,.F.,(4,4),(8.46978517263E-14,2.372982933282E-04),
  .PIECEWISE_BEZIER_KNOTS.);
#5583 = CARTESIAN_POINT('',(6.041844085659,6.384612859942,5.465433459297
    ));
#5584 = CARTESIAN_POINT('',(6.047237146906,6.457750997099,5.432878492312
    ));
#5585 = CARTESIAN_POINT('',(6.057217321802,6.518892729352,5.379133184779
    ));
#5586 = CARTESIAN_POINT('',(6.075900883378,6.560463200156,5.31309743822)
  );
#5587 = ORIENTED_EDGE('',*,*,#5588,.T.);
#5588 = EDGE_CURVE('',#5578,#5589,#5591,.T.);
#5589 = VERTEX_POINT('',#5590);
#5590 = CARTESIAN_POINT('',(6.023102587142,6.379062759269,5.679065083714
    ));
#5591 = ( BOUNDED_CURVE() B_SPLINE_CURVE(3,(#5592,#5593,#5594,#5595),
.UNSPECIFIED.,.F.,.F.) B_SPLINE_CURVE_WITH_KNOTS((4,4),(2.97742344528,
3.130753692573),.PIECEWISE_BEZIER_KNOTS.) CURVE() 
GEOMETRIC_REPRESENTATION_ITEM() RATIONAL_B_SPLINE_CURVE((1.,
0.998041779014,0.998041779014,1.)) REPRESENTATION_ITEM('') );
#5592 = CARTESIAN_POINT('',(6.041844085659,6.384612859942,5.465433459297
    ));
#5593 = CARTESIAN_POINT('',(6.030138328427,6.381146321179,5.53609473145)
  );
#5594 = CARTESIAN_POINT('',(6.02387890492,6.379292657739,5.607444992501)
  );
#5595 = CARTESIAN_POINT('',(6.023102587142,6.379062759269,5.679065083714
    ));
#5596 = ORIENTED_EDGE('',*,*,#5597,.F.);
#5597 = EDGE_CURVE('',#5598,#5589,#5600,.T.);
#5598 = VERTEX_POINT('',#5599);
#5599 = CARTESIAN_POINT('',(6.075900883378,6.782835288288,5.31309743822)
  );
#5600 = B_SPLINE_CURVE_WITH_KNOTS('',3,(#5601,#5602,#5603,#5604,#5605,
    #5606),.UNSPECIFIED.,.F.,.F.,(4,2,4),(8.673617379884E-19,
    2.833620163781E-04,5.667240327563E-04),.UNSPECIFIED.);
#5601 = CARTESIAN_POINT('',(6.075900883378,6.782835288288,5.31309743822)
  );
#5602 = CARTESIAN_POINT('',(6.051396625905,6.749929893837,5.399706028852
    ));
#5603 = CARTESIAN_POINT('',(6.038082531245,6.695996851607,5.47969149473)
  );
#5604 = CARTESIAN_POINT('',(6.024296180761,6.556746840807,5.606750848806
    ));
#5605 = CARTESIAN_POINT('',(6.023374480558,6.471514947045,5.653981231837
    ));
#5606 = CARTESIAN_POINT('',(6.023102587142,6.379062759269,5.679065083714
    ));
#5607 = ORIENTED_EDGE('',*,*,#5608,.F.);
#5608 = EDGE_CURVE('',#5580,#5598,#5609,.T.);
#5609 = LINE('',#5610,#5611);
#5610 = CARTESIAN_POINT('',(6.075900883378,-1.462314593355,5.31309743822
    ));
#5611 = VECTOR('',#5612,1.);
#5612 = DIRECTION('',(0.,1.,0.));
#5613 = CYLINDRICAL_SURFACE('',#5614,1.4);
#5614 = AXIS2_PLACEMENT_3D('',#5615,#5616,#5617);
#5615 = CARTESIAN_POINT('',(7.423020349793,-1.462314593355,
    5.694239332015));
#5616 = DIRECTION('',(0.,1.,0.));
#5617 = DIRECTION('',(0.,-0.,1.));
#5618 = ADVANCED_FACE('',(#5619),#5647,.T.);
#5619 = FACE_BOUND('',#5620,.T.);
#5620 = EDGE_LOOP('',(#5621,#5628,#5629,#5638,#5644,#5645,#5646));
#5621 = ORIENTED_EDGE('',*,*,#5622,.F.);
#5622 = EDGE_CURVE('',#5580,#5555,#5623,.T.);
#5623 = ( BOUNDED_CURVE() B_SPLINE_CURVE(3,(#5624,#5625,#5626,#5627),
.UNSPECIFIED.,.F.,.F.) B_SPLINE_CURVE_WITH_KNOTS((4,4),(4.15054975047,
4.642575810305),.PIECEWISE_BEZIER_KNOTS.) CURVE() 
GEOMETRIC_REPRESENTATION_ITEM() RATIONAL_B_SPLINE_CURVE((1.,
0.979927406939,0.979927406939,1.)) REPRESENTATION_ITEM('') );
#5624 = CARTESIAN_POINT('',(6.075900883378,6.560463200156,5.31309743822)
  );
#5625 = CARTESIAN_POINT('',(6.091769397759,6.595770259307,5.257011279829
    ));
#5626 = CARTESIAN_POINT('',(6.109592952282,6.616355096402,5.194015168277
    ));
#5627 = CARTESIAN_POINT('',(6.128298252077,6.620978138265,5.127902589498
    ));
#5628 = ORIENTED_EDGE('',*,*,#5608,.T.);
#5629 = ORIENTED_EDGE('',*,*,#5630,.F.);
#5630 = EDGE_CURVE('',#5631,#5598,#5633,.T.);
#5631 = VERTEX_POINT('',#5632);
#5632 = CARTESIAN_POINT('',(6.124350997929,6.820490948317,5.141853884246
    ));
#5633 = ( BOUNDED_CURVE() B_SPLINE_CURVE(3,(#5634,#5635,#5636,#5637),
.UNSPECIFIED.,.F.,.F.) B_SPLINE_CURVE_WITH_KNOTS((4,4),(1.640609496875,
1.933884111302),.PIECEWISE_BEZIER_KNOTS.) CURVE() 
GEOMETRIC_REPRESENTATION_ITEM() RATIONAL_B_SPLINE_CURVE((1.,
0.992845334106,0.992845334106,1.)) REPRESENTATION_ITEM('') );
#5634 = CARTESIAN_POINT('',(6.124350997929,6.820490948317,5.141853884246
    ));
#5635 = CARTESIAN_POINT('',(6.107736519411,6.816384655953,5.200576600905
    ));
#5636 = CARTESIAN_POINT('',(6.091470100434,6.803742317569,5.258069125367
    ));
#5637 = CARTESIAN_POINT('',(6.075900883378,6.782835288288,5.31309743822)
  );
#5638 = ORIENTED_EDGE('',*,*,#5639,.F.);
#5639 = EDGE_CURVE('',#5420,#5631,#5640,.T.);
#5640 = LINE('',#5641,#5642);
#5641 = CARTESIAN_POINT('',(6.302467390494,6.864512672021,4.512313905521
    ));
#5642 = VECTOR('',#5643,1.);
#5643 = DIRECTION('',(-0.271630022788,-6.713375248915E-02,0.960057388908
    ));
#5644 = ORIENTED_EDGE('',*,*,#5419,.F.);
#5645 = ORIENTED_EDGE('',*,*,#5384,.F.);
#5646 = ORIENTED_EDGE('',*,*,#5562,.F.);
#5647 = PLANE('',#5648);
#5648 = AXIS2_PLACEMENT_3D('',#5649,#5650,#5651);
#5649 = CARTESIAN_POINT('',(6.45,-1.462314593355,3.990870176997));
#5650 = DIRECTION('',(-0.962228190296,0.,-0.272244209854));
#5651 = DIRECTION('',(0.272244209854,0.,-0.962228190296));
#5652 = ADVANCED_FACE('',(#5653),#5671,.T.);
#5653 = FACE_BOUND('',#5654,.T.);
#5654 = EDGE_LOOP('',(#5655,#5663,#5664,#5665));
#5655 = ORIENTED_EDGE('',*,*,#5656,.F.);
#5656 = EDGE_CURVE('',#5429,#5657,#5659,.T.);
#5657 = VERTEX_POINT('',#5658);
#5658 = CARTESIAN_POINT('',(8.875649002071,6.820490948317,5.141853884246
    ));
#5659 = LINE('',#5660,#5661);
#5660 = CARTESIAN_POINT('',(8.254835393828,6.973925928331,2.947631442961
    ));
#5661 = VECTOR('',#5662,1.);
#5662 = DIRECTION('',(0.271630022788,-6.713375248915E-02,0.960057388908)
  );
#5663 = ORIENTED_EDGE('',*,*,#5428,.F.);
#5664 = ORIENTED_EDGE('',*,*,#5639,.T.);
#5665 = ORIENTED_EDGE('',*,*,#5666,.T.);
#5666 = EDGE_CURVE('',#5631,#5657,#5667,.T.);
#5667 = LINE('',#5668,#5669);
#5668 = CARTESIAN_POINT('',(4.5,6.820490948317,5.141853884246));
#5669 = VECTOR('',#5670,1.);
#5670 = DIRECTION('',(1.,0.,0.));
#5671 = PLANE('',#5672);
#5672 = AXIS2_PLACEMENT_3D('',#5673,#5674,#5675);
#5673 = CARTESIAN_POINT('',(4.5,6.9,4.004821471746));
#5674 = DIRECTION('',(0.,0.99756405026,6.975647374413E-02));
#5675 = DIRECTION('',(0.,6.975647374413E-02,-0.99756405026));
#5676 = ADVANCED_FACE('',(#5677),#5707,.F.);
#5677 = FACE_BOUND('',#5678,.T.);
#5678 = EDGE_LOOP('',(#5679,#5688,#5696,#5703,#5704,#5705,#5706));
#5679 = ORIENTED_EDGE('',*,*,#5680,.T.);
#5680 = EDGE_CURVE('',#5657,#5681,#5683,.T.);
#5681 = VERTEX_POINT('',#5682);
#5682 = CARTESIAN_POINT('',(8.924099116622,6.782835288288,5.31309743822)
  );
#5683 = ( BOUNDED_CURVE() B_SPLINE_CURVE(3,(#5684,#5685,#5686,#5687),
.UNSPECIFIED.,.F.,.F.) B_SPLINE_CURVE_WITH_KNOTS((4,4),(4.782202150464,
5.075476764892),.PIECEWISE_BEZIER_KNOTS.) CURVE() 
GEOMETRIC_REPRESENTATION_ITEM() RATIONAL_B_SPLINE_CURVE((1.,
0.992845334106,0.992845334106,1.)) REPRESENTATION_ITEM('') );
#5684 = CARTESIAN_POINT('',(8.875649002071,6.820490948317,5.141853884246
    ));
#5685 = CARTESIAN_POINT('',(8.892263480589,6.816384655953,5.200576600905
    ));
#5686 = CARTESIAN_POINT('',(8.908529899566,6.803742317569,5.258069125367
    ));
#5687 = CARTESIAN_POINT('',(8.924099116622,6.782835288288,5.31309743822)
  );
#5688 = ORIENTED_EDGE('',*,*,#5689,.T.);
#5689 = EDGE_CURVE('',#5681,#5690,#5692,.T.);
#5690 = VERTEX_POINT('',#5691);
#5691 = CARTESIAN_POINT('',(8.924099116622,6.560463200156,5.31309743822)
  );
#5692 = LINE('',#5693,#5694);
#5693 = CARTESIAN_POINT('',(8.924099116622,-1.462314593355,5.31309743822
    ));
#5694 = VECTOR('',#5695,1.);
#5695 = DIRECTION('',(0.,-1.,0.));
#5696 = ORIENTED_EDGE('',*,*,#5697,.T.);
#5697 = EDGE_CURVE('',#5690,#5547,#5698,.T.);
#5698 = ( BOUNDED_CURVE() B_SPLINE_CURVE(3,(#5699,#5700,#5701,#5702),
.UNSPECIFIED.,.F.,.F.) B_SPLINE_CURVE_WITH_KNOTS((4,4),(1.00895709688,
1.500983156715),.PIECEWISE_BEZIER_KNOTS.) CURVE() 
GEOMETRIC_REPRESENTATION_ITEM() RATIONAL_B_SPLINE_CURVE((1.,
0.979927406939,0.979927406939,1.)) REPRESENTATION_ITEM('') );
#5699 = CARTESIAN_POINT('',(8.924099116622,6.560463200156,5.31309743822)
  );
#5700 = CARTESIAN_POINT('',(8.908230602241,6.595770259307,5.257011279829
    ));
#5701 = CARTESIAN_POINT('',(8.890407047718,6.616355096402,5.194015168277
    ));
#5702 = CARTESIAN_POINT('',(8.871701747923,6.620978138265,5.127902589498
    ));
#5703 = ORIENTED_EDGE('',*,*,#5546,.T.);
#5704 = ORIENTED_EDGE('',*,*,#5460,.T.);
#5705 = ORIENTED_EDGE('',*,*,#5436,.T.);
#5706 = ORIENTED_EDGE('',*,*,#5656,.T.);
#5707 = PLANE('',#5708);
#5708 = AXIS2_PLACEMENT_3D('',#5709,#5710,#5711);
#5709 = CARTESIAN_POINT('',(8.55,-1.462314593355,3.990870176997));
#5710 = DIRECTION('',(-0.962228190296,0.,0.272244209854));
#5711 = DIRECTION('',(-0.272244209854,0.,-0.962228190296));
#5712 = ADVANCED_FACE('',(#5713),#5743,.T.);
#5713 = FACE_BOUND('',#5714,.T.);
#5714 = EDGE_LOOP('',(#5715,#5726,#5735,#5742));
#5715 = ORIENTED_EDGE('',*,*,#5716,.F.);
#5716 = EDGE_CURVE('',#5717,#5681,#5719,.T.);
#5717 = VERTEX_POINT('',#5718);
#5718 = CARTESIAN_POINT('',(8.976897412858,6.379062759269,5.679065083713
    ));
#5719 = B_SPLINE_CURVE_WITH_KNOTS('',3,(#5720,#5721,#5722,#5723,#5724,
    #5725),.UNSPECIFIED.,.F.,.F.,(4,2,4),(3.520921088895E-13,
    2.833862364401E-04,5.667724725281E-04),.UNSPECIFIED.);
#5720 = CARTESIAN_POINT('',(8.976897412858,6.379062759269,5.679065083713
    ));
#5721 = CARTESIAN_POINT('',(8.976625506911,6.471519156818,5.653980085815
    ));
#5722 = CARTESIAN_POINT('',(8.975706270414,6.556592744917,5.606841196307
    ));
#5723 = CARTESIAN_POINT('',(8.961949539682,6.695801930591,5.479919483544
    ));
#5724 = CARTESIAN_POINT('',(8.948605801385,6.749926634366,5.399714607938
    ));
#5725 = CARTESIAN_POINT('',(8.924099116622,6.782835288288,5.31309743822)
  );
#5726 = ORIENTED_EDGE('',*,*,#5727,.T.);
#5727 = EDGE_CURVE('',#5717,#5728,#5730,.T.);
#5728 = VERTEX_POINT('',#5729);
#5729 = CARTESIAN_POINT('',(8.958155914341,6.384612859942,5.465433459297
    ));
#5730 = ( BOUNDED_CURVE() B_SPLINE_CURVE(3,(#5731,#5732,#5733,#5734),
.UNSPECIFIED.,.F.,.F.) B_SPLINE_CURVE_WITH_KNOTS((4,4),(3.152431614608,
3.305761861899),.PIECEWISE_BEZIER_KNOTS.) CURVE() 
GEOMETRIC_REPRESENTATION_ITEM() RATIONAL_B_SPLINE_CURVE((1.,
0.998041779014,0.998041779014,1.)) REPRESENTATION_ITEM('') );
#5731 = CARTESIAN_POINT('',(8.976897412858,6.379062759269,5.679065083713
    ));
#5732 = CARTESIAN_POINT('',(8.97612109508,6.379292657739,5.6074449925));
#5733 = CARTESIAN_POINT('',(8.969861671573,6.381146321179,5.536094731449
    ));
#5734 = CARTESIAN_POINT('',(8.958155914341,6.384612859942,5.465433459297
    ));
#5735 = ORIENTED_EDGE('',*,*,#5736,.F.);
#5736 = EDGE_CURVE('',#5690,#5728,#5737,.T.);
#5737 = B_SPLINE_CURVE_WITH_KNOTS('',3,(#5738,#5739,#5740,#5741),
  .UNSPECIFIED.,.F.,.F.,(4,4),(1.226634733347E-18,2.372961508611E-04),
  .PIECEWISE_BEZIER_KNOTS.);
#5738 = CARTESIAN_POINT('',(8.924099116622,6.560463200156,5.31309743822)
  );
#5739 = CARTESIAN_POINT('',(8.942782050534,6.518894125889,5.379130966344
    ));
#5740 = CARTESIAN_POINT('',(8.952762705848,6.457752998432,5.432877601039
    ));
#5741 = CARTESIAN_POINT('',(8.958155914341,6.384612859942,5.465433459297
    ));
#5742 = ORIENTED_EDGE('',*,*,#5689,.F.);
#5743 = CYLINDRICAL_SURFACE('',#5744,1.4);
#5744 = AXIS2_PLACEMENT_3D('',#5745,#5746,#5747);
#5745 = CARTESIAN_POINT('',(7.576979650207,6.66916611405,5.694239332015)
  );
#5746 = DIRECTION('',(0.,1.,0.));
#5747 = DIRECTION('',(0.,-0.,1.));
#5748 = ADVANCED_FACE('',(#5749),#5780,.T.);
#5749 = FACE_BOUND('',#5750,.T.);
#5750 = EDGE_LOOP('',(#5751,#5752,#5761,#5762,#5773));
#5751 = ORIENTED_EDGE('',*,*,#5107,.F.);
#5752 = ORIENTED_EDGE('',*,*,#5753,.T.);
#5753 = EDGE_CURVE('',#5108,#5478,#5754,.T.);
#5754 = B_SPLINE_CURVE_WITH_KNOTS('',3,(#5755,#5756,#5757,#5758,#5759,
    #5760),.UNSPECIFIED.,.F.,.F.,(4,2,4),(3.576224061345E-18,
    1.520665957082E-04,3.041331914164E-04),.UNSPECIFIED.);
#5755 = CARTESIAN_POINT('',(5.937107388569,4.65,9.314249409998));
#5756 = CARTESIAN_POINT('',(5.94088909988,4.65,9.365540160508));
#5757 = CARTESIAN_POINT('',(5.965707655754,4.65,9.413932751394));
#5758 = CARTESIAN_POINT('',(6.04186856831,4.65,9.481228347016));
#5759 = CARTESIAN_POINT('',(6.092610859955,4.65,9.5));
#5760 = CARTESIAN_POINT('',(6.143990033716,4.65,9.5));
#5761 = ORIENTED_EDGE('',*,*,#5475,.F.);
#5762 = ORIENTED_EDGE('',*,*,#5763,.T.);
#5763 = EDGE_CURVE('',#5476,#5764,#5766,.T.);
#5764 = VERTEX_POINT('',#5765);
#5765 = CARTESIAN_POINT('',(9.062892611431,4.65,9.314249409998));
#5766 = B_SPLINE_CURVE_WITH_KNOTS('',3,(#5767,#5768,#5769,#5770,#5771,
    #5772),.UNSPECIFIED.,.F.,.F.,(4,2,4),(1.734723475977E-18,
    1.521198112225E-04,3.042396224449E-04),.UNSPECIFIED.);
#5767 = CARTESIAN_POINT('',(8.856009966284,4.65,9.5));
#5768 = CARTESIAN_POINT('',(8.907431421379,4.65,9.5));
#5769 = CARTESIAN_POINT('',(8.957786553235,4.65,9.481490714224));
#5770 = CARTESIAN_POINT('',(9.0344476046,4.65,9.413837825582));
#5771 = CARTESIAN_POINT('',(9.05910722065,4.65,9.365590064581));
#5772 = CARTESIAN_POINT('',(9.062892611431,4.65,9.314249409998));
#5773 = ORIENTED_EDGE('',*,*,#5774,.F.);
#5774 = EDGE_CURVE('',#5110,#5764,#5775,.T.);
#5775 = CIRCLE('',#5776,1.613267899286);
#5776 = AXIS2_PLACEMENT_3D('',#5777,#5778,#5779);
#5777 = CARTESIAN_POINT('',(7.5,4.25,9.314249409998));
#5778 = DIRECTION('',(0.,0.,-1.));
#5779 = DIRECTION('',(0.,-1.,0.));
#5780 = TOROIDAL_SURFACE('',#5781,1.41377615932,0.2);
#5781 = AXIS2_PLACEMENT_3D('',#5782,#5783,#5784);
#5782 = CARTESIAN_POINT('',(7.5,4.25,9.3));
#5783 = DIRECTION('',(0.,0.,1.));
#5784 = DIRECTION('',(0.,-1.,0.));
#5785 = ADVANCED_FACE('',(#5786),#5809,.T.);
#5786 = FACE_BOUND('',#5787,.T.);
#5787 = EDGE_LOOP('',(#5788,#5796,#5805,#5806,#5807,#5808));
#5788 = ORIENTED_EDGE('',*,*,#5789,.T.);
#5789 = EDGE_CURVE('',#5160,#5790,#5792,.T.);
#5790 = VERTEX_POINT('',#5791);
#5791 = CARTESIAN_POINT('',(9.100781059358,4.65,8.8));
#5792 = LINE('',#5793,#5794);
#5793 = CARTESIAN_POINT('',(5.8,4.65,8.8));
#5794 = VECTOR('',#5795,1.);
#5795 = DIRECTION('',(1.,2.232180943353E-16,0.));
#5796 = ORIENTED_EDGE('',*,*,#5797,.F.);
#5797 = EDGE_CURVE('',#5764,#5790,#5798,.T.);
#5798 = B_SPLINE_CURVE_WITH_KNOTS('',3,(#5799,#5800,#5801,#5802,#5803,
    #5804),.UNSPECIFIED.,.F.,.F.,(4,2,4),(0.,0.455603274493,1.),
  .UNSPECIFIED.);
#5799 = CARTESIAN_POINT('',(9.062892611431,4.65,9.314249409998));
#5800 = CARTESIAN_POINT('',(9.06865081475,4.65,9.236151811974));
#5801 = CARTESIAN_POINT('',(9.074407072549,4.65,9.158054070484));
#5802 = CARTESIAN_POINT('',(9.087037305134,4.65,8.98663765568));
#5803 = CARTESIAN_POINT('',(9.093910474794,4.65,8.893318922984));
#5804 = CARTESIAN_POINT('',(9.100781059358,4.65,8.8));
#5805 = ORIENTED_EDGE('',*,*,#5763,.F.);
#5806 = ORIENTED_EDGE('',*,*,#5486,.F.);
#5807 = ORIENTED_EDGE('',*,*,#5753,.F.);
#5808 = ORIENTED_EDGE('',*,*,#5168,.F.);
#5809 = PLANE('',#5810);
#5810 = AXIS2_PLACEMENT_3D('',#5811,#5812,#5813);
#5811 = CARTESIAN_POINT('',(5.8,4.65,8.8));
#5812 = DIRECTION('',(2.232180943353E-16,-1.,0.));
#5813 = DIRECTION('',(1.,2.232180943353E-16,0.));
#5814 = ADVANCED_FACE('',(#5815),#5834,.F.);
#5815 = FACE_BOUND('',#5816,.T.);
#5816 = EDGE_LOOP('',(#5817,#5818,#5826,#5833));
#5817 = ORIENTED_EDGE('',*,*,#5159,.T.);
#5818 = ORIENTED_EDGE('',*,*,#5819,.F.);
#5819 = EDGE_CURVE('',#5820,#5149,#5822,.T.);
#5820 = VERTEX_POINT('',#5821);
#5821 = CARTESIAN_POINT('',(9.100781059358,3.85,8.8));
#5822 = LINE('',#5823,#5824);
#5823 = CARTESIAN_POINT('',(9.2,3.85,8.8));
#5824 = VECTOR('',#5825,1.);
#5825 = DIRECTION('',(-1.,-5.580452358381E-16,0.));
#5826 = ORIENTED_EDGE('',*,*,#5827,.T.);
#5827 = EDGE_CURVE('',#5820,#5790,#5828,.T.);
#5828 = CIRCLE('',#5829,1.65);
#5829 = AXIS2_PLACEMENT_3D('',#5830,#5831,#5832);
#5830 = CARTESIAN_POINT('',(7.5,4.25,8.8));
#5831 = DIRECTION('',(0.,-0.,1.));
#5832 = DIRECTION('',(0.,1.,0.));
#5833 = ORIENTED_EDGE('',*,*,#5789,.F.);
#5834 = PLANE('',#5835);
#5835 = AXIS2_PLACEMENT_3D('',#5836,#5837,#5838);
#5836 = CARTESIAN_POINT('',(5.8,3.85,8.8));
#5837 = DIRECTION('',(0.,0.,-1.));
#5838 = DIRECTION('',(0.,1.,0.));
#5839 = ADVANCED_FACE('',(#5840),#5866,.T.);
#5840 = FACE_BOUND('',#5841,.T.);
#5841 = EDGE_LOOP('',(#5842,#5843,#5844,#5855,#5864,#5865));
#5842 = ORIENTED_EDGE('',*,*,#5246,.F.);
#5843 = ORIENTED_EDGE('',*,*,#5510,.F.);
#5844 = ORIENTED_EDGE('',*,*,#5845,.F.);
#5845 = EDGE_CURVE('',#5846,#5502,#5848,.T.);
#5846 = VERTEX_POINT('',#5847);
#5847 = CARTESIAN_POINT('',(9.062892611435,3.85,9.314249409999));
#5848 = B_SPLINE_CURVE_WITH_KNOTS('',3,(#5849,#5850,#5851,#5852,#5853,
    #5854),.UNSPECIFIED.,.F.,.F.,(4,2,4),(5.717775942841E-16,
    1.520665957078E-04,3.04133191415E-04),.UNSPECIFIED.);
#5849 = CARTESIAN_POINT('',(9.062892611435,3.85,9.314249409999));
#5850 = CARTESIAN_POINT('',(9.05911090012,3.85,9.365540160509));
#5851 = CARTESIAN_POINT('',(9.034292344245,3.85,9.413932751395));
#5852 = CARTESIAN_POINT('',(8.958131431689,3.85,9.481228347016));
#5853 = CARTESIAN_POINT('',(8.907389140045,3.85,9.5));
#5854 = CARTESIAN_POINT('',(8.856009966284,3.85,9.5));
#5855 = ORIENTED_EDGE('',*,*,#5856,.F.);
#5856 = EDGE_CURVE('',#5820,#5846,#5857,.T.);
#5857 = B_SPLINE_CURVE_WITH_KNOTS('',3,(#5858,#5859,#5860,#5861,#5862,
    #5863),.UNSPECIFIED.,.F.,.F.,(4,2,4),(0.,0.544396723562,1.),
  .UNSPECIFIED.);
#5858 = CARTESIAN_POINT('',(9.100781059358,3.85,8.8));
#5859 = CARTESIAN_POINT('',(9.093910474794,3.85,8.893318922984));
#5860 = CARTESIAN_POINT('',(9.087037305134,3.85,8.98663765568));
#5861 = CARTESIAN_POINT('',(9.074407072549,3.85,9.158054070484));
#5862 = CARTESIAN_POINT('',(9.068650814758,3.85,9.236151811976));
#5863 = CARTESIAN_POINT('',(9.062892611435,3.85,9.314249409999));
#5864 = ORIENTED_EDGE('',*,*,#5819,.T.);
#5865 = ORIENTED_EDGE('',*,*,#5148,.F.);
#5866 = PLANE('',#5867);
#5867 = AXIS2_PLACEMENT_3D('',#5868,#5869,#5870);
#5868 = CARTESIAN_POINT('',(9.2,3.85,8.8));
#5869 = DIRECTION('',(-5.580452358381E-16,1.,0.));
#5870 = DIRECTION('',(-1.,-5.580452358381E-16,0.));
#5871 = ADVANCED_FACE('',(#5872),#5884,.T.);
#5872 = FACE_BOUND('',#5873,.T.);
#5873 = EDGE_LOOP('',(#5874,#5875,#5882,#5883));
#5874 = ORIENTED_EDGE('',*,*,#5228,.F.);
#5875 = ORIENTED_EDGE('',*,*,#5876,.F.);
#5876 = EDGE_CURVE('',#5846,#5132,#5877,.T.);
#5877 = CIRCLE('',#5878,1.613267899286);
#5878 = AXIS2_PLACEMENT_3D('',#5879,#5880,#5881);
#5879 = CARTESIAN_POINT('',(7.5,4.25,9.314249409998));
#5880 = DIRECTION('',(0.,0.,-1.));
#5881 = DIRECTION('',(0.,-1.,0.));
#5882 = ORIENTED_EDGE('',*,*,#5845,.T.);
#5883 = ORIENTED_EDGE('',*,*,#5501,.F.);
#5884 = TOROIDAL_SURFACE('',#5885,1.41377615932,0.2);
#5885 = AXIS2_PLACEMENT_3D('',#5886,#5887,#5888);
#5886 = CARTESIAN_POINT('',(7.5,4.25,9.3));
#5887 = DIRECTION('',(0.,0.,1.));
#5888 = DIRECTION('',(0.,-1.,0.));
#5889 = ADVANCED_FACE('',(#5890),#5902,.F.);
#5890 = FACE_BOUND('',#5891,.F.);
#5891 = EDGE_LOOP('',(#5892,#5893,#5894,#5901));
#5892 = ORIENTED_EDGE('',*,*,#5530,.F.);
#5893 = ORIENTED_EDGE('',*,*,#5185,.F.);
#5894 = ORIENTED_EDGE('',*,*,#5895,.F.);
#5895 = EDGE_CURVE('',#5205,#5186,#5896,.T.);
#5896 = CIRCLE('',#5897,1.4);
#5897 = AXIS2_PLACEMENT_3D('',#5898,#5899,#5900);
#5898 = CARTESIAN_POINT('',(7.5,6.25,2.75));
#5899 = DIRECTION('',(0.,1.,0.));
#5900 = DIRECTION('',(0.,-0.,1.));
#5901 = ORIENTED_EDGE('',*,*,#5204,.T.);
#5902 = CYLINDRICAL_SURFACE('',#5903,1.4);
#5903 = AXIS2_PLACEMENT_3D('',#5904,#5905,#5906);
#5904 = CARTESIAN_POINT('',(7.5,9.55,2.75));
#5905 = DIRECTION('',(0.,-1.,0.));
#5906 = DIRECTION('',(0.,0.,-1.));
#5907 = ADVANCED_FACE('',(#5908),#5940,.T.);
#5908 = FACE_BOUND('',#5909,.T.);
#5909 = EDGE_LOOP('',(#5910,#5919,#5932,#5939));
#5910 = ORIENTED_EDGE('',*,*,#5911,.F.);
#5911 = EDGE_CURVE('',#5912,#5717,#5914,.T.);
#5912 = VERTEX_POINT('',#5913);
#5913 = CARTESIAN_POINT('',(9.006141391222,6.25,5.699344090454));
#5914 = B_SPLINE_CURVE_WITH_KNOTS('',3,(#5915,#5916,#5917,#5918),
  .UNSPECIFIED.,.F.,.F.,(4,4),(8.673617379884E-19,1.342552420933E-04),
  .PIECEWISE_BEZIER_KNOTS.);
#5915 = CARTESIAN_POINT('',(9.006141391222,6.25,5.699344090454));
#5916 = CARTESIAN_POINT('',(8.986631418592,6.290959451148,5.697427312629
    ));
#5917 = CARTESIAN_POINT('',(8.977026237062,6.335242411119,5.690954292864
    ));
#5918 = CARTESIAN_POINT('',(8.976897412858,6.379062759269,5.679065083713
    ));
#5919 = ORIENTED_EDGE('',*,*,#5920,.F.);
#5920 = EDGE_CURVE('',#5921,#5912,#5923,.T.);
#5921 = VERTEX_POINT('',#5922);
#5922 = CARTESIAN_POINT('',(8.994607792362,6.25,5.49901546181));
#5923 = B_SPLINE_CURVE_WITH_KNOTS('',3,(#5924,#5925,#5926,#5927,#5928,
    #5929,#5930,#5931),.UNSPECIFIED.,.F.,.F.,(4,2,2,4),(0.,
    0.132669384448,0.494227212632,1.),.UNSPECIFIED.);
#5924 = CARTESIAN_POINT('',(8.994607792362,6.25,5.49901546181));
#5925 = CARTESIAN_POINT('',(8.995650848407,6.25,5.507834059304));
#5926 = CARTESIAN_POINT('',(8.996623964659,6.25,5.516661212399));
#5927 = CARTESIAN_POINT('',(8.999986798161,6.25,5.549568022095));
#5928 = CARTESIAN_POINT('',(9.001925068378,6.25,5.573699898803));
#5929 = CARTESIAN_POINT('',(9.005306635627,6.25,5.631641418841));
#5930 = CARTESIAN_POINT('',(9.006245792511,6.25,5.665502260968));
#5931 = CARTESIAN_POINT('',(9.006141391222,6.25,5.699344090454));
#5932 = ORIENTED_EDGE('',*,*,#5933,.F.);
#5933 = EDGE_CURVE('',#5728,#5921,#5934,.T.);
#5934 = B_SPLINE_CURVE_WITH_KNOTS('',3,(#5935,#5936,#5937,#5938),
  .UNSPECIFIED.,.F.,.F.,(4,4),(1.710293213781E-13,1.44093913214E-04),
  .PIECEWISE_BEZIER_KNOTS.);
#5935 = CARTESIAN_POINT('',(8.958155914341,6.384612859942,5.465433459297
    ));
#5936 = CARTESIAN_POINT('',(8.961427646674,6.340242470896,5.485183436964
    ));
#5937 = CARTESIAN_POINT('',(8.972678822245,6.293409039679,5.495964165887
    ));
#5938 = CARTESIAN_POINT('',(8.994607792362,6.25,5.49901546181));
#5939 = ORIENTED_EDGE('',*,*,#5727,.F.);
#5940 = ( BOUNDED_SURFACE() B_SPLINE_SURFACE(3,2,(
    (#5941,#5942,#5943)
    ,(#5944,#5945,#5946)
    ,(#5947,#5948,#5949)
    ,(#5950,#5951,#5952
)),.UNSPECIFIED.,.F.,.F.,.F.) B_SPLINE_SURFACE_WITH_KNOTS((4,4),(3,3),(
    0.,1.),(0.,1.),.PIECEWISE_BEZIER_KNOTS.) 
GEOMETRIC_REPRESENTATION_ITEM() RATIONAL_B_SPLINE_SURFACE((
    (1.,0.786426229081,1.)
    ,(1.,0.786447520636,1.)
    ,(1.,0.786104704459,1.)
,(1.,0.785401310141,1.))) REPRESENTATION_ITEM('') SURFACE() );
#5941 = CARTESIAN_POINT('',(9.2058781952,6.0875858647,5.702659885757));
#5942 = CARTESIAN_POINT('',(8.976961065803,6.143414106836,5.70145854279)
  );
#5943 = CARTESIAN_POINT('',(8.976962475704,6.379043491582,5.701173905685
    ));
#5944 = CARTESIAN_POINT('',(9.206355740441,6.087469401107,5.60625091035)
  );
#5945 = CARTESIAN_POINT('',(8.97738661409,6.143310324245,5.618805837179)
  );
#5946 = CARTESIAN_POINT('',(8.977355748483,6.378927027923,5.621778233684
    ));
#5947 = CARTESIAN_POINT('',(9.198613071925,6.089357680826,5.50981003467)
  );
#5948 = CARTESIAN_POINT('',(8.97047185608,6.144996693393,5.536046900691)
  );
#5949 = CARTESIAN_POINT('',(8.97097944287,6.380815304788,5.542356440406)
  );
#5950 = CARTESIAN_POINT('',(9.182760555149,6.093223787951,5.414712066095
    ));
#5951 = CARTESIAN_POINT('',(8.956366702912,6.148436653996,5.454695792914
    ));
#5952 = CARTESIAN_POINT('',(8.957924419191,6.384681414833,5.46404040714)
  );
#5953 = ADVANCED_FACE('',(#5954),#5977,.F.);
#5954 = FACE_BOUND('',#5955,.F.);
#5955 = EDGE_LOOP('',(#5956,#5957,#5958,#5959,#5960,#5961,#5970,#5976));
#5956 = ORIENTED_EDGE('',*,*,#5736,.F.);
#5957 = ORIENTED_EDGE('',*,*,#5697,.T.);
#5958 = ORIENTED_EDGE('',*,*,#5554,.F.);
#5959 = ORIENTED_EDGE('',*,*,#5622,.F.);
#5960 = ORIENTED_EDGE('',*,*,#5577,.F.);
#5961 = ORIENTED_EDGE('',*,*,#5962,.F.);
#5962 = EDGE_CURVE('',#5963,#5578,#5965,.T.);
#5963 = VERTEX_POINT('',#5964);
#5964 = CARTESIAN_POINT('',(6.005392207408,6.25,5.499015461809));
#5965 = B_SPLINE_CURVE_WITH_KNOTS('',3,(#5966,#5967,#5968,#5969),
  .UNSPECIFIED.,.F.,.F.,(4,4),(0.,1.440220723376E-04),
  .PIECEWISE_BEZIER_KNOTS.);
#5966 = CARTESIAN_POINT('',(6.005392207408,6.25,5.499015461809));
#5967 = CARTESIAN_POINT('',(6.02732604881,6.293418682401,5.495963488082)
  );
#5968 = CARTESIAN_POINT('',(6.038569758004,6.340207273983,5.48519910368)
  );
#5969 = CARTESIAN_POINT('',(6.041844085659,6.384612859942,5.465433459297
    ));
#5970 = ORIENTED_EDGE('',*,*,#5971,.F.);
#5971 = EDGE_CURVE('',#5921,#5963,#5972,.T.);
#5972 = LINE('',#5973,#5974);
#5973 = CARTESIAN_POINT('',(4.5,6.25,5.499015461809));
#5974 = VECTOR('',#5975,1.);
#5975 = DIRECTION('',(-1.,0.,0.));
#5976 = ORIENTED_EDGE('',*,*,#5933,.F.);
#5977 = CYLINDRICAL_SURFACE('',#5978,0.4);
#5978 = AXIS2_PLACEMENT_3D('',#5979,#5980,#5981);
#5979 = CARTESIAN_POINT('',(4.5,6.221952518162,5.1));
#5980 = DIRECTION('',(1.,0.,0.));
#5981 = DIRECTION('',(0.,0.,-1.));
#5982 = ADVANCED_FACE('',(#5983),#6007,.T.);
#5983 = FACE_BOUND('',#5984,.T.);
#5984 = EDGE_LOOP('',(#5985,#5998,#6005,#6006));
#5985 = ORIENTED_EDGE('',*,*,#5986,.F.);
#5986 = EDGE_CURVE('',#5987,#5963,#5989,.T.);
#5987 = VERTEX_POINT('',#5988);
#5988 = CARTESIAN_POINT('',(5.993858608708,6.25,5.699344090454));
#5989 = B_SPLINE_CURVE_WITH_KNOTS('',3,(#5990,#5991,#5992,#5993,#5994,
    #5995,#5996,#5997),.UNSPECIFIED.,.F.,.F.,(4,2,2,4),(0.,
    0.358278341081,0.719821059757,1.),.UNSPECIFIED.);
#5990 = CARTESIAN_POINT('',(5.993858608708,6.25,5.699344090454));
#5991 = CARTESIAN_POINT('',(5.993784637128,6.25,5.675366343103));
#5992 = CARTESIAN_POINT('',(5.994234246268,6.25,5.651381332703));
#5993 = CARTESIAN_POINT('',(5.996182525918,6.25,5.603246506037));
#5994 = CARTESIAN_POINT('',(5.997691185957,6.25,5.579085650508));
#5995 = CARTESIAN_POINT('',(6.001299467198,6.25,5.536292564213));
#5996 = CARTESIAN_POINT('',(6.003189994461,6.25,5.517634239044));
#5997 = CARTESIAN_POINT('',(6.005392207408,6.25,5.499015461809));
#5998 = ORIENTED_EDGE('',*,*,#5999,.F.);
#5999 = EDGE_CURVE('',#5589,#5987,#6000,.T.);
#6000 = B_SPLINE_CURVE_WITH_KNOTS('',3,(#6001,#6002,#6003,#6004),
  .UNSPECIFIED.,.F.,.F.,(4,4),(4.846770490012E-11,1.342749659831E-04),
  .PIECEWISE_BEZIER_KNOTS.);
#6001 = CARTESIAN_POINT('',(6.023102587142,6.379062759269,5.679065083714
    ));
#6002 = CARTESIAN_POINT('',(6.022973818607,6.335261421013,5.690949135155
    ));
#6003 = CARTESIAN_POINT('',(6.013368696354,6.290959692734,5.697427301324
    ));
#6004 = CARTESIAN_POINT('',(5.993858608708,6.25,5.699344090454));
#6005 = ORIENTED_EDGE('',*,*,#5588,.F.);
#6006 = ORIENTED_EDGE('',*,*,#5962,.F.);
#6007 = ( BOUNDED_SURFACE() B_SPLINE_SURFACE(3,2,(
    (#6008,#6009,#6010)
    ,(#6011,#6012,#6013)
    ,(#6014,#6015,#6016)
    ,(#6017,#6018,#6019
)),.UNSPECIFIED.,.F.,.F.,.F.) B_SPLINE_SURFACE_WITH_KNOTS((4,4),(3,3),(
    0.,1.),(0.,1.),.PIECEWISE_BEZIER_KNOTS.) 
GEOMETRIC_REPRESENTATION_ITEM() RATIONAL_B_SPLINE_SURFACE((
    (1.,0.78642623375,1.)
    ,(1.,0.78644747018,1.)
    ,(1.,0.786104652925,1.)
,(1.,0.785401311068,1.))) REPRESENTATION_ITEM('') SURFACE() );
#6008 = CARTESIAN_POINT('',(6.023037437513,6.379043465882,5.701156363462
    ));
#6009 = CARTESIAN_POINT('',(6.02303884029,6.143414083934,5.701440280543)
  );
#6010 = CARTESIAN_POINT('',(5.794121699421,6.087585839,5.702638584487));
#6011 = CARTESIAN_POINT('',(6.022645188654,6.378927305446,5.621766569588
    ));
#6012 = CARTESIAN_POINT('',(6.022614399924,6.143310571542,5.61879368804)
  );
#6013 = CARTESIAN_POINT('',(5.79364539751,6.087469678631,5.606236746785)
  );
#6014 = CARTESIAN_POINT('',(6.029021513129,6.380815587897,5.542350741529
    ));
#6015 = CARTESIAN_POINT('',(6.029529175873,6.144996945065,5.536040986461
    ));
#6016 = CARTESIAN_POINT('',(5.801388088927,6.089357963934,5.509803114629
    ));
#6017 = CARTESIAN_POINT('',(6.042075563605,6.384681409738,5.464040510342
    ));
#6018 = CARTESIAN_POINT('',(6.043633278485,6.148436649459,5.454695900212
    ));
#6019 = CARTESIAN_POINT('',(5.817239423961,6.093223782856,5.414712191412
    ));
#6020 = ADVANCED_FACE('',(#6021),#6036,.T.);
#6021 = FACE_BOUND('',#6022,.T.);
#6022 = EDGE_LOOP('',(#6023,#6029,#6030,#6031,#6032,#6033,#6034,#6035));
#6023 = ORIENTED_EDGE('',*,*,#6024,.F.);
#6024 = EDGE_CURVE('',#5912,#5987,#6025,.T.);
#6025 = LINE('',#6026,#6027);
#6026 = CARTESIAN_POINT('',(4.5,6.25,5.699344090454));
#6027 = VECTOR('',#6028,1.);
#6028 = DIRECTION('',(-1.,0.,0.));
#6029 = ORIENTED_EDGE('',*,*,#5911,.T.);
#6030 = ORIENTED_EDGE('',*,*,#5716,.T.);
#6031 = ORIENTED_EDGE('',*,*,#5680,.F.);
#6032 = ORIENTED_EDGE('',*,*,#5666,.F.);
#6033 = ORIENTED_EDGE('',*,*,#5630,.T.);
#6034 = ORIENTED_EDGE('',*,*,#5597,.T.);
#6035 = ORIENTED_EDGE('',*,*,#5999,.T.);
#6036 = CYLINDRICAL_SURFACE('',#6037,0.6);
#6037 = AXIS2_PLACEMENT_3D('',#6038,#6039,#6040);
#6038 = CARTESIAN_POINT('',(4.5,6.221952518162,5.1));
#6039 = DIRECTION('',(1.,0.,0.));
#6040 = DIRECTION('',(0.,0.,-1.));
#6041 = ADVANCED_FACE('',(#6042),#6052,.T.);
#6042 = FACE_BOUND('',#6043,.T.);
#6043 = EDGE_LOOP('',(#6044,#6045,#6046,#6047,#6048,#6049,#6050,#6051));
#6044 = ORIENTED_EDGE('',*,*,#5118,.F.);
#6045 = ORIENTED_EDGE('',*,*,#5774,.T.);
#6046 = ORIENTED_EDGE('',*,*,#5797,.T.);
#6047 = ORIENTED_EDGE('',*,*,#5827,.F.);
#6048 = ORIENTED_EDGE('',*,*,#5856,.T.);
#6049 = ORIENTED_EDGE('',*,*,#5876,.T.);
#6050 = ORIENTED_EDGE('',*,*,#5131,.T.);
#6051 = ORIENTED_EDGE('',*,*,#5083,.T.);
#6052 = CONICAL_SURFACE('',#6053,1.6,7.130746470381E-02);
#6053 = AXIS2_PLACEMENT_3D('',#6054,#6055,#6056);
#6054 = CARTESIAN_POINT('',(7.5,4.25,9.5));
#6055 = DIRECTION('',(0.,0.,-1.));
#6056 = DIRECTION('',(0.,-1.,0.));
#6057 = ADVANCED_FACE('',(#6058,#6092,#6098),#6102,.T.);
#6058 = FACE_BOUND('',#6059,.T.);
#6059 = EDGE_LOOP('',(#6060,#6070,#6078,#6086));
#6060 = ORIENTED_EDGE('',*,*,#6061,.F.);
#6061 = EDGE_CURVE('',#6062,#6064,#6066,.T.);
#6062 = VERTEX_POINT('',#6063);
#6063 = CARTESIAN_POINT('',(5.45,6.25,0.65));
#6064 = VERTEX_POINT('',#6065);
#6065 = CARTESIAN_POINT('',(9.55,6.25,0.65));
#6066 = LINE('',#6067,#6068);
#6067 = CARTESIAN_POINT('',(9.55,6.25,0.65));
#6068 = VECTOR('',#6069,1.);
#6069 = DIRECTION('',(1.,0.,0.));
#6070 = ORIENTED_EDGE('',*,*,#6071,.F.);
#6071 = EDGE_CURVE('',#6072,#6062,#6074,.T.);
#6072 = VERTEX_POINT('',#6073);
#6073 = CARTESIAN_POINT('',(5.45,6.25,5.7));
#6074 = LINE('',#6075,#6076);
#6075 = CARTESIAN_POINT('',(5.45,6.25,5.8));
#6076 = VECTOR('',#6077,1.);
#6077 = DIRECTION('',(-5.15264398805E-16,0.,-1.));
#6078 = ORIENTED_EDGE('',*,*,#6079,.F.);
#6079 = EDGE_CURVE('',#6080,#6072,#6082,.T.);
#6080 = VERTEX_POINT('',#6081);
#6081 = CARTESIAN_POINT('',(9.55,6.25,5.7));
#6082 = LINE('',#6083,#6084);
#6083 = CARTESIAN_POINT('',(-4.55,6.25,5.7));
#6084 = VECTOR('',#6085,1.);
#6085 = DIRECTION('',(-1.,0.,0.));
#6086 = ORIENTED_EDGE('',*,*,#6087,.F.);
#6087 = EDGE_CURVE('',#6064,#6080,#6088,.T.);
#6088 = LINE('',#6089,#6090);
#6089 = CARTESIAN_POINT('',(9.55,6.25,5.7));
#6090 = VECTOR('',#6091,1.);
#6091 = DIRECTION('',(0.,0.,1.));
#6092 = FACE_BOUND('',#6093,.T.);
#6093 = EDGE_LOOP('',(#6094,#6095,#6096,#6097));
#6094 = ORIENTED_EDGE('',*,*,#6024,.T.);
#6095 = ORIENTED_EDGE('',*,*,#5986,.T.);
#6096 = ORIENTED_EDGE('',*,*,#5971,.F.);
#6097 = ORIENTED_EDGE('',*,*,#5920,.T.);
#6098 = FACE_BOUND('',#6099,.T.);
#6099 = EDGE_LOOP('',(#6100,#6101));
#6100 = ORIENTED_EDGE('',*,*,#5212,.F.);
#6101 = ORIENTED_EDGE('',*,*,#5895,.F.);
#6102 = PLANE('',#6103);
#6103 = AXIS2_PLACEMENT_3D('',#6104,#6105,#6106);
#6104 = CARTESIAN_POINT('',(7.5,6.25,0.75));
#6105 = DIRECTION('',(0.,1.,0.));
#6106 = DIRECTION('',(0.,-0.,1.));
#6107 = ADVANCED_FACE('',(#6108),#6120,.T.);
#6108 = FACE_BOUND('',#6109,.T.);
#6109 = EDGE_LOOP('',(#6110,#6111,#6118,#6119));
#6110 = ORIENTED_EDGE('',*,*,#5074,.F.);
#6111 = ORIENTED_EDGE('',*,*,#6112,.F.);
#6112 = EDGE_CURVE('',#5066,#5064,#6113,.T.);
#6113 = CIRCLE('',#6114,1.6);
#6114 = AXIS2_PLACEMENT_3D('',#6115,#6116,#6117);
#6115 = CARTESIAN_POINT('',(7.5,4.25,8.));
#6116 = DIRECTION('',(0.,0.,-1.));
#6117 = DIRECTION('',(0.,-1.,0.));
#6118 = ORIENTED_EDGE('',*,*,#5092,.T.);
#6119 = ORIENTED_EDGE('',*,*,#5124,.F.);
#6120 = TOROIDAL_SURFACE('',#6121,1.6,0.1);
#6121 = AXIS2_PLACEMENT_3D('',#6122,#6123,#6124);
#6122 = CARTESIAN_POINT('',(7.5,4.25,8.1));
#6123 = DIRECTION('',(0.,0.,1.));
#6124 = DIRECTION('',(0.,-1.,0.));
#6125 = ADVANCED_FACE('',(#6126),#6136,.T.);
#6126 = FACE_BOUND('',#6127,.T.);
#6127 = EDGE_LOOP('',(#6128,#6135));
#6128 = ORIENTED_EDGE('',*,*,#6129,.T.);
#6129 = EDGE_CURVE('',#5028,#5026,#6130,.T.);
#6130 = CIRCLE('',#6131,0.25);
#6131 = AXIS2_PLACEMENT_3D('',#6132,#6133,#6134);
#6132 = CARTESIAN_POINT('',(7.5,4.25,-4.35));
#6133 = DIRECTION('',(0.,0.,-1.));
#6134 = DIRECTION('',(-1.,0.,0.));
#6135 = ORIENTED_EDGE('',*,*,#5025,.T.);
#6136 = PLANE('',#6137);
#6137 = AXIS2_PLACEMENT_3D('',#6138,#6139,#6140);
#6138 = CARTESIAN_POINT('',(7.5,4.25,-4.35));
#6139 = DIRECTION('',(0.,0.,-1.));
#6140 = DIRECTION('',(-1.,0.,0.));
#6141 = ADVANCED_FACE('',(#6142),#6167,.T.);
#6142 = FACE_BOUND('',#6143,.T.);
#6143 = EDGE_LOOP('',(#6144,#6145,#6153,#6161));
#6144 = ORIENTED_EDGE('',*,*,#6071,.T.);
#6145 = ORIENTED_EDGE('',*,*,#6146,.T.);
#6146 = EDGE_CURVE('',#6062,#6147,#6149,.T.);
#6147 = VERTEX_POINT('',#6148);
#6148 = CARTESIAN_POINT('',(5.45,7.25,0.65));
#6149 = LINE('',#6150,#6151);
#6150 = CARTESIAN_POINT('',(5.45,2.2,0.65));
#6151 = VECTOR('',#6152,1.);
#6152 = DIRECTION('',(0.,1.,0.));
#6153 = ORIENTED_EDGE('',*,*,#6154,.T.);
#6154 = EDGE_CURVE('',#6147,#6155,#6157,.T.);
#6155 = VERTEX_POINT('',#6156);
#6156 = CARTESIAN_POINT('',(5.45,7.25,5.7));
#6157 = LINE('',#6158,#6159);
#6158 = CARTESIAN_POINT('',(5.45,7.25,5.7));
#6159 = VECTOR('',#6160,1.);
#6160 = DIRECTION('',(5.15264398805E-16,0.,1.));
#6161 = ORIENTED_EDGE('',*,*,#6162,.F.);
#6162 = EDGE_CURVE('',#6072,#6155,#6163,.T.);
#6163 = LINE('',#6164,#6165);
#6164 = CARTESIAN_POINT('',(5.45,2.2,5.7));
#6165 = VECTOR('',#6166,1.);
#6166 = DIRECTION('',(0.,1.,0.));
#6167 = PLANE('',#6168);
#6168 = AXIS2_PLACEMENT_3D('',#6169,#6170,#6171);
#6169 = CARTESIAN_POINT('',(5.45,2.2,5.8));
#6170 = DIRECTION('',(1.,0.,-5.15264398805E-16));
#6171 = DIRECTION('',(-5.15264398805E-16,0.,-1.));
#6172 = ADVANCED_FACE('',(#6173),#6191,.T.);
#6173 = FACE_BOUND('',#6174,.T.);
#6174 = EDGE_LOOP('',(#6175,#6183,#6184,#6185));
#6175 = ORIENTED_EDGE('',*,*,#6176,.F.);
#6176 = EDGE_CURVE('',#6080,#6177,#6179,.T.);
#6177 = VERTEX_POINT('',#6178);
#6178 = CARTESIAN_POINT('',(9.55,7.25,5.7));
#6179 = LINE('',#6180,#6181);
#6180 = CARTESIAN_POINT('',(9.55,2.2,5.7));
#6181 = VECTOR('',#6182,1.);
#6182 = DIRECTION('',(0.,1.,0.));
#6183 = ORIENTED_EDGE('',*,*,#6079,.T.);
#6184 = ORIENTED_EDGE('',*,*,#6162,.T.);
#6185 = ORIENTED_EDGE('',*,*,#6186,.T.);
#6186 = EDGE_CURVE('',#6155,#6177,#6187,.T.);
#6187 = LINE('',#6188,#6189);
#6188 = CARTESIAN_POINT('',(9.55,7.25,5.7));
#6189 = VECTOR('',#6190,1.);
#6190 = DIRECTION('',(1.,0.,0.));
#6191 = PLANE('',#6192);
#6192 = AXIS2_PLACEMENT_3D('',#6193,#6194,#6195);
#6193 = CARTESIAN_POINT('',(9.55,2.2,5.7));
#6194 = DIRECTION('',(0.,0.,-1.));
#6195 = DIRECTION('',(-1.,0.,0.));
#6196 = ADVANCED_FACE('',(#6197),#6215,.T.);
#6197 = FACE_BOUND('',#6198,.T.);
#6198 = EDGE_LOOP('',(#6199,#6200,#6201,#6209));
#6199 = ORIENTED_EDGE('',*,*,#6087,.T.);
#6200 = ORIENTED_EDGE('',*,*,#6176,.T.);
#6201 = ORIENTED_EDGE('',*,*,#6202,.T.);
#6202 = EDGE_CURVE('',#6177,#6203,#6205,.T.);
#6203 = VERTEX_POINT('',#6204);
#6204 = CARTESIAN_POINT('',(9.55,7.25,0.65));
#6205 = LINE('',#6206,#6207);
#6206 = CARTESIAN_POINT('',(9.55,7.25,0.65));
#6207 = VECTOR('',#6208,1.);
#6208 = DIRECTION('',(-1.717547996017E-16,0.,-1.));
#6209 = ORIENTED_EDGE('',*,*,#6210,.F.);
#6210 = EDGE_CURVE('',#6064,#6203,#6211,.T.);
#6211 = LINE('',#6212,#6213);
#6212 = CARTESIAN_POINT('',(9.55,2.2,0.65));
#6213 = VECTOR('',#6214,1.);
#6214 = DIRECTION('',(0.,1.,0.));
#6215 = PLANE('',#6216);
#6216 = AXIS2_PLACEMENT_3D('',#6217,#6218,#6219);
#6217 = CARTESIAN_POINT('',(9.55,2.2,0.75));
#6218 = DIRECTION('',(-1.,0.,1.717547996017E-16));
#6219 = DIRECTION('',(1.717547996017E-16,0.,1.));
#6220 = ADVANCED_FACE('',(#6221),#6232,.T.);
#6221 = FACE_BOUND('',#6222,.T.);
#6222 = EDGE_LOOP('',(#6223,#6229,#6230,#6231));
#6223 = ORIENTED_EDGE('',*,*,#6224,.T.);
#6224 = EDGE_CURVE('',#6203,#6147,#6225,.T.);
#6225 = LINE('',#6226,#6227);
#6226 = CARTESIAN_POINT('',(5.45,7.25,0.65));
#6227 = VECTOR('',#6228,1.);
#6228 = DIRECTION('',(-1.,0.,4.231032868236E-16));
#6229 = ORIENTED_EDGE('',*,*,#6146,.F.);
#6230 = ORIENTED_EDGE('',*,*,#6061,.T.);
#6231 = ORIENTED_EDGE('',*,*,#6210,.T.);
#6232 = PLANE('',#6233);
#6233 = AXIS2_PLACEMENT_3D('',#6234,#6235,#6236);
#6234 = CARTESIAN_POINT('',(5.45,2.2,0.65));
#6235 = DIRECTION('',(4.231032868236E-16,0.,1.));
#6236 = DIRECTION('',(1.,0.,-4.231032868236E-16));
#6237 = ADVANCED_FACE('',(#6238,#6242),#6252,.T.);
#6238 = FACE_BOUND('',#6239,.T.);
#6239 = EDGE_LOOP('',(#6240,#6241));
#6240 = ORIENTED_EDGE('',*,*,#6112,.T.);
#6241 = ORIENTED_EDGE('',*,*,#5063,.T.);
#6242 = FACE_BOUND('',#6243,.T.);
#6243 = EDGE_LOOP('',(#6244,#6245));
#6244 = ORIENTED_EDGE('',*,*,#5010,.F.);
#6245 = ORIENTED_EDGE('',*,*,#6246,.F.);
#6246 = EDGE_CURVE('',#5003,#4984,#6247,.T.);
#6247 = CIRCLE('',#6248,1.75);
#6248 = AXIS2_PLACEMENT_3D('',#6249,#6250,#6251);
#6249 = CARTESIAN_POINT('',(7.5,4.25,8.));
#6250 = DIRECTION('',(0.,0.,-1.));
#6251 = DIRECTION('',(1.,0.,0.));
#6252 = PLANE('',#6253);
#6253 = AXIS2_PLACEMENT_3D('',#6254,#6255,#6256);
#6254 = CARTESIAN_POINT('',(139.045,0.878960336775,8.));
#6255 = DIRECTION('',(0.,0.,1.));
#6256 = DIRECTION('',(1.,0.,-0.));
#6257 = ADVANCED_FACE('',(#6258),#6264,.T.);
#6258 = FACE_BOUND('',#6259,.T.);
#6259 = EDGE_LOOP('',(#6260,#6261,#6262,#6263));
#6260 = ORIENTED_EDGE('',*,*,#5036,.F.);
#6261 = ORIENTED_EDGE('',*,*,#6129,.F.);
#6262 = ORIENTED_EDGE('',*,*,#5049,.T.);
#6263 = ORIENTED_EDGE('',*,*,#4960,.F.);
#6264 = CONICAL_SURFACE('',#6265,0.25,0.463647608471);
#6265 = AXIS2_PLACEMENT_3D('',#6266,#6267,#6268);
#6266 = CARTESIAN_POINT('',(7.5,4.25,-4.35));
#6267 = DIRECTION('',(0.,0.,1.));
#6268 = DIRECTION('',(-1.,0.,0.));
#6269 = ADVANCED_FACE('',(#6270),#6304,.T.);
#6270 = FACE_BOUND('',#6271,.T.);
#6271 = EDGE_LOOP('',(#6272,#6282,#6290,#6298));
#6272 = ORIENTED_EDGE('',*,*,#6273,.T.);
#6273 = EDGE_CURVE('',#6274,#6276,#6278,.T.);
#6274 = VERTEX_POINT('',#6275);
#6275 = CARTESIAN_POINT('',(10.,0.95,6.2));
#6276 = VERTEX_POINT('',#6277);
#6277 = CARTESIAN_POINT('',(10.5,0.661324865405,6.2));
#6278 = LINE('',#6279,#6280);
#6279 = CARTESIAN_POINT('',(10.,0.95,6.2));
#6280 = VECTOR('',#6281,1.);
#6281 = DIRECTION('',(0.866025403784,-0.5,0.));
#6282 = ORIENTED_EDGE('',*,*,#6283,.T.);
#6283 = EDGE_CURVE('',#6276,#6284,#6286,.T.);
#6284 = VERTEX_POINT('',#6285);
#6285 = CARTESIAN_POINT('',(10.5,1.838675134595,6.2));
#6286 = LINE('',#6287,#6288);
#6287 = CARTESIAN_POINT('',(10.5,0.886491470389,6.2));
#6288 = VECTOR('',#6289,1.);
#6289 = DIRECTION('',(0.,1.,0.));
#6290 = ORIENTED_EDGE('',*,*,#6291,.T.);
#6291 = EDGE_CURVE('',#6284,#6292,#6294,.T.);
#6292 = VERTEX_POINT('',#6293);
#6293 = CARTESIAN_POINT('',(10.,1.55,6.2));
#6294 = LINE('',#6295,#6296);
#6295 = CARTESIAN_POINT('',(10.305,1.726091832103,6.2));
#6296 = VECTOR('',#6297,1.);
#6297 = DIRECTION('',(-0.866025403784,-0.5,0.));
#6298 = ORIENTED_EDGE('',*,*,#6299,.T.);
#6299 = EDGE_CURVE('',#6292,#6274,#6300,.T.);
#6300 = LINE('',#6301,#6302);
#6301 = CARTESIAN_POINT('',(10.,1.55,6.2));
#6302 = VECTOR('',#6303,1.);
#6303 = DIRECTION('',(0.,-1.,0.));
#6304 = PLANE('',#6305);
#6305 = AXIS2_PLACEMENT_3D('',#6306,#6307,#6308);
#6306 = CARTESIAN_POINT('',(10.37,0.886491470389,6.2));
#6307 = DIRECTION('',(0.,0.,1.));
#6308 = DIRECTION('',(1.,0.,-0.));
#6309 = ADVANCED_FACE('',(#6310),#6335,.T.);
#6310 = FACE_BOUND('',#6311,.T.);
#6311 = EDGE_LOOP('',(#6312,#6320,#6321,#6329));
#6312 = ORIENTED_EDGE('',*,*,#6313,.T.);
#6313 = EDGE_CURVE('',#6314,#6155,#6316,.T.);
#6314 = VERTEX_POINT('',#6315);
#6315 = CARTESIAN_POINT('',(5.25,7.75,5.9));
#6316 = LINE('',#6317,#6318);
#6317 = CARTESIAN_POINT('',(5.965151515152,5.962121212121,5.184848484848
    ));
#6318 = VECTOR('',#6319,1.);
#6319 = DIRECTION('',(0.348155311911,-0.870388279778,-0.348155311911));
#6320 = ORIENTED_EDGE('',*,*,#6154,.F.);
#6321 = ORIENTED_EDGE('',*,*,#6322,.F.);
#6322 = EDGE_CURVE('',#6323,#6147,#6325,.T.);
#6323 = VERTEX_POINT('',#6324);
#6324 = CARTESIAN_POINT('',(5.25,7.75,0.45));
#6325 = LINE('',#6326,#6327);
#6326 = CARTESIAN_POINT('',(6.431818181818,4.795454545455,1.631818181818
    ));
#6327 = VECTOR('',#6328,1.);
#6328 = DIRECTION('',(0.348155311911,-0.870388279778,0.348155311911));
#6329 = ORIENTED_EDGE('',*,*,#6330,.F.);
#6330 = EDGE_CURVE('',#6314,#6323,#6331,.T.);
#6331 = LINE('',#6332,#6333);
#6332 = CARTESIAN_POINT('',(5.25,7.75,0.65));
#6333 = VECTOR('',#6334,1.);
#6334 = DIRECTION('',(-5.15264398805E-16,0.,-1.));
#6335 = PLANE('',#6336);
#6336 = AXIS2_PLACEMENT_3D('',#6337,#6338,#6339);
#6337 = CARTESIAN_POINT('',(5.25,7.75,5.023827888349E-15));
#6338 = DIRECTION('',(0.928476690885,0.371390676354,-4.784109839334E-16)
  );
#6339 = DIRECTION('',(-0.371390676354,0.928476690885,2.465190328816E-32)
  );
#6340 = ADVANCED_FACE('',(#6341),#6359,.T.);
#6341 = FACE_BOUND('',#6342,.T.);
#6342 = EDGE_LOOP('',(#6343,#6351,#6352,#6353));
#6343 = ORIENTED_EDGE('',*,*,#6344,.F.);
#6344 = EDGE_CURVE('',#6177,#6345,#6347,.T.);
#6345 = VERTEX_POINT('',#6346);
#6346 = CARTESIAN_POINT('',(9.75,7.75,5.9));
#6347 = LINE('',#6348,#6349);
#6348 = CARTESIAN_POINT('',(9.034848484848,5.962121212121,5.184848484848
    ));
#6349 = VECTOR('',#6350,1.);
#6350 = DIRECTION('',(0.348155311911,0.870388279778,0.348155311911));
#6351 = ORIENTED_EDGE('',*,*,#6186,.F.);
#6352 = ORIENTED_EDGE('',*,*,#6313,.F.);
#6353 = ORIENTED_EDGE('',*,*,#6354,.F.);
#6354 = EDGE_CURVE('',#6345,#6314,#6355,.T.);
#6355 = LINE('',#6356,#6357);
#6356 = CARTESIAN_POINT('',(5.45,7.75,5.9));
#6357 = VECTOR('',#6358,1.);
#6358 = DIRECTION('',(-1.,0.,0.));
#6359 = PLANE('',#6360);
#6360 = AXIS2_PLACEMENT_3D('',#6361,#6362,#6363);
#6361 = CARTESIAN_POINT('',(15.,7.75,5.9));
#6362 = DIRECTION('',(0.,0.371390676354,-0.928476690885));
#6363 = DIRECTION('',(0.,0.928476690885,0.371390676354));
#6364 = ADVANCED_FACE('',(#6365),#6383,.T.);
#6365 = FACE_BOUND('',#6366,.T.);
#6366 = EDGE_LOOP('',(#6367,#6368,#6376,#6382));
#6367 = ORIENTED_EDGE('',*,*,#6344,.T.);
#6368 = ORIENTED_EDGE('',*,*,#6369,.F.);
#6369 = EDGE_CURVE('',#6370,#6345,#6372,.T.);
#6370 = VERTEX_POINT('',#6371);
#6371 = CARTESIAN_POINT('',(9.75,7.75,0.45));
#6372 = LINE('',#6373,#6374);
#6373 = CARTESIAN_POINT('',(9.75,7.75,5.7));
#6374 = VECTOR('',#6375,1.);
#6375 = DIRECTION('',(1.717547996017E-16,0.,1.));
#6376 = ORIENTED_EDGE('',*,*,#6377,.F.);
#6377 = EDGE_CURVE('',#6203,#6370,#6378,.T.);
#6378 = LINE('',#6379,#6380);
#6379 = CARTESIAN_POINT('',(10.386363636364,9.340909090909,
    -0.186363636364));
#6380 = VECTOR('',#6381,1.);
#6381 = DIRECTION('',(0.348155311911,0.870388279778,-0.348155311911));
#6382 = ORIENTED_EDGE('',*,*,#6202,.F.);
#6383 = PLANE('',#6384);
#6384 = AXIS2_PLACEMENT_3D('',#6385,#6386,#6387);
#6385 = CARTESIAN_POINT('',(9.75,7.75,9.017126979087E-16));
#6386 = DIRECTION('',(-0.928476690885,0.371390676354,1.594703279778E-16)
  );
#6387 = DIRECTION('',(-0.371390676354,-0.928476690885,0.));
#6388 = ADVANCED_FACE('',(#6389),#6400,.T.);
#6389 = FACE_BOUND('',#6390,.T.);
#6390 = EDGE_LOOP('',(#6391,#6392,#6398,#6399));
#6391 = ORIENTED_EDGE('',*,*,#6377,.T.);
#6392 = ORIENTED_EDGE('',*,*,#6393,.F.);
#6393 = EDGE_CURVE('',#6323,#6370,#6394,.T.);
#6394 = LINE('',#6395,#6396);
#6395 = CARTESIAN_POINT('',(9.55,7.75,0.45));
#6396 = VECTOR('',#6397,1.);
#6397 = DIRECTION('',(1.,0.,-4.231032868236E-16));
#6398 = ORIENTED_EDGE('',*,*,#6322,.T.);
#6399 = ORIENTED_EDGE('',*,*,#6224,.F.);
#6400 = PLANE('',#6401);
#6401 = AXIS2_PLACEMENT_3D('',#6402,#6403,#6404);
#6402 = CARTESIAN_POINT('',(15.,7.75,0.45));
#6403 = DIRECTION('',(3.928415396527E-16,0.371390676354,0.928476690885)
  );
#6404 = DIRECTION('',(0.,-0.928476690885,0.371390676354));
#6405 = ADVANCED_FACE('',(#6406),#6418,.F.);
#6406 = FACE_BOUND('',#6407,.F.);
#6407 = EDGE_LOOP('',(#6408,#6415,#6416,#6417));
#6408 = ORIENTED_EDGE('',*,*,#6409,.F.);
#6409 = EDGE_CURVE('',#4986,#4994,#6410,.T.);
#6410 = CIRCLE('',#6411,1.75);
#6411 = AXIS2_PLACEMENT_3D('',#6412,#6413,#6414);
#6412 = CARTESIAN_POINT('',(7.5,4.25,10.));
#6413 = DIRECTION('',(0.,-3.675221047035E-15,1.));
#6414 = DIRECTION('',(0.,-1.,-3.675221047035E-15));
#6415 = ORIENTED_EDGE('',*,*,#4983,.F.);
#6416 = ORIENTED_EDGE('',*,*,#6246,.F.);
#6417 = ORIENTED_EDGE('',*,*,#5002,.T.);
#6418 = CYLINDRICAL_SURFACE('',#6419,1.75);
#6419 = AXIS2_PLACEMENT_3D('',#6420,#6421,#6422);
#6420 = CARTESIAN_POINT('',(7.5,4.25,10.));
#6421 = DIRECTION('',(0.,-3.675221047035E-15,1.));
#6422 = DIRECTION('',(0.,-1.,-3.675221047035E-15));
#6423 = ADVANCED_FACE('',(#6424),#6436,.T.);
#6424 = FACE_BOUND('',#6425,.T.);
#6425 = EDGE_LOOP('',(#6426,#6427,#6434,#6435));
#6426 = ORIENTED_EDGE('',*,*,#4952,.F.);
#6427 = ORIENTED_EDGE('',*,*,#6428,.F.);
#6428 = EDGE_CURVE('',#4944,#4942,#6429,.T.);
#6429 = CIRCLE('',#6430,0.5);
#6430 = AXIS2_PLACEMENT_3D('',#6431,#6432,#6433);
#6431 = CARTESIAN_POINT('',(7.5,4.25,0.));
#6432 = DIRECTION('',(0.,0.,1.));
#6433 = DIRECTION('',(-1.,0.,0.));
#6434 = ORIENTED_EDGE('',*,*,#4969,.T.);
#6435 = ORIENTED_EDGE('',*,*,#5042,.T.);
#6436 = CYLINDRICAL_SURFACE('',#6437,0.5);
#6437 = AXIS2_PLACEMENT_3D('',#6438,#6439,#6440);
#6438 = CARTESIAN_POINT('',(7.5,4.25,0.75));
#6439 = DIRECTION('',(0.,0.,-1.));
#6440 = DIRECTION('',(-1.,0.,0.));
#6441 = ADVANCED_FACE('',(#6442),#6467,.F.);
#6442 = FACE_BOUND('',#6443,.T.);
#6443 = EDGE_LOOP('',(#6444,#6454,#6460,#6461));
#6444 = ORIENTED_EDGE('',*,*,#6445,.T.);
#6445 = EDGE_CURVE('',#6446,#6448,#6450,.T.);
#6446 = VERTEX_POINT('',#6447);
#6447 = CARTESIAN_POINT('',(10.,0.95,0.));
#6448 = VERTEX_POINT('',#6449);
#6449 = CARTESIAN_POINT('',(10.5,0.661324865405,0.));
#6450 = LINE('',#6451,#6452);
#6451 = CARTESIAN_POINT('',(10.,0.95,0.));
#6452 = VECTOR('',#6453,1.);
#6453 = DIRECTION('',(0.866025403784,-0.5,0.));
#6454 = ORIENTED_EDGE('',*,*,#6455,.F.);
#6455 = EDGE_CURVE('',#6276,#6448,#6456,.T.);
#6456 = LINE('',#6457,#6458);
#6457 = CARTESIAN_POINT('',(10.5,0.661324865405,6.2));
#6458 = VECTOR('',#6459,1.);
#6459 = DIRECTION('',(0.,0.,-1.));
#6460 = ORIENTED_EDGE('',*,*,#6273,.F.);
#6461 = ORIENTED_EDGE('',*,*,#6462,.T.);
#6462 = EDGE_CURVE('',#6274,#6446,#6463,.T.);
#6463 = LINE('',#6464,#6465);
#6464 = CARTESIAN_POINT('',(10.,0.95,6.2));
#6465 = VECTOR('',#6466,1.);
#6466 = DIRECTION('',(0.,0.,-1.));
#6467 = PLANE('',#6468);
#6468 = AXIS2_PLACEMENT_3D('',#6469,#6470,#6471);
#6469 = CARTESIAN_POINT('',(10.,0.95,6.2));
#6470 = DIRECTION('',(0.5,0.866025403784,0.));
#6471 = DIRECTION('',(-0.866025403784,0.5,0.));
#6472 = ADVANCED_FACE('',(#6473),#6491,.F.);
#6473 = FACE_BOUND('',#6474,.T.);
#6474 = EDGE_LOOP('',(#6475,#6483,#6489,#6490));
#6475 = ORIENTED_EDGE('',*,*,#6476,.T.);
#6476 = EDGE_CURVE('',#6448,#6477,#6479,.T.);
#6477 = VERTEX_POINT('',#6478);
#6478 = CARTESIAN_POINT('',(10.5,1.838675134595,0.));
#6479 = LINE('',#6480,#6481);
#6480 = CARTESIAN_POINT('',(10.5,0.886491470389,0.));
#6481 = VECTOR('',#6482,1.);
#6482 = DIRECTION('',(0.,1.,0.));
#6483 = ORIENTED_EDGE('',*,*,#6484,.F.);
#6484 = EDGE_CURVE('',#6284,#6477,#6485,.T.);
#6485 = LINE('',#6486,#6487);
#6486 = CARTESIAN_POINT('',(10.5,1.838675134595,6.2));
#6487 = VECTOR('',#6488,1.);
#6488 = DIRECTION('',(0.,0.,-1.));
#6489 = ORIENTED_EDGE('',*,*,#6283,.F.);
#6490 = ORIENTED_EDGE('',*,*,#6455,.T.);
#6491 = PLANE('',#6492);
#6492 = AXIS2_PLACEMENT_3D('',#6493,#6494,#6495);
#6493 = CARTESIAN_POINT('',(10.5,0.886491470389,6.2));
#6494 = DIRECTION('',(-1.,0.,0.));
#6495 = DIRECTION('',(0.,0.,1.));
#6496 = ADVANCED_FACE('',(#6497),#6515,.F.);
#6497 = FACE_BOUND('',#6498,.T.);
#6498 = EDGE_LOOP('',(#6499,#6507,#6513,#6514));
#6499 = ORIENTED_EDGE('',*,*,#6500,.T.);
#6500 = EDGE_CURVE('',#6477,#6501,#6503,.T.);
#6501 = VERTEX_POINT('',#6502);
#6502 = CARTESIAN_POINT('',(10.,1.55,0.));
#6503 = LINE('',#6504,#6505);
#6504 = CARTESIAN_POINT('',(10.305,1.726091832103,0.));
#6505 = VECTOR('',#6506,1.);
#6506 = DIRECTION('',(-0.866025403784,-0.5,0.));
#6507 = ORIENTED_EDGE('',*,*,#6508,.F.);
#6508 = EDGE_CURVE('',#6292,#6501,#6509,.T.);
#6509 = LINE('',#6510,#6511);
#6510 = CARTESIAN_POINT('',(10.,1.55,6.2));
#6511 = VECTOR('',#6512,1.);
#6512 = DIRECTION('',(0.,0.,-1.));
#6513 = ORIENTED_EDGE('',*,*,#6291,.F.);
#6514 = ORIENTED_EDGE('',*,*,#6484,.T.);
#6515 = PLANE('',#6516);
#6516 = AXIS2_PLACEMENT_3D('',#6517,#6518,#6519);
#6517 = CARTESIAN_POINT('',(10.305,1.726091832103,6.2));
#6518 = DIRECTION('',(0.5,-0.866025403784,0.));
#6519 = DIRECTION('',(0.866025403784,0.5,0.));
#6520 = ADVANCED_FACE('',(#6521),#6624,.T.);
#6521 = FACE_BOUND('',#6522,.T.);
#6522 = EDGE_LOOP('',(#6523,#6524,#6525,#6526,#6534,#6542,#6551,#6559,
    #6567,#6576,#6584,#6593,#6601,#6610,#6618));
#6523 = ORIENTED_EDGE('',*,*,#6462,.F.);
#6524 = ORIENTED_EDGE('',*,*,#6299,.F.);
#6525 = ORIENTED_EDGE('',*,*,#6508,.T.);
#6526 = ORIENTED_EDGE('',*,*,#6527,.T.);
#6527 = EDGE_CURVE('',#6501,#6528,#6530,.T.);
#6528 = VERTEX_POINT('',#6529);
#6529 = CARTESIAN_POINT('',(10.,7.75,0.));
#6530 = LINE('',#6531,#6532);
#6531 = CARTESIAN_POINT('',(10.,0.,0.));
#6532 = VECTOR('',#6533,1.);
#6533 = DIRECTION('',(0.,1.,0.));
#6534 = ORIENTED_EDGE('',*,*,#6535,.T.);
#6535 = EDGE_CURVE('',#6528,#6536,#6538,.T.);
#6536 = VERTEX_POINT('',#6537);
#6537 = CARTESIAN_POINT('',(10.,7.75,6.2));
#6538 = LINE('',#6539,#6540);
#6539 = CARTESIAN_POINT('',(10.,7.75,2.576321994025E-15));
#6540 = VECTOR('',#6541,1.);
#6541 = DIRECTION('',(5.15264398805E-16,0.,1.));
#6542 = ORIENTED_EDGE('',*,*,#6543,.T.);
#6543 = EDGE_CURVE('',#6536,#6544,#6546,.T.);
#6544 = VERTEX_POINT('',#6545);
#6545 = CARTESIAN_POINT('',(10.,7.45,6.5));
#6546 = CIRCLE('',#6547,0.3);
#6547 = AXIS2_PLACEMENT_3D('',#6548,#6549,#6550);
#6548 = CARTESIAN_POINT('',(10.,7.45,6.2));
#6549 = DIRECTION('',(1.,0.,-5.15264398805E-16));
#6550 = DIRECTION('',(-5.15264398805E-16,-0.,-1.));
#6551 = ORIENTED_EDGE('',*,*,#6552,.T.);
#6552 = EDGE_CURVE('',#6544,#6553,#6555,.T.);
#6553 = VERTEX_POINT('',#6554);
#6554 = CARTESIAN_POINT('',(10.,7.15,6.5));
#6555 = LINE('',#6556,#6557);
#6556 = CARTESIAN_POINT('',(10.,7.75,6.5));
#6557 = VECTOR('',#6558,1.);
#6558 = DIRECTION('',(0.,-1.,0.));
#6559 = ORIENTED_EDGE('',*,*,#6560,.T.);
#6560 = EDGE_CURVE('',#6553,#6561,#6563,.T.);
#6561 = VERTEX_POINT('',#6562);
#6562 = CARTESIAN_POINT('',(10.,6.733652732788,9.738256522762));
#6563 = LINE('',#6564,#6565);
#6564 = CARTESIAN_POINT('',(10.,7.15,6.5));
#6565 = VECTOR('',#6566,1.);
#6566 = DIRECTION('',(0.,-0.12752174254,0.991835775307));
#6567 = ORIENTED_EDGE('',*,*,#6568,.T.);
#6568 = EDGE_CURVE('',#6561,#6569,#6571,.T.);
#6569 = VERTEX_POINT('',#6570);
#6570 = CARTESIAN_POINT('',(10.,6.436102000196,10.));
#6571 = CIRCLE('',#6572,0.3);
#6572 = AXIS2_PLACEMENT_3D('',#6573,#6574,#6575);
#6573 = CARTESIAN_POINT('',(10.,6.436102000196,9.7));
#6574 = DIRECTION('',(1.,0.,-5.15264398805E-16));
#6575 = DIRECTION('',(-5.15264398805E-16,-0.,-1.));
#6576 = ORIENTED_EDGE('',*,*,#6577,.T.);
#6577 = EDGE_CURVE('',#6569,#6578,#6580,.T.);
#6578 = VERTEX_POINT('',#6579);
#6579 = CARTESIAN_POINT('',(10.,1.990236984239,10.));
#6580 = LINE('',#6581,#6582);
#6581 = CARTESIAN_POINT('',(10.,6.65,10.));
#6582 = VECTOR('',#6583,1.);
#6583 = DIRECTION('',(0.,-1.,0.));
#6584 = ORIENTED_EDGE('',*,*,#6585,.T.);
#6585 = EDGE_CURVE('',#6578,#6586,#6588,.T.);
#6586 = VERTEX_POINT('',#6587);
#6587 = CARTESIAN_POINT('',(10.,1.71887929134,9.827925769509));
#6588 = CIRCLE('',#6589,0.3);
#6589 = AXIS2_PLACEMENT_3D('',#6590,#6591,#6592);
#6590 = CARTESIAN_POINT('',(10.,1.990236984239,9.7));
#6591 = DIRECTION('',(1.,0.,-5.15264398805E-16));
#6592 = DIRECTION('',(-5.15264398805E-16,-0.,-1.));
#6593 = ORIENTED_EDGE('',*,*,#6594,.T.);
#6594 = EDGE_CURVE('',#6586,#6595,#6597,.T.);
#6595 = VERTEX_POINT('',#6596);
#6596 = CARTESIAN_POINT('',(10.,0.197737178502,6.601260681671));
#6597 = LINE('',#6598,#6599);
#6598 = CARTESIAN_POINT('',(10.,1.8,10.));
#6599 = VECTOR('',#6600,1.);
#6600 = DIRECTION('',(0.,-0.426419231698,-0.904525642996));
#6601 = ORIENTED_EDGE('',*,*,#6602,.T.);
#6602 = EDGE_CURVE('',#6595,#6603,#6605,.T.);
#6603 = VERTEX_POINT('',#6604);
#6604 = CARTESIAN_POINT('',(10.,0.15,6.388051065821));
#6605 = CIRCLE('',#6606,0.5);
#6606 = AXIS2_PLACEMENT_3D('',#6607,#6608,#6609);
#6607 = CARTESIAN_POINT('',(10.,0.65,6.388051065821));
#6608 = DIRECTION('',(1.,0.,-5.15264398805E-16));
#6609 = DIRECTION('',(-5.15264398805E-16,-0.,-1.));
#6610 = ORIENTED_EDGE('',*,*,#6611,.T.);
#6611 = EDGE_CURVE('',#6603,#6612,#6614,.T.);
#6612 = VERTEX_POINT('',#6613);
#6613 = CARTESIAN_POINT('',(10.,0.15,0.));
#6614 = LINE('',#6615,#6616);
#6615 = CARTESIAN_POINT('',(10.,0.15,6.7));
#6616 = VECTOR('',#6617,1.);
#6617 = DIRECTION('',(-5.15264398805E-16,0.,-1.));
#6618 = ORIENTED_EDGE('',*,*,#6619,.T.);
#6619 = EDGE_CURVE('',#6612,#6446,#6620,.T.);
#6620 = LINE('',#6621,#6622);
#6621 = CARTESIAN_POINT('',(10.,0.,0.));
#6622 = VECTOR('',#6623,1.);
#6623 = DIRECTION('',(0.,1.,0.));
#6624 = PLANE('',#6625);
#6625 = AXIS2_PLACEMENT_3D('',#6626,#6627,#6628);
#6626 = CARTESIAN_POINT('',(10.,4.9,3.275));
#6627 = DIRECTION('',(1.,0.,-5.15264398805E-16));
#6628 = DIRECTION('',(-5.15264398805E-16,0.,-1.));
#6629 = ADVANCED_FACE('',(#6630),#6655,.F.);
#6630 = FACE_BOUND('',#6631,.T.);
#6631 = EDGE_LOOP('',(#6632,#6640,#6648,#6654));
#6632 = ORIENTED_EDGE('',*,*,#6633,.T.);
#6633 = EDGE_CURVE('',#6544,#6634,#6636,.T.);
#6634 = VERTEX_POINT('',#6635);
#6635 = CARTESIAN_POINT('',(0.,7.45,6.5));
#6636 = LINE('',#6637,#6638);
#6637 = CARTESIAN_POINT('',(10.,7.45,6.5));
#6638 = VECTOR('',#6639,1.);
#6639 = DIRECTION('',(-1.,0.,0.));
#6640 = ORIENTED_EDGE('',*,*,#6641,.T.);
#6641 = EDGE_CURVE('',#6634,#6642,#6644,.T.);
#6642 = VERTEX_POINT('',#6643);
#6643 = CARTESIAN_POINT('',(0.,7.15,6.5));
#6644 = LINE('',#6645,#6646);
#6645 = CARTESIAN_POINT('',(0.,7.75,6.5));
#6646 = VECTOR('',#6647,1.);
#6647 = DIRECTION('',(0.,-1.,0.));
#6648 = ORIENTED_EDGE('',*,*,#6649,.F.);
#6649 = EDGE_CURVE('',#6553,#6642,#6650,.T.);
#6650 = LINE('',#6651,#6652);
#6651 = CARTESIAN_POINT('',(10.,7.15,6.5));
#6652 = VECTOR('',#6653,1.);
#6653 = DIRECTION('',(-1.,0.,0.));
#6654 = ORIENTED_EDGE('',*,*,#6552,.F.);
#6655 = PLANE('',#6656);
#6656 = AXIS2_PLACEMENT_3D('',#6657,#6658,#6659);
#6657 = CARTESIAN_POINT('',(10.,7.75,6.5));
#6658 = DIRECTION('',(0.,0.,-1.));
#6659 = DIRECTION('',(-1.,0.,0.));
#6660 = ADVANCED_FACE('',(#6661),#6679,.F.);
#6661 = FACE_BOUND('',#6662,.T.);
#6662 = EDGE_LOOP('',(#6663,#6664,#6672,#6678));
#6663 = ORIENTED_EDGE('',*,*,#6649,.T.);
#6664 = ORIENTED_EDGE('',*,*,#6665,.T.);
#6665 = EDGE_CURVE('',#6642,#6666,#6668,.T.);
#6666 = VERTEX_POINT('',#6667);
#6667 = CARTESIAN_POINT('',(0.,6.733652732788,9.738256522762));
#6668 = LINE('',#6669,#6670);
#6669 = CARTESIAN_POINT('',(0.,7.15,6.5));
#6670 = VECTOR('',#6671,1.);
#6671 = DIRECTION('',(0.,-0.12752174254,0.991835775307));
#6672 = ORIENTED_EDGE('',*,*,#6673,.T.);
#6673 = EDGE_CURVE('',#6666,#6561,#6674,.T.);
#6674 = LINE('',#6675,#6676);
#6675 = CARTESIAN_POINT('',(10.,6.733652732788,9.738256522762));
#6676 = VECTOR('',#6677,1.);
#6677 = DIRECTION('',(1.,0.,0.));
#6678 = ORIENTED_EDGE('',*,*,#6560,.F.);
#6679 = PLANE('',#6680);
#6680 = AXIS2_PLACEMENT_3D('',#6681,#6682,#6683);
#6681 = CARTESIAN_POINT('',(10.,7.15,6.5));
#6682 = DIRECTION('',(0.,-0.991835775307,-0.12752174254));
#6683 = DIRECTION('',(0.,0.12752174254,-0.991835775307));
#6684 = ADVANCED_FACE('',(#6685,#6689,#6714),#6724,.F.);
#6685 = FACE_BOUND('',#6686,.T.);
#6686 = EDGE_LOOP('',(#6687,#6688));
#6687 = ORIENTED_EDGE('',*,*,#6409,.F.);
#6688 = ORIENTED_EDGE('',*,*,#4993,.F.);
#6689 = FACE_BOUND('',#6690,.T.);
#6690 = EDGE_LOOP('',(#6691,#6699,#6707,#6713));
#6691 = ORIENTED_EDGE('',*,*,#6692,.T.);
#6692 = EDGE_CURVE('',#6569,#6693,#6695,.T.);
#6693 = VERTEX_POINT('',#6694);
#6694 = CARTESIAN_POINT('',(0.,6.436102000196,10.));
#6695 = LINE('',#6696,#6697);
#6696 = CARTESIAN_POINT('',(15.,6.436102000196,10.));
#6697 = VECTOR('',#6698,1.);
#6698 = DIRECTION('',(-1.,0.,0.));
#6699 = ORIENTED_EDGE('',*,*,#6700,.T.);
#6700 = EDGE_CURVE('',#6693,#6701,#6703,.T.);
#6701 = VERTEX_POINT('',#6702);
#6702 = CARTESIAN_POINT('',(0.,1.990236984239,10.));
#6703 = LINE('',#6704,#6705);
#6704 = CARTESIAN_POINT('',(0.,6.65,10.));
#6705 = VECTOR('',#6706,1.);
#6706 = DIRECTION('',(0.,-1.,0.));
#6707 = ORIENTED_EDGE('',*,*,#6708,.T.);
#6708 = EDGE_CURVE('',#6701,#6578,#6709,.T.);
#6709 = LINE('',#6710,#6711);
#6710 = CARTESIAN_POINT('',(15.,1.990236984239,10.));
#6711 = VECTOR('',#6712,1.);
#6712 = DIRECTION('',(1.,0.,0.));
#6713 = ORIENTED_EDGE('',*,*,#6577,.F.);
#6714 = FACE_BOUND('',#6715,.T.);
#6715 = EDGE_LOOP('',(#6716,#6723));
#6716 = ORIENTED_EDGE('',*,*,#6717,.F.);
#6717 = EDGE_CURVE('',#4744,#4752,#6718,.T.);
#6718 = CIRCLE('',#6719,1.75);
#6719 = AXIS2_PLACEMENT_3D('',#6720,#6721,#6722);
#6720 = CARTESIAN_POINT('',(2.5,4.25,10.));
#6721 = DIRECTION('',(0.,-3.675221047035E-15,1.));
#6722 = DIRECTION('',(0.,-1.,-3.675221047035E-15));
#6723 = ORIENTED_EDGE('',*,*,#4751,.F.);
#6724 = PLANE('',#6725);
#6725 = AXIS2_PLACEMENT_3D('',#6726,#6727,#6728);
#6726 = CARTESIAN_POINT('',(15.,6.65,10.));
#6727 = DIRECTION('',(0.,0.,-1.));
#6728 = DIRECTION('',(-1.,0.,0.));
#6729 = ADVANCED_FACE('',(#6730),#6755,.F.);
#6730 = FACE_BOUND('',#6731,.T.);
#6731 = EDGE_LOOP('',(#6732,#6740,#6748,#6754));
#6732 = ORIENTED_EDGE('',*,*,#6733,.T.);
#6733 = EDGE_CURVE('',#6586,#6734,#6736,.T.);
#6734 = VERTEX_POINT('',#6735);
#6735 = CARTESIAN_POINT('',(0.,1.71887929134,9.827925769509));
#6736 = LINE('',#6737,#6738);
#6737 = CARTESIAN_POINT('',(8.942559080255,1.71887929134,9.827925769509)
  );
#6738 = VECTOR('',#6739,1.);
#6739 = DIRECTION('',(-1.,0.,0.));
#6740 = ORIENTED_EDGE('',*,*,#6741,.T.);
#6741 = EDGE_CURVE('',#6734,#6742,#6744,.T.);
#6742 = VERTEX_POINT('',#6743);
#6743 = CARTESIAN_POINT('',(0.,0.197737178502,6.601260681671));
#6744 = LINE('',#6745,#6746);
#6745 = CARTESIAN_POINT('',(0.,1.8,10.));
#6746 = VECTOR('',#6747,1.);
#6747 = DIRECTION('',(0.,-0.426419231698,-0.904525642996));
#6748 = ORIENTED_EDGE('',*,*,#6749,.T.);
#6749 = EDGE_CURVE('',#6742,#6595,#6750,.T.);
#6750 = LINE('',#6751,#6752);
#6751 = CARTESIAN_POINT('',(10.,0.197737178502,6.601260681671));
#6752 = VECTOR('',#6753,1.);
#6753 = DIRECTION('',(1.,0.,0.));
#6754 = ORIENTED_EDGE('',*,*,#6594,.F.);
#6755 = PLANE('',#6756);
#6756 = AXIS2_PLACEMENT_3D('',#6757,#6758,#6759);
#6757 = CARTESIAN_POINT('',(10.,1.8,10.));
#6758 = DIRECTION('',(0.,0.904525642996,-0.426419231698));
#6759 = DIRECTION('',(0.,0.426419231698,0.904525642996));
#6760 = ADVANCED_FACE('',(#6761,#6822,#6826),#6836,.F.);
#6761 = FACE_BOUND('',#6762,.T.);
#6762 = EDGE_LOOP('',(#6763,#6771,#6779,#6787,#6795,#6803,#6811,#6817,
    #6818,#6819,#6820,#6821));
#6763 = ORIENTED_EDGE('',*,*,#6764,.T.);
#6764 = EDGE_CURVE('',#6612,#6765,#6767,.T.);
#6765 = VERTEX_POINT('',#6766);
#6766 = CARTESIAN_POINT('',(0.,0.15,-2.576321994025E-15));
#6767 = LINE('',#6768,#6769);
#6768 = CARTESIAN_POINT('',(15.,0.15,0.));
#6769 = VECTOR('',#6770,1.);
#6770 = DIRECTION('',(-1.,0.,0.));
#6771 = ORIENTED_EDGE('',*,*,#6772,.T.);
#6772 = EDGE_CURVE('',#6765,#6773,#6775,.T.);
#6773 = VERTEX_POINT('',#6774);
#6774 = CARTESIAN_POINT('',(0.,0.94,-7.728965982075E-15));
#6775 = LINE('',#6776,#6777);
#6776 = CARTESIAN_POINT('',(0.,0.,-2.576321994025E-15));
#6777 = VECTOR('',#6778,1.);
#6778 = DIRECTION('',(0.,1.,0.));
#6779 = ORIENTED_EDGE('',*,*,#6780,.F.);
#6780 = EDGE_CURVE('',#6781,#6773,#6783,.T.);
#6781 = VERTEX_POINT('',#6782);
#6782 = CARTESIAN_POINT('',(0.55,0.622457351946,-7.728965982075E-15));
#6783 = LINE('',#6784,#6785);
#6784 = CARTESIAN_POINT('',(0.355,0.735040654438,-7.728965982075E-15));
#6785 = VECTOR('',#6786,1.);
#6786 = DIRECTION('',(-0.866025403784,0.5,0.));
#6787 = ORIENTED_EDGE('',*,*,#6788,.F.);
#6788 = EDGE_CURVE('',#6789,#6781,#6791,.T.);
#6789 = VERTEX_POINT('',#6790);
#6790 = CARTESIAN_POINT('',(0.55,1.877542648054,-7.728965982075E-15));
#6791 = LINE('',#6792,#6793);
#6792 = CARTESIAN_POINT('',(0.55,1.65237604307,-7.728965982075E-15));
#6793 = VECTOR('',#6794,1.);
#6794 = DIRECTION('',(4.311199699515E-15,-1.,0.));
#6795 = ORIENTED_EDGE('',*,*,#6796,.F.);
#6796 = EDGE_CURVE('',#6797,#6789,#6799,.T.);
#6797 = VERTEX_POINT('',#6798);
#6798 = CARTESIAN_POINT('',(0.,1.56,-7.728965982075E-15));
#6799 = LINE('',#6800,#6801);
#6800 = CARTESIAN_POINT('',(0.,1.56,-7.728965982075E-15));
#6801 = VECTOR('',#6802,1.);
#6802 = DIRECTION('',(0.866025403785,0.5,0.));
#6803 = ORIENTED_EDGE('',*,*,#6804,.T.);
#6804 = EDGE_CURVE('',#6797,#6805,#6807,.T.);
#6805 = VERTEX_POINT('',#6806);
#6806 = CARTESIAN_POINT('',(0.,7.75,-2.576321994025E-15));
#6807 = LINE('',#6808,#6809);
#6808 = CARTESIAN_POINT('',(0.,0.,-2.576321994025E-15));
#6809 = VECTOR('',#6810,1.);
#6810 = DIRECTION('',(0.,1.,0.));
#6811 = ORIENTED_EDGE('',*,*,#6812,.F.);
#6812 = EDGE_CURVE('',#6528,#6805,#6813,.T.);
#6813 = LINE('',#6814,#6815);
#6814 = CARTESIAN_POINT('',(15.,7.75,0.));
#6815 = VECTOR('',#6816,1.);
#6816 = DIRECTION('',(-1.,0.,0.));
#6817 = ORIENTED_EDGE('',*,*,#6527,.F.);
#6818 = ORIENTED_EDGE('',*,*,#6500,.F.);
#6819 = ORIENTED_EDGE('',*,*,#6476,.F.);
#6820 = ORIENTED_EDGE('',*,*,#6445,.F.);
#6821 = ORIENTED_EDGE('',*,*,#6619,.F.);
#6822 = FACE_BOUND('',#6823,.T.);
#6823 = EDGE_LOOP('',(#6824,#6825));
#6824 = ORIENTED_EDGE('',*,*,#6428,.T.);
#6825 = ORIENTED_EDGE('',*,*,#4941,.T.);
#6826 = FACE_BOUND('',#6827,.T.);
#6827 = EDGE_LOOP('',(#6828,#6835));
#6828 = ORIENTED_EDGE('',*,*,#6829,.T.);
#6829 = EDGE_CURVE('',#4622,#4620,#6830,.T.);
#6830 = CIRCLE('',#6831,0.5);
#6831 = AXIS2_PLACEMENT_3D('',#6832,#6833,#6834);
#6832 = CARTESIAN_POINT('',(2.5,4.25,-7.780492421955E-15));
#6833 = DIRECTION('',(0.,0.,1.));
#6834 = DIRECTION('',(-1.,0.,0.));
#6835 = ORIENTED_EDGE('',*,*,#4619,.T.);
#6836 = PLANE('',#6837);
#6837 = AXIS2_PLACEMENT_3D('',#6838,#6839,#6840);
#6838 = CARTESIAN_POINT('',(15.,0.,0.));
#6839 = DIRECTION('',(0.,0.,1.));
#6840 = DIRECTION('',(1.,0.,-0.));
#6841 = ADVANCED_FACE('',(#6842),#6860,.F.);
#6842 = FACE_BOUND('',#6843,.T.);
#6843 = EDGE_LOOP('',(#6844,#6852,#6858,#6859));
#6844 = ORIENTED_EDGE('',*,*,#6845,.T.);
#6845 = EDGE_CURVE('',#6603,#6846,#6848,.T.);
#6846 = VERTEX_POINT('',#6847);
#6847 = CARTESIAN_POINT('',(0.,0.15,6.388051065821));
#6848 = LINE('',#6849,#6850);
#6849 = CARTESIAN_POINT('',(15.,0.15,6.388051065821));
#6850 = VECTOR('',#6851,1.);
#6851 = DIRECTION('',(-1.,0.,0.));
#6852 = ORIENTED_EDGE('',*,*,#6853,.T.);
#6853 = EDGE_CURVE('',#6846,#6765,#6854,.T.);
#6854 = LINE('',#6855,#6856);
#6855 = CARTESIAN_POINT('',(0.,0.15,6.7));
#6856 = VECTOR('',#6857,1.);
#6857 = DIRECTION('',(-5.15264398805E-16,0.,-1.));
#6858 = ORIENTED_EDGE('',*,*,#6764,.F.);
#6859 = ORIENTED_EDGE('',*,*,#6611,.F.);
#6860 = PLANE('',#6861);
#6861 = AXIS2_PLACEMENT_3D('',#6862,#6863,#6864);
#6862 = CARTESIAN_POINT('',(15.,0.15,6.7));
#6863 = DIRECTION('',(0.,1.,0.));
#6864 = DIRECTION('',(0.,-0.,1.));
#6865 = ADVANCED_FACE('',(#6866),#6878,.T.);
#6866 = FACE_BOUND('',#6867,.T.);
#6867 = EDGE_LOOP('',(#6868,#6869,#6876,#6877));
#6868 = ORIENTED_EDGE('',*,*,#6749,.F.);
#6869 = ORIENTED_EDGE('',*,*,#6870,.F.);
#6870 = EDGE_CURVE('',#6846,#6742,#6871,.T.);
#6871 = CIRCLE('',#6872,0.5);
#6872 = AXIS2_PLACEMENT_3D('',#6873,#6874,#6875);
#6873 = CARTESIAN_POINT('',(0.,0.65,6.388051065821));
#6874 = DIRECTION('',(-1.,0.,5.15264398805E-16));
#6875 = DIRECTION('',(-5.15264398805E-16,0.,-1.));
#6876 = ORIENTED_EDGE('',*,*,#6845,.F.);
#6877 = ORIENTED_EDGE('',*,*,#6602,.F.);
#6878 = CYLINDRICAL_SURFACE('',#6879,0.5);
#6879 = AXIS2_PLACEMENT_3D('',#6880,#6881,#6882);
#6880 = CARTESIAN_POINT('',(15.,0.65,6.388051065821));
#6881 = DIRECTION('',(-1.,0.,0.));
#6882 = DIRECTION('',(0.,0.,1.));
#6883 = ADVANCED_FACE('',(#6884),#6896,.T.);
#6884 = FACE_BOUND('',#6885,.T.);
#6885 = EDGE_LOOP('',(#6886,#6887,#6894,#6895));
#6886 = ORIENTED_EDGE('',*,*,#6708,.F.);
#6887 = ORIENTED_EDGE('',*,*,#6888,.F.);
#6888 = EDGE_CURVE('',#6734,#6701,#6889,.T.);
#6889 = CIRCLE('',#6890,0.3);
#6890 = AXIS2_PLACEMENT_3D('',#6891,#6892,#6893);
#6891 = CARTESIAN_POINT('',(0.,1.990236984239,9.7));
#6892 = DIRECTION('',(-1.,0.,5.15264398805E-16));
#6893 = DIRECTION('',(-5.15264398805E-16,0.,-1.));
#6894 = ORIENTED_EDGE('',*,*,#6733,.F.);
#6895 = ORIENTED_EDGE('',*,*,#6585,.F.);
#6896 = CYLINDRICAL_SURFACE('',#6897,0.3);
#6897 = AXIS2_PLACEMENT_3D('',#6898,#6899,#6900);
#6898 = CARTESIAN_POINT('',(15.,1.990236984239,9.7));
#6899 = DIRECTION('',(1.,0.,0.));
#6900 = DIRECTION('',(0.,0.,-1.));
#6901 = ADVANCED_FACE('',(#6902),#6914,.T.);
#6902 = FACE_BOUND('',#6903,.T.);
#6903 = EDGE_LOOP('',(#6904,#6905,#6912,#6913));
#6904 = ORIENTED_EDGE('',*,*,#6673,.F.);
#6905 = ORIENTED_EDGE('',*,*,#6906,.F.);
#6906 = EDGE_CURVE('',#6693,#6666,#6907,.T.);
#6907 = CIRCLE('',#6908,0.3);
#6908 = AXIS2_PLACEMENT_3D('',#6909,#6910,#6911);
#6909 = CARTESIAN_POINT('',(0.,6.436102000196,9.7));
#6910 = DIRECTION('',(-1.,0.,5.15264398805E-16));
#6911 = DIRECTION('',(-5.15264398805E-16,0.,-1.));
#6912 = ORIENTED_EDGE('',*,*,#6692,.F.);
#6913 = ORIENTED_EDGE('',*,*,#6568,.F.);
#6914 = CYLINDRICAL_SURFACE('',#6915,0.3);
#6915 = AXIS2_PLACEMENT_3D('',#6916,#6917,#6918);
#6916 = CARTESIAN_POINT('',(10.,6.436102000196,9.7));
#6917 = DIRECTION('',(1.,0.,0.));
#6918 = DIRECTION('',(0.,0.,-1.));
#6919 = ADVANCED_FACE('',(#6920),#6939,.T.);
#6920 = FACE_BOUND('',#6921,.T.);
#6921 = EDGE_LOOP('',(#6922,#6930,#6937,#6938));
#6922 = ORIENTED_EDGE('',*,*,#6923,.F.);
#6923 = EDGE_CURVE('',#6924,#6536,#6926,.T.);
#6924 = VERTEX_POINT('',#6925);
#6925 = CARTESIAN_POINT('',(0.,7.75,6.2));
#6926 = LINE('',#6927,#6928);
#6927 = CARTESIAN_POINT('',(15.,7.75,6.2));
#6928 = VECTOR('',#6929,1.);
#6929 = DIRECTION('',(1.,0.,0.));
#6930 = ORIENTED_EDGE('',*,*,#6931,.F.);
#6931 = EDGE_CURVE('',#6634,#6924,#6932,.T.);
#6932 = CIRCLE('',#6933,0.3);
#6933 = AXIS2_PLACEMENT_3D('',#6934,#6935,#6936);
#6934 = CARTESIAN_POINT('',(0.,7.45,6.2));
#6935 = DIRECTION('',(-1.,0.,5.15264398805E-16));
#6936 = DIRECTION('',(-5.15264398805E-16,0.,-1.));
#6937 = ORIENTED_EDGE('',*,*,#6633,.F.);
#6938 = ORIENTED_EDGE('',*,*,#6543,.F.);
#6939 = CYLINDRICAL_SURFACE('',#6940,0.3);
#6940 = AXIS2_PLACEMENT_3D('',#6941,#6942,#6943);
#6941 = CARTESIAN_POINT('',(10.,7.45,6.2));
#6942 = DIRECTION('',(-1.,0.,0.));
#6943 = DIRECTION('',(0.,0.,1.));
#6944 = ADVANCED_FACE('',(#6945,#6956,#6962),#6996,.F.);
#6945 = FACE_BOUND('',#6946,.T.);
#6946 = EDGE_LOOP('',(#6947,#6948,#6954,#6955));
#6947 = ORIENTED_EDGE('',*,*,#6812,.T.);
#6948 = ORIENTED_EDGE('',*,*,#6949,.T.);
#6949 = EDGE_CURVE('',#6805,#6924,#6950,.T.);
#6950 = LINE('',#6951,#6952);
#6951 = CARTESIAN_POINT('',(0.,7.75,2.576321994025E-15));
#6952 = VECTOR('',#6953,1.);
#6953 = DIRECTION('',(5.15264398805E-16,0.,1.));
#6954 = ORIENTED_EDGE('',*,*,#6923,.T.);
#6955 = ORIENTED_EDGE('',*,*,#6535,.F.);
#6956 = FACE_BOUND('',#6957,.T.);
#6957 = EDGE_LOOP('',(#6958,#6959,#6960,#6961));
#6958 = ORIENTED_EDGE('',*,*,#6393,.T.);
#6959 = ORIENTED_EDGE('',*,*,#6369,.T.);
#6960 = ORIENTED_EDGE('',*,*,#6354,.T.);
#6961 = ORIENTED_EDGE('',*,*,#6330,.T.);
#6962 = FACE_BOUND('',#6963,.T.);
#6963 = EDGE_LOOP('',(#6964,#6974,#6982,#6990));
#6964 = ORIENTED_EDGE('',*,*,#6965,.T.);
#6965 = EDGE_CURVE('',#6966,#6968,#6970,.T.);
#6966 = VERTEX_POINT('',#6967);
#6967 = CARTESIAN_POINT('',(0.25,7.75,5.9));
#6968 = VERTEX_POINT('',#6969);
#6969 = CARTESIAN_POINT('',(0.25,7.75,0.45));
#6970 = LINE('',#6971,#6972);
#6971 = CARTESIAN_POINT('',(0.25,7.75,0.65));
#6972 = VECTOR('',#6973,1.);
#6973 = DIRECTION('',(-5.15264398805E-16,0.,-1.));
#6974 = ORIENTED_EDGE('',*,*,#6975,.T.);
#6975 = EDGE_CURVE('',#6968,#6976,#6978,.T.);
#6976 = VERTEX_POINT('',#6977);
#6977 = CARTESIAN_POINT('',(4.75,7.75,0.45));
#6978 = LINE('',#6979,#6980);
#6979 = CARTESIAN_POINT('',(4.55,7.75,0.45));
#6980 = VECTOR('',#6981,1.);
#6981 = DIRECTION('',(1.,0.,-4.231032868236E-16));
#6982 = ORIENTED_EDGE('',*,*,#6983,.T.);
#6983 = EDGE_CURVE('',#6976,#6984,#6986,.T.);
#6984 = VERTEX_POINT('',#6985);
#6985 = CARTESIAN_POINT('',(4.75,7.75,5.9));
#6986 = LINE('',#6987,#6988);
#6987 = CARTESIAN_POINT('',(4.75,7.75,5.7));
#6988 = VECTOR('',#6989,1.);
#6989 = DIRECTION('',(1.717547996017E-16,0.,1.));
#6990 = ORIENTED_EDGE('',*,*,#6991,.T.);
#6991 = EDGE_CURVE('',#6984,#6966,#6992,.T.);
#6992 = LINE('',#6993,#6994);
#6993 = CARTESIAN_POINT('',(0.45,7.75,5.9));
#6994 = VECTOR('',#6995,1.);
#6995 = DIRECTION('',(-1.,0.,0.));
#6996 = PLANE('',#6997);
#6997 = AXIS2_PLACEMENT_3D('',#6998,#6999,#7000);
#6998 = CARTESIAN_POINT('',(15.,7.75,0.));
#6999 = DIRECTION('',(0.,-1.,0.));
#7000 = DIRECTION('',(0.,0.,-1.));
#7001 = ADVANCED_FACE('',(#7002),#7036,.T.);
#7002 = FACE_BOUND('',#7003,.T.);
#7003 = EDGE_LOOP('',(#7004,#7014,#7022,#7030));
#7004 = ORIENTED_EDGE('',*,*,#7005,.T.);
#7005 = EDGE_CURVE('',#7006,#7008,#7010,.T.);
#7006 = VERTEX_POINT('',#7007);
#7007 = CARTESIAN_POINT('',(4.55,7.25,0.65));
#7008 = VERTEX_POINT('',#7009);
#7009 = CARTESIAN_POINT('',(0.45,7.25,0.65));
#7010 = LINE('',#7011,#7012);
#7011 = CARTESIAN_POINT('',(0.45,7.25,0.65));
#7012 = VECTOR('',#7013,1.);
#7013 = DIRECTION('',(-1.,0.,4.231032868236E-16));
#7014 = ORIENTED_EDGE('',*,*,#7015,.F.);
#7015 = EDGE_CURVE('',#7016,#7008,#7018,.T.);
#7016 = VERTEX_POINT('',#7017);
#7017 = CARTESIAN_POINT('',(0.45,6.25,0.65));
#7018 = LINE('',#7019,#7020);
#7019 = CARTESIAN_POINT('',(0.45,2.2,0.65));
#7020 = VECTOR('',#7021,1.);
#7021 = DIRECTION('',(0.,1.,0.));
#7022 = ORIENTED_EDGE('',*,*,#7023,.T.);
#7023 = EDGE_CURVE('',#7016,#7024,#7026,.T.);
#7024 = VERTEX_POINT('',#7025);
#7025 = CARTESIAN_POINT('',(4.55,6.25,0.65));
#7026 = LINE('',#7027,#7028);
#7027 = CARTESIAN_POINT('',(14.55,6.25,0.65));
#7028 = VECTOR('',#7029,1.);
#7029 = DIRECTION('',(1.,0.,0.));
#7030 = ORIENTED_EDGE('',*,*,#7031,.T.);
#7031 = EDGE_CURVE('',#7024,#7006,#7032,.T.);
#7032 = LINE('',#7033,#7034);
#7033 = CARTESIAN_POINT('',(4.55,2.2,0.65));
#7034 = VECTOR('',#7035,1.);
#7035 = DIRECTION('',(0.,1.,0.));
#7036 = PLANE('',#7037);
#7037 = AXIS2_PLACEMENT_3D('',#7038,#7039,#7040);
#7038 = CARTESIAN_POINT('',(0.45,2.2,0.65));
#7039 = DIRECTION('',(4.231032868236E-16,0.,1.));
#7040 = DIRECTION('',(1.,0.,-4.231032868236E-16));
#7041 = ADVANCED_FACE('',(#7042),#7061,.T.);
#7042 = FACE_BOUND('',#7043,.T.);
#7043 = EDGE_LOOP('',(#7044,#7055));
#7044 = ORIENTED_EDGE('',*,*,#7045,.T.);
#7045 = EDGE_CURVE('',#7046,#7048,#7050,.T.);
#7046 = VERTEX_POINT('',#7047);
#7047 = CARTESIAN_POINT('',(3.856009966284,4.65,9.5));
#7048 = VERTEX_POINT('',#7049);
#7049 = CARTESIAN_POINT('',(1.143990033716,4.65,9.5));
#7050 = CIRCLE('',#7051,1.41377615932);
#7051 = AXIS2_PLACEMENT_3D('',#7052,#7053,#7054);
#7052 = CARTESIAN_POINT('',(2.5,4.25,9.5));
#7053 = DIRECTION('',(0.,0.,1.));
#7054 = DIRECTION('',(0.,-1.,0.));
#7055 = ORIENTED_EDGE('',*,*,#7056,.T.);
#7056 = EDGE_CURVE('',#7048,#7046,#7057,.T.);
#7057 = LINE('',#7058,#7059);
#7058 = CARTESIAN_POINT('',(0.8,4.65,9.5));
#7059 = VECTOR('',#7060,1.);
#7060 = DIRECTION('',(1.,2.232180943353E-16,0.));
#7061 = PLANE('',#7062);
#7062 = AXIS2_PLACEMENT_3D('',#7063,#7064,#7065);
#7063 = CARTESIAN_POINT('',(2.5,4.25,9.5));
#7064 = DIRECTION('',(0.,0.,1.));
#7065 = DIRECTION('',(0.,-1.,0.));
#7066 = ADVANCED_FACE('',(#7067),#7085,.T.);
#7067 = FACE_BOUND('',#7068,.T.);
#7068 = EDGE_LOOP('',(#7069,#7070,#7079));
#7069 = ORIENTED_EDGE('',*,*,#4915,.T.);
#7070 = ORIENTED_EDGE('',*,*,#7071,.T.);
#7071 = EDGE_CURVE('',#4907,#7072,#7074,.T.);
#7072 = VERTEX_POINT('',#7073);
#7073 = CARTESIAN_POINT('',(3.856009966284,3.85,9.5));
#7074 = CIRCLE('',#7075,1.41377615932);
#7075 = AXIS2_PLACEMENT_3D('',#7076,#7077,#7078);
#7076 = CARTESIAN_POINT('',(2.5,4.25,9.5));
#7077 = DIRECTION('',(0.,0.,1.));
#7078 = DIRECTION('',(0.,-1.,0.));
#7079 = ORIENTED_EDGE('',*,*,#7080,.T.);
#7080 = EDGE_CURVE('',#7072,#4916,#7081,.T.);
#7081 = LINE('',#7082,#7083);
#7082 = CARTESIAN_POINT('',(4.2,3.85,9.5));
#7083 = VECTOR('',#7084,1.);
#7084 = DIRECTION('',(-1.,-5.580452358381E-16,0.));
#7085 = PLANE('',#7086);
#7086 = AXIS2_PLACEMENT_3D('',#7087,#7088,#7089);
#7087 = CARTESIAN_POINT('',(2.5,4.25,9.5));
#7088 = DIRECTION('',(0.,0.,1.));
#7089 = DIRECTION('',(0.,-1.,0.));
#7090 = ADVANCED_FACE('',(#7091),#7122,.T.);
#7091 = FACE_BOUND('',#7092,.T.);
#7092 = EDGE_LOOP('',(#7093,#7094,#7103,#7104,#7115));
#7093 = ORIENTED_EDGE('',*,*,#4827,.F.);
#7094 = ORIENTED_EDGE('',*,*,#7095,.T.);
#7095 = EDGE_CURVE('',#4828,#7048,#7096,.T.);
#7096 = B_SPLINE_CURVE_WITH_KNOTS('',3,(#7097,#7098,#7099,#7100,#7101,
    #7102),.UNSPECIFIED.,.F.,.F.,(4,2,4),(5.339076512604E-18,
    1.520665957082E-04,3.041331914164E-04),.UNSPECIFIED.);
#7097 = CARTESIAN_POINT('',(0.937107388569,4.65,9.314249409998));
#7098 = CARTESIAN_POINT('',(0.94088909988,4.65,9.365540160508));
#7099 = CARTESIAN_POINT('',(0.965707655754,4.65,9.413932751394));
#7100 = CARTESIAN_POINT('',(1.04186856831,4.65,9.481228347016));
#7101 = CARTESIAN_POINT('',(1.092610859955,4.65,9.5));
#7102 = CARTESIAN_POINT('',(1.143990033716,4.65,9.5));
#7103 = ORIENTED_EDGE('',*,*,#7045,.F.);
#7104 = ORIENTED_EDGE('',*,*,#7105,.T.);
#7105 = EDGE_CURVE('',#7046,#7106,#7108,.T.);
#7106 = VERTEX_POINT('',#7107);
#7107 = CARTESIAN_POINT('',(4.062892611431,4.65,9.314249409998));
#7108 = B_SPLINE_CURVE_WITH_KNOTS('',3,(#7109,#7110,#7111,#7112,#7113,
    #7114),.UNSPECIFIED.,.F.,.F.,(4,2,4),(1.734723475977E-18,
    1.521198112225E-04,3.042396224449E-04),.UNSPECIFIED.);
#7109 = CARTESIAN_POINT('',(3.856009966284,4.65,9.5));
#7110 = CARTESIAN_POINT('',(3.907431421379,4.65,9.5));
#7111 = CARTESIAN_POINT('',(3.957786553235,4.65,9.481490714224));
#7112 = CARTESIAN_POINT('',(4.0344476046,4.65,9.413837825582));
#7113 = CARTESIAN_POINT('',(4.05910722065,4.65,9.365590064581));
#7114 = CARTESIAN_POINT('',(4.062892611431,4.65,9.314249409998));
#7115 = ORIENTED_EDGE('',*,*,#7116,.F.);
#7116 = EDGE_CURVE('',#4830,#7106,#7117,.T.);
#7117 = CIRCLE('',#7118,1.613267899286);
#7118 = AXIS2_PLACEMENT_3D('',#7119,#7120,#7121);
#7119 = CARTESIAN_POINT('',(2.5,4.25,9.314249409998));
#7120 = DIRECTION('',(0.,0.,-1.));
#7121 = DIRECTION('',(0.,-1.,0.));
#7122 = TOROIDAL_SURFACE('',#7123,1.41377615932,0.2);
#7123 = AXIS2_PLACEMENT_3D('',#7124,#7125,#7126);
#7124 = CARTESIAN_POINT('',(2.5,4.25,9.3));
#7125 = DIRECTION('',(0.,0.,1.));
#7126 = DIRECTION('',(0.,-1.,0.));
#7127 = ADVANCED_FACE('',(#7128),#7151,.T.);
#7128 = FACE_BOUND('',#7129,.T.);
#7129 = EDGE_LOOP('',(#7130,#7138,#7147,#7148,#7149,#7150));
#7130 = ORIENTED_EDGE('',*,*,#7131,.T.);
#7131 = EDGE_CURVE('',#4880,#7132,#7134,.T.);
#7132 = VERTEX_POINT('',#7133);
#7133 = CARTESIAN_POINT('',(4.100781059358,4.65,8.8));
#7134 = LINE('',#7135,#7136);
#7135 = CARTESIAN_POINT('',(0.8,4.65,8.8));
#7136 = VECTOR('',#7137,1.);
#7137 = DIRECTION('',(1.,2.232180943353E-16,0.));
#7138 = ORIENTED_EDGE('',*,*,#7139,.F.);
#7139 = EDGE_CURVE('',#7106,#7132,#7140,.T.);
#7140 = B_SPLINE_CURVE_WITH_KNOTS('',3,(#7141,#7142,#7143,#7144,#7145,
    #7146),.UNSPECIFIED.,.F.,.F.,(4,2,4),(0.,0.455603274493,1.),
  .UNSPECIFIED.);
#7141 = CARTESIAN_POINT('',(4.062892611431,4.65,9.314249409998));
#7142 = CARTESIAN_POINT('',(4.06865081475,4.65,9.236151811974));
#7143 = CARTESIAN_POINT('',(4.074407072549,4.65,9.158054070484));
#7144 = CARTESIAN_POINT('',(4.087037305134,4.65,8.98663765568));
#7145 = CARTESIAN_POINT('',(4.093910474794,4.65,8.893318922984));
#7146 = CARTESIAN_POINT('',(4.100781059358,4.65,8.8));
#7147 = ORIENTED_EDGE('',*,*,#7105,.F.);
#7148 = ORIENTED_EDGE('',*,*,#7056,.F.);
#7149 = ORIENTED_EDGE('',*,*,#7095,.F.);
#7150 = ORIENTED_EDGE('',*,*,#4888,.F.);
#7151 = PLANE('',#7152);
#7152 = AXIS2_PLACEMENT_3D('',#7153,#7154,#7155);
#7153 = CARTESIAN_POINT('',(0.8,4.65,8.8));
#7154 = DIRECTION('',(2.232180943353E-16,-1.,0.));
#7155 = DIRECTION('',(1.,2.232180943353E-16,0.));
#7156 = ADVANCED_FACE('',(#7157),#7176,.F.);
#7157 = FACE_BOUND('',#7158,.T.);
#7158 = EDGE_LOOP('',(#7159,#7160,#7168,#7175));
#7159 = ORIENTED_EDGE('',*,*,#4879,.T.);
#7160 = ORIENTED_EDGE('',*,*,#7161,.F.);
#7161 = EDGE_CURVE('',#7162,#4869,#7164,.T.);
#7162 = VERTEX_POINT('',#7163);
#7163 = CARTESIAN_POINT('',(4.100781059358,3.85,8.8));
#7164 = LINE('',#7165,#7166);
#7165 = CARTESIAN_POINT('',(4.2,3.85,8.8));
#7166 = VECTOR('',#7167,1.);
#7167 = DIRECTION('',(-1.,-5.580452358381E-16,0.));
#7168 = ORIENTED_EDGE('',*,*,#7169,.T.);
#7169 = EDGE_CURVE('',#7162,#7132,#7170,.T.);
#7170 = CIRCLE('',#7171,1.65);
#7171 = AXIS2_PLACEMENT_3D('',#7172,#7173,#7174);
#7172 = CARTESIAN_POINT('',(2.5,4.25,8.8));
#7173 = DIRECTION('',(0.,-0.,1.));
#7174 = DIRECTION('',(0.,1.,0.));
#7175 = ORIENTED_EDGE('',*,*,#7131,.F.);
#7176 = PLANE('',#7177);
#7177 = AXIS2_PLACEMENT_3D('',#7178,#7179,#7180);
#7178 = CARTESIAN_POINT('',(0.8,3.85,8.8));
#7179 = DIRECTION('',(0.,0.,-1.));
#7180 = DIRECTION('',(0.,1.,0.));
#7181 = ADVANCED_FACE('',(#7182),#7208,.T.);
#7182 = FACE_BOUND('',#7183,.T.);
#7183 = EDGE_LOOP('',(#7184,#7185,#7186,#7197,#7206,#7207));
#7184 = ORIENTED_EDGE('',*,*,#4924,.F.);
#7185 = ORIENTED_EDGE('',*,*,#7080,.F.);
#7186 = ORIENTED_EDGE('',*,*,#7187,.F.);
#7187 = EDGE_CURVE('',#7188,#7072,#7190,.T.);
#7188 = VERTEX_POINT('',#7189);
#7189 = CARTESIAN_POINT('',(4.062892611435,3.85,9.314249409999));
#7190 = B_SPLINE_CURVE_WITH_KNOTS('',3,(#7191,#7192,#7193,#7194,#7195,
    #7196),.UNSPECIFIED.,.F.,.F.,(4,2,4),(5.719861026451E-16,
    1.520665957078E-04,3.04133191415E-04),.UNSPECIFIED.);
#7191 = CARTESIAN_POINT('',(4.062892611435,3.85,9.314249409999));
#7192 = CARTESIAN_POINT('',(4.05911090012,3.85,9.365540160509));
#7193 = CARTESIAN_POINT('',(4.034292344245,3.85,9.413932751395));
#7194 = CARTESIAN_POINT('',(3.958131431689,3.85,9.481228347016));
#7195 = CARTESIAN_POINT('',(3.907389140045,3.85,9.5));
#7196 = CARTESIAN_POINT('',(3.856009966284,3.85,9.5));
#7197 = ORIENTED_EDGE('',*,*,#7198,.F.);
#7198 = EDGE_CURVE('',#7162,#7188,#7199,.T.);
#7199 = B_SPLINE_CURVE_WITH_KNOTS('',3,(#7200,#7201,#7202,#7203,#7204,
    #7205),.UNSPECIFIED.,.F.,.F.,(4,2,4),(0.,0.544396723562,1.),
  .UNSPECIFIED.);
#7200 = CARTESIAN_POINT('',(4.100781059358,3.85,8.8));
#7201 = CARTESIAN_POINT('',(4.093910474794,3.85,8.893318922984));
#7202 = CARTESIAN_POINT('',(4.087037305134,3.85,8.98663765568));
#7203 = CARTESIAN_POINT('',(4.074407072549,3.85,9.158054070484));
#7204 = CARTESIAN_POINT('',(4.068650814758,3.85,9.236151811976));
#7205 = CARTESIAN_POINT('',(4.062892611435,3.85,9.314249409999));
#7206 = ORIENTED_EDGE('',*,*,#7161,.T.);
#7207 = ORIENTED_EDGE('',*,*,#4868,.F.);
#7208 = PLANE('',#7209);
#7209 = AXIS2_PLACEMENT_3D('',#7210,#7211,#7212);
#7210 = CARTESIAN_POINT('',(4.2,3.85,8.8));
#7211 = DIRECTION('',(-5.580452358381E-16,1.,0.));
#7212 = DIRECTION('',(-1.,-5.580452358381E-16,0.));
#7213 = ADVANCED_FACE('',(#7214),#7226,.T.);
#7214 = FACE_BOUND('',#7215,.T.);
#7215 = EDGE_LOOP('',(#7216,#7217,#7224,#7225));
#7216 = ORIENTED_EDGE('',*,*,#4906,.F.);
#7217 = ORIENTED_EDGE('',*,*,#7218,.F.);
#7218 = EDGE_CURVE('',#7188,#4852,#7219,.T.);
#7219 = CIRCLE('',#7220,1.613267899286);
#7220 = AXIS2_PLACEMENT_3D('',#7221,#7222,#7223);
#7221 = CARTESIAN_POINT('',(2.5,4.25,9.314249409998));
#7222 = DIRECTION('',(0.,0.,-1.));
#7223 = DIRECTION('',(0.,-1.,0.));
#7224 = ORIENTED_EDGE('',*,*,#7187,.T.);
#7225 = ORIENTED_EDGE('',*,*,#7071,.F.);
#7226 = TOROIDAL_SURFACE('',#7227,1.41377615932,0.2);
#7227 = AXIS2_PLACEMENT_3D('',#7228,#7229,#7230);
#7228 = CARTESIAN_POINT('',(2.5,4.25,9.3));
#7229 = DIRECTION('',(0.,0.,1.));
#7230 = DIRECTION('',(0.,-1.,0.));
#7231 = ADVANCED_FACE('',(#7232),#7242,.T.);
#7232 = FACE_BOUND('',#7233,.T.);
#7233 = EDGE_LOOP('',(#7234,#7235,#7236,#7237,#7238,#7239,#7240,#7241));
#7234 = ORIENTED_EDGE('',*,*,#4838,.F.);
#7235 = ORIENTED_EDGE('',*,*,#7116,.T.);
#7236 = ORIENTED_EDGE('',*,*,#7139,.T.);
#7237 = ORIENTED_EDGE('',*,*,#7169,.F.);
#7238 = ORIENTED_EDGE('',*,*,#7198,.T.);
#7239 = ORIENTED_EDGE('',*,*,#7218,.T.);
#7240 = ORIENTED_EDGE('',*,*,#4851,.T.);
#7241 = ORIENTED_EDGE('',*,*,#4803,.T.);
#7242 = CONICAL_SURFACE('',#7243,1.6,7.130746470381E-02);
#7243 = AXIS2_PLACEMENT_3D('',#7244,#7245,#7246);
#7244 = CARTESIAN_POINT('',(2.5,4.25,9.5));
#7245 = DIRECTION('',(0.,0.,-1.));
#7246 = DIRECTION('',(0.,-1.,0.));
#7247 = ADVANCED_FACE('',(#7248),#7260,.T.);
#7248 = FACE_BOUND('',#7249,.T.);
#7249 = EDGE_LOOP('',(#7250,#7251,#7258,#7259));
#7250 = ORIENTED_EDGE('',*,*,#4794,.F.);
#7251 = ORIENTED_EDGE('',*,*,#7252,.F.);
#7252 = EDGE_CURVE('',#4786,#4784,#7253,.T.);
#7253 = CIRCLE('',#7254,1.6);
#7254 = AXIS2_PLACEMENT_3D('',#7255,#7256,#7257);
#7255 = CARTESIAN_POINT('',(2.5,4.25,8.));
#7256 = DIRECTION('',(0.,0.,-1.));
#7257 = DIRECTION('',(0.,-1.,0.));
#7258 = ORIENTED_EDGE('',*,*,#4812,.T.);
#7259 = ORIENTED_EDGE('',*,*,#4844,.F.);
#7260 = TOROIDAL_SURFACE('',#7261,1.6,0.1);
#7261 = AXIS2_PLACEMENT_3D('',#7262,#7263,#7264);
#7262 = CARTESIAN_POINT('',(2.5,4.25,8.1));
#7263 = DIRECTION('',(0.,0.,1.));
#7264 = DIRECTION('',(0.,-1.,0.));
#7265 = ADVANCED_FACE('',(#7266,#7270),#7280,.T.);
#7266 = FACE_BOUND('',#7267,.T.);
#7267 = EDGE_LOOP('',(#7268,#7269));
#7268 = ORIENTED_EDGE('',*,*,#7252,.T.);
#7269 = ORIENTED_EDGE('',*,*,#4783,.T.);
#7270 = FACE_BOUND('',#7271,.T.);
#7271 = EDGE_LOOP('',(#7272,#7273));
#7272 = ORIENTED_EDGE('',*,*,#4768,.F.);
#7273 = ORIENTED_EDGE('',*,*,#7274,.F.);
#7274 = EDGE_CURVE('',#4761,#4742,#7275,.T.);
#7275 = CIRCLE('',#7276,1.75);
#7276 = AXIS2_PLACEMENT_3D('',#7277,#7278,#7279);
#7277 = CARTESIAN_POINT('',(2.5,4.25,8.));
#7278 = DIRECTION('',(0.,0.,-1.));
#7279 = DIRECTION('',(1.,0.,0.));
#7280 = PLANE('',#7281);
#7281 = AXIS2_PLACEMENT_3D('',#7282,#7283,#7284);
#7282 = CARTESIAN_POINT('',(144.045,0.878960336775,8.));
#7283 = DIRECTION('',(0.,0.,1.));
#7284 = DIRECTION('',(1.,0.,-0.));
#7285 = ADVANCED_FACE('',(#7286),#7292,.F.);
#7286 = FACE_BOUND('',#7287,.F.);
#7287 = EDGE_LOOP('',(#7288,#7289,#7290,#7291));
#7288 = ORIENTED_EDGE('',*,*,#6717,.F.);
#7289 = ORIENTED_EDGE('',*,*,#4741,.F.);
#7290 = ORIENTED_EDGE('',*,*,#7274,.F.);
#7291 = ORIENTED_EDGE('',*,*,#4760,.T.);
#7292 = CYLINDRICAL_SURFACE('',#7293,1.75);
#7293 = AXIS2_PLACEMENT_3D('',#7294,#7295,#7296);
#7294 = CARTESIAN_POINT('',(2.5,4.25,10.));
#7295 = DIRECTION('',(0.,-3.675221047035E-15,1.));
#7296 = DIRECTION('',(0.,-1.,-3.675221047035E-15));
#7297 = ADVANCED_FACE('',(#7298),#7332,.T.);
#7298 = FACE_BOUND('',#7299,.T.);
#7299 = EDGE_LOOP('',(#7300,#7310,#7318,#7326));
#7300 = ORIENTED_EDGE('',*,*,#7301,.T.);
#7301 = EDGE_CURVE('',#7302,#7304,#7306,.T.);
#7302 = VERTEX_POINT('',#7303);
#7303 = CARTESIAN_POINT('',(0.,1.56,6.2));
#7304 = VERTEX_POINT('',#7305);
#7305 = CARTESIAN_POINT('',(0.55,1.877542648054,6.2));
#7306 = LINE('',#7307,#7308);
#7307 = CARTESIAN_POINT('',(0.,1.56,6.2));
#7308 = VECTOR('',#7309,1.);
#7309 = DIRECTION('',(0.866025403785,0.5,0.));
#7310 = ORIENTED_EDGE('',*,*,#7311,.T.);
#7311 = EDGE_CURVE('',#7304,#7312,#7314,.T.);
#7312 = VERTEX_POINT('',#7313);
#7313 = CARTESIAN_POINT('',(0.55,0.622457351946,6.2));
#7314 = LINE('',#7315,#7316);
#7315 = CARTESIAN_POINT('',(0.55,1.65237604307,6.2));
#7316 = VECTOR('',#7317,1.);
#7317 = DIRECTION('',(4.311199699515E-15,-1.,0.));
#7318 = ORIENTED_EDGE('',*,*,#7319,.T.);
#7319 = EDGE_CURVE('',#7312,#7320,#7322,.T.);
#7320 = VERTEX_POINT('',#7321);
#7321 = CARTESIAN_POINT('',(0.,0.94,6.2));
#7322 = LINE('',#7323,#7324);
#7323 = CARTESIAN_POINT('',(0.355,0.735040654438,6.2));
#7324 = VECTOR('',#7325,1.);
#7325 = DIRECTION('',(-0.866025403784,0.5,0.));
#7326 = ORIENTED_EDGE('',*,*,#7327,.T.);
#7327 = EDGE_CURVE('',#7320,#7302,#7328,.T.);
#7328 = LINE('',#7329,#7330);
#7329 = CARTESIAN_POINT('',(0.,0.94,6.2));
#7330 = VECTOR('',#7331,1.);
#7331 = DIRECTION('',(0.,1.,0.));
#7332 = PLANE('',#7333);
#7333 = AXIS2_PLACEMENT_3D('',#7334,#7335,#7336);
#7334 = CARTESIAN_POINT('',(0.42,1.65237604307,6.2));
#7335 = DIRECTION('',(0.,0.,-1.));
#7336 = DIRECTION('',(-1.,0.,0.));
#7337 = ADVANCED_FACE('',(#7338),#7354,.F.);
#7338 = FACE_BOUND('',#7339,.T.);
#7339 = EDGE_LOOP('',(#7340,#7341,#7347,#7348));
#7340 = ORIENTED_EDGE('',*,*,#7311,.F.);
#7341 = ORIENTED_EDGE('',*,*,#7342,.T.);
#7342 = EDGE_CURVE('',#7304,#6789,#7343,.T.);
#7343 = LINE('',#7344,#7345);
#7344 = CARTESIAN_POINT('',(0.55,1.877542648054,6.2));
#7345 = VECTOR('',#7346,1.);
#7346 = DIRECTION('',(0.,0.,-1.));
#7347 = ORIENTED_EDGE('',*,*,#6788,.T.);
#7348 = ORIENTED_EDGE('',*,*,#7349,.F.);
#7349 = EDGE_CURVE('',#7312,#6781,#7350,.T.);
#7350 = LINE('',#7351,#7352);
#7351 = CARTESIAN_POINT('',(0.55,0.622457351946,6.2));
#7352 = VECTOR('',#7353,1.);
#7353 = DIRECTION('',(0.,0.,-1.));
#7354 = PLANE('',#7355);
#7355 = AXIS2_PLACEMENT_3D('',#7356,#7357,#7358);
#7356 = CARTESIAN_POINT('',(0.55,1.65237604307,6.2));
#7357 = DIRECTION('',(1.,4.311199699515E-15,0.));
#7358 = DIRECTION('',(-4.311199699515E-15,1.,0.));
#7359 = ADVANCED_FACE('',(#7360),#7394,.T.);
#7360 = FACE_BOUND('',#7361,.T.);
#7361 = EDGE_LOOP('',(#7362,#7372,#7380,#7388));
#7362 = ORIENTED_EDGE('',*,*,#7363,.F.);
#7363 = EDGE_CURVE('',#7364,#7366,#7368,.T.);
#7364 = VERTEX_POINT('',#7365);
#7365 = CARTESIAN_POINT('',(4.55,6.25,5.7));
#7366 = VERTEX_POINT('',#7367);
#7367 = CARTESIAN_POINT('',(4.55,7.25,5.7));
#7368 = LINE('',#7369,#7370);
#7369 = CARTESIAN_POINT('',(4.55,2.2,5.7));
#7370 = VECTOR('',#7371,1.);
#7371 = DIRECTION('',(0.,1.,0.));
#7372 = ORIENTED_EDGE('',*,*,#7373,.T.);
#7373 = EDGE_CURVE('',#7364,#7374,#7376,.T.);
#7374 = VERTEX_POINT('',#7375);
#7375 = CARTESIAN_POINT('',(0.45,6.25,5.7));
#7376 = LINE('',#7377,#7378);
#7377 = CARTESIAN_POINT('',(0.45,6.25,5.7));
#7378 = VECTOR('',#7379,1.);
#7379 = DIRECTION('',(-1.,0.,0.));
#7380 = ORIENTED_EDGE('',*,*,#7381,.T.);
#7381 = EDGE_CURVE('',#7374,#7382,#7384,.T.);
#7382 = VERTEX_POINT('',#7383);
#7383 = CARTESIAN_POINT('',(0.45,7.25,5.7));
#7384 = LINE('',#7385,#7386);
#7385 = CARTESIAN_POINT('',(0.45,2.2,5.7));
#7386 = VECTOR('',#7387,1.);
#7387 = DIRECTION('',(0.,1.,0.));
#7388 = ORIENTED_EDGE('',*,*,#7389,.T.);
#7389 = EDGE_CURVE('',#7382,#7366,#7390,.T.);
#7390 = LINE('',#7391,#7392);
#7391 = CARTESIAN_POINT('',(4.55,7.25,5.7));
#7392 = VECTOR('',#7393,1.);
#7393 = DIRECTION('',(1.,0.,0.));
#7394 = PLANE('',#7395);
#7395 = AXIS2_PLACEMENT_3D('',#7396,#7397,#7398);
#7396 = CARTESIAN_POINT('',(4.55,2.2,5.7));
#7397 = DIRECTION('',(0.,0.,-1.));
#7398 = DIRECTION('',(-1.,0.,0.));
#7399 = ADVANCED_FACE('',(#7400),#7416,.T.);
#7400 = FACE_BOUND('',#7401,.T.);
#7401 = EDGE_LOOP('',(#7402,#7403,#7409,#7410));
#7402 = ORIENTED_EDGE('',*,*,#6975,.F.);
#7403 = ORIENTED_EDGE('',*,*,#7404,.F.);
#7404 = EDGE_CURVE('',#7008,#6968,#7405,.T.);
#7405 = LINE('',#7406,#7407);
#7406 = CARTESIAN_POINT('',(3.856060606061,-1.265151515151,
    4.056060606061));
#7407 = VECTOR('',#7408,1.);
#7408 = DIRECTION('',(-0.348155311911,0.870388279778,-0.348155311911));
#7409 = ORIENTED_EDGE('',*,*,#7005,.F.);
#7410 = ORIENTED_EDGE('',*,*,#7411,.F.);
#7411 = EDGE_CURVE('',#6976,#7006,#7412,.T.);
#7412 = LINE('',#7413,#7414);
#7413 = CARTESIAN_POINT('',(4.804545454545,7.886363636364,0.395454545455
    ));
#7414 = VECTOR('',#7415,1.);
#7415 = DIRECTION('',(-0.348155311911,-0.870388279778,0.348155311911));
#7416 = PLANE('',#7417);
#7417 = AXIS2_PLACEMENT_3D('',#7418,#7419,#7420);
#7418 = CARTESIAN_POINT('',(30.,7.75,0.45));
#7419 = DIRECTION('',(3.928415396527E-16,0.371390676354,0.928476690885)
  );
#7420 = DIRECTION('',(0.,-0.928476690885,0.371390676354));
#7421 = ADVANCED_FACE('',(#7422),#7438,.T.);
#7422 = FACE_BOUND('',#7423,.T.);
#7423 = EDGE_LOOP('',(#7424,#7430,#7431,#7437));
#7424 = ORIENTED_EDGE('',*,*,#7425,.T.);
#7425 = EDGE_CURVE('',#7024,#7364,#7426,.T.);
#7426 = LINE('',#7427,#7428);
#7427 = CARTESIAN_POINT('',(4.55,6.25,0.75));
#7428 = VECTOR('',#7429,1.);
#7429 = DIRECTION('',(1.717547996017E-16,0.,1.));
#7430 = ORIENTED_EDGE('',*,*,#7363,.T.);
#7431 = ORIENTED_EDGE('',*,*,#7432,.T.);
#7432 = EDGE_CURVE('',#7366,#7006,#7433,.T.);
#7433 = LINE('',#7434,#7435);
#7434 = CARTESIAN_POINT('',(4.55,7.25,0.65));
#7435 = VECTOR('',#7436,1.);
#7436 = DIRECTION('',(-1.717547996017E-16,0.,-1.));
#7437 = ORIENTED_EDGE('',*,*,#7031,.F.);
#7438 = PLANE('',#7439);
#7439 = AXIS2_PLACEMENT_3D('',#7440,#7441,#7442);
#7440 = CARTESIAN_POINT('',(4.55,2.2,0.75));
#7441 = DIRECTION('',(-1.,0.,1.717547996017E-16));
#7442 = DIRECTION('',(1.717547996017E-16,0.,1.));
#7443 = ADVANCED_FACE('',(#7444),#7460,.T.);
#7444 = FACE_BOUND('',#7445,.T.);
#7445 = EDGE_LOOP('',(#7446,#7452,#7453,#7459));
#7446 = ORIENTED_EDGE('',*,*,#7447,.T.);
#7447 = EDGE_CURVE('',#7374,#7016,#7448,.T.);
#7448 = LINE('',#7449,#7450);
#7449 = CARTESIAN_POINT('',(0.45,6.25,0.65));
#7450 = VECTOR('',#7451,1.);
#7451 = DIRECTION('',(0.,0.,-1.));
#7452 = ORIENTED_EDGE('',*,*,#7015,.T.);
#7453 = ORIENTED_EDGE('',*,*,#7454,.T.);
#7454 = EDGE_CURVE('',#7008,#7382,#7455,.T.);
#7455 = LINE('',#7456,#7457);
#7456 = CARTESIAN_POINT('',(0.45,7.25,5.7));
#7457 = VECTOR('',#7458,1.);
#7458 = DIRECTION('',(5.15264398805E-16,0.,1.));
#7459 = ORIENTED_EDGE('',*,*,#7381,.F.);
#7460 = PLANE('',#7461);
#7461 = AXIS2_PLACEMENT_3D('',#7462,#7463,#7464);
#7462 = CARTESIAN_POINT('',(0.45,2.2,5.8));
#7463 = DIRECTION('',(1.,0.,-5.15264398805E-16));
#7464 = DIRECTION('',(-5.15264398805E-16,0.,-1.));
#7465 = ADVANCED_FACE('',(#7466),#7493,.F.);
#7466 = FACE_BOUND('',#7467,.T.);
#7467 = EDGE_LOOP('',(#7468,#7469,#7475,#7476,#7477,#7478,#7479,#7480,
    #7481,#7482,#7483,#7484,#7485,#7486,#7487));
#7468 = ORIENTED_EDGE('',*,*,#7327,.F.);
#7469 = ORIENTED_EDGE('',*,*,#7470,.T.);
#7470 = EDGE_CURVE('',#7320,#6773,#7471,.T.);
#7471 = LINE('',#7472,#7473);
#7472 = CARTESIAN_POINT('',(0.,0.94,6.2));
#7473 = VECTOR('',#7474,1.);
#7474 = DIRECTION('',(0.,0.,-1.));
#7475 = ORIENTED_EDGE('',*,*,#6772,.F.);
#7476 = ORIENTED_EDGE('',*,*,#6853,.F.);
#7477 = ORIENTED_EDGE('',*,*,#6870,.T.);
#7478 = ORIENTED_EDGE('',*,*,#6741,.F.);
#7479 = ORIENTED_EDGE('',*,*,#6888,.T.);
#7480 = ORIENTED_EDGE('',*,*,#6700,.F.);
#7481 = ORIENTED_EDGE('',*,*,#6906,.T.);
#7482 = ORIENTED_EDGE('',*,*,#6665,.F.);
#7483 = ORIENTED_EDGE('',*,*,#6641,.F.);
#7484 = ORIENTED_EDGE('',*,*,#6931,.T.);
#7485 = ORIENTED_EDGE('',*,*,#6949,.F.);
#7486 = ORIENTED_EDGE('',*,*,#6804,.F.);
#7487 = ORIENTED_EDGE('',*,*,#7488,.F.);
#7488 = EDGE_CURVE('',#7302,#6797,#7489,.T.);
#7489 = LINE('',#7490,#7491);
#7490 = CARTESIAN_POINT('',(0.,1.56,6.2));
#7491 = VECTOR('',#7492,1.);
#7492 = DIRECTION('',(0.,0.,-1.));
#7493 = PLANE('',#7494);
#7494 = AXIS2_PLACEMENT_3D('',#7495,#7496,#7497);
#7495 = CARTESIAN_POINT('',(0.,4.9,3.275));
#7496 = DIRECTION('',(1.,0.,-5.15264398805E-16));
#7497 = DIRECTION('',(-5.15264398805E-16,0.,-1.));
#7498 = ADVANCED_FACE('',(#7499),#7510,.T.);
#7499 = FACE_BOUND('',#7500,.T.);
#7500 = EDGE_LOOP('',(#7501,#7502,#7503,#7509));
#7501 = ORIENTED_EDGE('',*,*,#7411,.T.);
#7502 = ORIENTED_EDGE('',*,*,#7432,.F.);
#7503 = ORIENTED_EDGE('',*,*,#7504,.F.);
#7504 = EDGE_CURVE('',#6984,#7366,#7505,.T.);
#7505 = LINE('',#7506,#7507);
#7506 = CARTESIAN_POINT('',(7.810606060606,15.401515151515,
    8.960606060606));
#7507 = VECTOR('',#7508,1.);
#7508 = DIRECTION('',(-0.348155311911,-0.870388279778,-0.348155311911));
#7509 = ORIENTED_EDGE('',*,*,#6983,.F.);
#7510 = PLANE('',#7511);
#7511 = AXIS2_PLACEMENT_3D('',#7512,#7513,#7514);
#7512 = CARTESIAN_POINT('',(4.75,7.75,-3.392157292133E-15));
#7513 = DIRECTION('',(-0.928476690885,0.371390676354,1.594703279778E-16)
  );
#7514 = DIRECTION('',(-0.371390676354,-0.928476690885,0.));
#7515 = ADVANCED_FACE('',(#7516),#7527,.T.);
#7516 = FACE_BOUND('',#7517,.T.);
#7517 = EDGE_LOOP('',(#7518,#7519,#7520,#7526));
#7518 = ORIENTED_EDGE('',*,*,#7404,.T.);
#7519 = ORIENTED_EDGE('',*,*,#6965,.F.);
#7520 = ORIENTED_EDGE('',*,*,#7521,.F.);
#7521 = EDGE_CURVE('',#7382,#6966,#7522,.T.);
#7522 = LINE('',#7523,#7524);
#7523 = CARTESIAN_POINT('',(3.856060606061,-1.265151515151,
    2.293939393939));
#7524 = VECTOR('',#7525,1.);
#7525 = DIRECTION('',(-0.348155311911,0.870388279778,0.348155311911));
#7526 = ORIENTED_EDGE('',*,*,#7454,.F.);
#7527 = PLANE('',#7528);
#7528 = AXIS2_PLACEMENT_3D('',#7529,#7530,#7531);
#7529 = CARTESIAN_POINT('',(0.25,7.75,7.600149882374E-15));
#7530 = DIRECTION('',(0.928476690885,0.371390676354,-4.784109839334E-16)
  );
#7531 = DIRECTION('',(-0.371390676354,0.928476690885,-9.860761315263E-32
    ));
#7532 = ADVANCED_FACE('',(#7533),#7539,.T.);
#7533 = FACE_BOUND('',#7534,.T.);
#7534 = EDGE_LOOP('',(#7535,#7536,#7537,#7538));
#7535 = ORIENTED_EDGE('',*,*,#7504,.T.);
#7536 = ORIENTED_EDGE('',*,*,#7389,.F.);
#7537 = ORIENTED_EDGE('',*,*,#7521,.T.);
#7538 = ORIENTED_EDGE('',*,*,#6991,.F.);
#7539 = PLANE('',#7540);
#7540 = AXIS2_PLACEMENT_3D('',#7541,#7542,#7543);
#7541 = CARTESIAN_POINT('',(30.,7.75,5.9));
#7542 = DIRECTION('',(0.,0.371390676354,-0.928476690885));
#7543 = DIRECTION('',(0.,0.928476690885,0.371390676354));
#7544 = ADVANCED_FACE('',(#7545),#7551,.F.);
#7545 = FACE_BOUND('',#7546,.T.);
#7546 = EDGE_LOOP('',(#7547,#7548,#7549,#7550));
#7547 = ORIENTED_EDGE('',*,*,#6796,.T.);
#7548 = ORIENTED_EDGE('',*,*,#7342,.F.);
#7549 = ORIENTED_EDGE('',*,*,#7301,.F.);
#7550 = ORIENTED_EDGE('',*,*,#7488,.T.);
#7551 = PLANE('',#7552);
#7552 = AXIS2_PLACEMENT_3D('',#7553,#7554,#7555);
#7553 = CARTESIAN_POINT('',(0.,1.56,6.2));
#7554 = DIRECTION('',(-0.5,0.866025403785,0.));
#7555 = DIRECTION('',(-0.866025403785,-0.5,0.));
#7556 = ADVANCED_FACE('',(#7557),#7563,.F.);
#7557 = FACE_BOUND('',#7558,.T.);
#7558 = EDGE_LOOP('',(#7559,#7560,#7561,#7562));
#7559 = ORIENTED_EDGE('',*,*,#6780,.T.);
#7560 = ORIENTED_EDGE('',*,*,#7470,.F.);
#7561 = ORIENTED_EDGE('',*,*,#7319,.F.);
#7562 = ORIENTED_EDGE('',*,*,#7349,.T.);
#7563 = PLANE('',#7564);
#7564 = AXIS2_PLACEMENT_3D('',#7565,#7566,#7567);
#7565 = CARTESIAN_POINT('',(0.355,0.735040654438,6.2));
#7566 = DIRECTION('',(-0.5,-0.866025403784,0.));
#7567 = DIRECTION('',(0.866025403784,-0.5,0.));
#7568 = ADVANCED_FACE('',(#7569),#7645,.T.);
#7569 = FACE_BOUND('',#7570,.T.);
#7570 = EDGE_LOOP('',(#7571,#7581,#7590,#7601,#7610,#7618,#7627,#7638));
#7571 = ORIENTED_EDGE('',*,*,#7572,.F.);
#7572 = EDGE_CURVE('',#7573,#7575,#7577,.T.);
#7573 = VERTEX_POINT('',#7574);
#7574 = CARTESIAN_POINT('',(4.006141391222,6.25,5.699344090454));
#7575 = VERTEX_POINT('',#7576);
#7576 = CARTESIAN_POINT('',(0.993858608708,6.25,5.699344090454));
#7577 = LINE('',#7578,#7579);
#7578 = CARTESIAN_POINT('',(-0.5,6.25,5.699344090454));
#7579 = VECTOR('',#7580,1.);
#7580 = DIRECTION('',(-1.,0.,0.));
#7581 = ORIENTED_EDGE('',*,*,#7582,.T.);
#7582 = EDGE_CURVE('',#7573,#7583,#7585,.T.);
#7583 = VERTEX_POINT('',#7584);
#7584 = CARTESIAN_POINT('',(3.976897247608,6.379062758812,5.679065084669
    ));
#7585 = B_SPLINE_CURVE_WITH_KNOTS('',3,(#7586,#7587,#7588,#7589),
  .UNSPECIFIED.,.F.,.F.,(4,4),(8.673617379884E-19,1.342552525288E-04),
  .PIECEWISE_BEZIER_KNOTS.);
#7586 = CARTESIAN_POINT('',(4.006141391222,6.25,5.699344090454));
#7587 = CARTESIAN_POINT('',(3.986631417076,6.290959454332,5.69742731248)
  );
#7588 = CARTESIAN_POINT('',(3.977026237072,6.335242407713,5.690954293788
    ));
#7589 = CARTESIAN_POINT('',(3.976897247608,6.379062758812,5.679065084669
    ));
#7590 = ORIENTED_EDGE('',*,*,#7591,.T.);
#7591 = EDGE_CURVE('',#7583,#7592,#7594,.T.);
#7592 = VERTEX_POINT('',#7593);
#7593 = CARTESIAN_POINT('',(3.924099116622,6.782835288288,5.31309743822)
  );
#7594 = B_SPLINE_CURVE_WITH_KNOTS('',3,(#7595,#7596,#7597,#7598,#7599,
    #7600),.UNSPECIFIED.,.F.,.F.,(4,2,4),(2.346233479064E-12,
    2.833862374372E-04,5.667724725281E-04),.UNSPECIFIED.);
#7595 = CARTESIAN_POINT('',(3.976897247608,6.379062758812,5.679065084669
    ));
#7596 = CARTESIAN_POINT('',(3.976625506912,6.471519156492,5.653980085903
    ));
#7597 = CARTESIAN_POINT('',(3.97570627036,6.556592746008,5.606841195524)
  );
#7598 = CARTESIAN_POINT('',(3.961949539591,6.695801930971,5.479919482987
    ));
#7599 = CARTESIAN_POINT('',(3.948605801298,6.749926634482,5.399714607633
    ));
#7600 = CARTESIAN_POINT('',(3.924099116622,6.782835288288,5.31309743822)
  );
#7601 = ORIENTED_EDGE('',*,*,#7602,.F.);
#7602 = EDGE_CURVE('',#7603,#7592,#7605,.T.);
#7603 = VERTEX_POINT('',#7604);
#7604 = CARTESIAN_POINT('',(3.875649002071,6.820490948317,5.141853884246
    ));
#7605 = ( BOUNDED_CURVE() B_SPLINE_CURVE(3,(#7606,#7607,#7608,#7609),
.UNSPECIFIED.,.F.,.F.) B_SPLINE_CURVE_WITH_KNOTS((4,4),(4.782202150464,
5.075476764892),.PIECEWISE_BEZIER_KNOTS.) CURVE() 
GEOMETRIC_REPRESENTATION_ITEM() RATIONAL_B_SPLINE_CURVE((1.,
0.992845334106,0.992845334106,1.)) REPRESENTATION_ITEM('') );
#7606 = CARTESIAN_POINT('',(3.875649002071,6.820490948317,5.141853884246
    ));
#7607 = CARTESIAN_POINT('',(3.892263480589,6.816384655953,5.200576600905
    ));
#7608 = CARTESIAN_POINT('',(3.908529899566,6.803742317569,5.258069125367
    ));
#7609 = CARTESIAN_POINT('',(3.924099116622,6.782835288288,5.31309743822)
  );
#7610 = ORIENTED_EDGE('',*,*,#7611,.F.);
#7611 = EDGE_CURVE('',#7612,#7603,#7614,.T.);
#7612 = VERTEX_POINT('',#7613);
#7613 = CARTESIAN_POINT('',(1.124350997929,6.820490948317,5.141853884247
    ));
#7614 = LINE('',#7615,#7616);
#7615 = CARTESIAN_POINT('',(-0.5,6.820490948317,5.141853884247));
#7616 = VECTOR('',#7617,1.);
#7617 = DIRECTION('',(1.,0.,0.));
#7618 = ORIENTED_EDGE('',*,*,#7619,.T.);
#7619 = EDGE_CURVE('',#7612,#7620,#7622,.T.);
#7620 = VERTEX_POINT('',#7621);
#7621 = CARTESIAN_POINT('',(1.075900883378,6.782835288288,5.31309743822)
  );
#7622 = ( BOUNDED_CURVE() B_SPLINE_CURVE(3,(#7623,#7624,#7625,#7626),
.UNSPECIFIED.,.F.,.F.) B_SPLINE_CURVE_WITH_KNOTS((4,4),(1.640609496875,
1.933884111302),.PIECEWISE_BEZIER_KNOTS.) CURVE() 
GEOMETRIC_REPRESENTATION_ITEM() RATIONAL_B_SPLINE_CURVE((1.,
0.992845334106,0.992845334106,1.)) REPRESENTATION_ITEM('') );
#7623 = CARTESIAN_POINT('',(1.124350997929,6.820490948317,5.141853884247
    ));
#7624 = CARTESIAN_POINT('',(1.107736519411,6.816384655953,5.200576600905
    ));
#7625 = CARTESIAN_POINT('',(1.091470100434,6.803742317569,5.258069125367
    ));
#7626 = CARTESIAN_POINT('',(1.075900883378,6.782835288288,5.31309743822)
  );
#7627 = ORIENTED_EDGE('',*,*,#7628,.T.);
#7628 = EDGE_CURVE('',#7620,#7629,#7631,.T.);
#7629 = VERTEX_POINT('',#7630);
#7630 = CARTESIAN_POINT('',(1.023102752131,6.379062758813,5.679065084669
    ));
#7631 = B_SPLINE_CURVE_WITH_KNOTS('',3,(#7632,#7633,#7634,#7635,#7636,
    #7637),.UNSPECIFIED.,.F.,.F.,(4,2,4),(8.673617379884E-19,
    2.833620155393E-04,5.667240310786E-04),.UNSPECIFIED.);
#7632 = CARTESIAN_POINT('',(1.075900883378,6.782835288288,5.31309743822)
  );
#7633 = CARTESIAN_POINT('',(1.051396625977,6.749929893934,5.399706028596
    ));
#7634 = CARTESIAN_POINT('',(1.038082531322,6.695996851929,5.479691494257
    ));
#7635 = CARTESIAN_POINT('',(1.024296180806,6.556746841721,5.60675084815)
  );
#7636 = CARTESIAN_POINT('',(1.023374480557,6.471514946771,5.653981231911
    ));
#7637 = CARTESIAN_POINT('',(1.023102752131,6.379062758813,5.679065084669
    ));
#7638 = ORIENTED_EDGE('',*,*,#7639,.T.);
#7639 = EDGE_CURVE('',#7629,#7575,#7640,.T.);
#7640 = B_SPLINE_CURVE_WITH_KNOTS('',3,(#7641,#7642,#7643,#7644),
  .UNSPECIFIED.,.F.,.F.,(4,4),(2.431334016083E-11,1.34274965983E-04),
  .PIECEWISE_BEZIER_KNOTS.);
#7641 = CARTESIAN_POINT('',(1.023102752131,6.379062758813,5.679065084669
    ));
#7642 = CARTESIAN_POINT('',(1.022973818584,6.335261413134,5.690949137293
    ));
#7643 = CARTESIAN_POINT('',(1.013368699864,6.290959700102,5.697427300979
    ));
#7644 = CARTESIAN_POINT('',(0.993858608708,6.25,5.699344090454));
#7645 = CYLINDRICAL_SURFACE('',#7646,0.6);
#7646 = AXIS2_PLACEMENT_3D('',#7647,#7648,#7649);
#7647 = CARTESIAN_POINT('',(-0.5,6.221952518162,5.1));
#7648 = DIRECTION('',(1.,0.,0.));
#7649 = DIRECTION('',(0.,0.,-1.));
#7650 = ADVANCED_FACE('',(#7651),#7676,.T.);
#7651 = FACE_BOUND('',#7652,.T.);
#7652 = EDGE_LOOP('',(#7653,#7661,#7669,#7675));
#7653 = ORIENTED_EDGE('',*,*,#7654,.F.);
#7654 = EDGE_CURVE('',#7655,#7603,#7657,.T.);
#7655 = VERTEX_POINT('',#7656);
#7656 = CARTESIAN_POINT('',(3.553947254148,6.9,4.004821471746));
#7657 = LINE('',#7658,#7659);
#7658 = CARTESIAN_POINT('',(3.254835393828,6.973925928331,2.947631442961
    ));
#7659 = VECTOR('',#7660,1.);
#7660 = DIRECTION('',(0.271630022788,-6.713375248915E-02,0.960057388908)
  );
#7661 = ORIENTED_EDGE('',*,*,#7662,.F.);
#7662 = EDGE_CURVE('',#7663,#7655,#7665,.T.);
#7663 = VERTEX_POINT('',#7664);
#7664 = CARTESIAN_POINT('',(1.446052745852,6.9,4.004821471746));
#7665 = LINE('',#7666,#7667);
#7666 = CARTESIAN_POINT('',(-0.5,6.9,4.004821471746));
#7667 = VECTOR('',#7668,1.);
#7668 = DIRECTION('',(1.,0.,0.));
#7669 = ORIENTED_EDGE('',*,*,#7670,.T.);
#7670 = EDGE_CURVE('',#7663,#7612,#7671,.T.);
#7671 = LINE('',#7672,#7673);
#7672 = CARTESIAN_POINT('',(1.302467390494,6.864512672021,4.512313905521
    ));
#7673 = VECTOR('',#7674,1.);
#7674 = DIRECTION('',(-0.271630022788,-6.713375248915E-02,0.960057388908
    ));
#7675 = ORIENTED_EDGE('',*,*,#7611,.T.);
#7676 = PLANE('',#7677);
#7677 = AXIS2_PLACEMENT_3D('',#7678,#7679,#7680);
#7678 = CARTESIAN_POINT('',(-0.5,6.9,4.004821471746));
#7679 = DIRECTION('',(0.,0.99756405026,6.975647374413E-02));
#7680 = DIRECTION('',(0.,6.975647374413E-02,-0.99756405026));
#7681 = ADVANCED_FACE('',(#7682),#7754,.F.);
#7682 = FACE_BOUND('',#7683,.F.);
#7683 = EDGE_LOOP('',(#7684,#7695,#7704,#7712,#7721,#7730,#7739,#7747));
#7684 = ORIENTED_EDGE('',*,*,#7685,.F.);
#7685 = EDGE_CURVE('',#7686,#7688,#7690,.T.);
#7686 = VERTEX_POINT('',#7687);
#7687 = CARTESIAN_POINT('',(3.924099116622,6.560463200156,5.31309743822)
  );
#7688 = VERTEX_POINT('',#7689);
#7689 = CARTESIAN_POINT('',(3.958155913534,6.384612859889,5.465433459373
    ));
#7690 = B_SPLINE_CURVE_WITH_KNOTS('',3,(#7691,#7692,#7693,#7694),
  .UNSPECIFIED.,.F.,.F.,(4,4),(0.,2.372961508687E-04),
  .PIECEWISE_BEZIER_KNOTS.);
#7691 = CARTESIAN_POINT('',(3.924099116622,6.560463200156,5.31309743822)
  );
#7692 = CARTESIAN_POINT('',(3.942782050535,6.518894125888,5.379130966346
    ));
#7693 = CARTESIAN_POINT('',(3.952762705857,6.457752998364,5.432877601088
    ));
#7694 = CARTESIAN_POINT('',(3.958155913534,6.384612859889,5.465433459373
    ));
#7695 = ORIENTED_EDGE('',*,*,#7696,.T.);
#7696 = EDGE_CURVE('',#7686,#7697,#7699,.T.);
#7697 = VERTEX_POINT('',#7698);
#7698 = CARTESIAN_POINT('',(3.871701747923,6.620978138265,5.127902589498
    ));
#7699 = ( BOUNDED_CURVE() B_SPLINE_CURVE(3,(#7700,#7701,#7702,#7703),
.UNSPECIFIED.,.F.,.F.) B_SPLINE_CURVE_WITH_KNOTS((4,4),(1.00895709688,
1.500983156715),.PIECEWISE_BEZIER_KNOTS.) CURVE() 
GEOMETRIC_REPRESENTATION_ITEM() RATIONAL_B_SPLINE_CURVE((1.,
0.979927406939,0.979927406939,1.)) REPRESENTATION_ITEM('') );
#7700 = CARTESIAN_POINT('',(3.924099116622,6.560463200156,5.31309743822)
  );
#7701 = CARTESIAN_POINT('',(3.908230602241,6.595770259307,5.257011279829
    ));
#7702 = CARTESIAN_POINT('',(3.890407047718,6.616355096402,5.194015168277
    ));
#7703 = CARTESIAN_POINT('',(3.871701747923,6.620978138265,5.127902589498
    ));
#7704 = ORIENTED_EDGE('',*,*,#7705,.F.);
#7705 = EDGE_CURVE('',#7706,#7697,#7708,.T.);
#7706 = VERTEX_POINT('',#7707);
#7707 = CARTESIAN_POINT('',(1.128298252077,6.620978138265,5.127902589498
    ));
#7708 = LINE('',#7709,#7710);
#7709 = CARTESIAN_POINT('',(-0.5,6.620978138265,5.127902589498));
#7710 = VECTOR('',#7711,1.);
#7711 = DIRECTION('',(1.,0.,0.));
#7712 = ORIENTED_EDGE('',*,*,#7713,.F.);
#7713 = EDGE_CURVE('',#7714,#7706,#7716,.T.);
#7714 = VERTEX_POINT('',#7715);
#7715 = CARTESIAN_POINT('',(1.075900883378,6.560463200156,5.31309743822)
  );
#7716 = ( BOUNDED_CURVE() B_SPLINE_CURVE(3,(#7717,#7718,#7719,#7720),
.UNSPECIFIED.,.F.,.F.) B_SPLINE_CURVE_WITH_KNOTS((4,4),(4.15054975047,
4.642575810305),.PIECEWISE_BEZIER_KNOTS.) CURVE() 
GEOMETRIC_REPRESENTATION_ITEM() RATIONAL_B_SPLINE_CURVE((1.,
0.979927406939,0.979927406939,1.)) REPRESENTATION_ITEM('') );
#7717 = CARTESIAN_POINT('',(1.075900883378,6.560463200156,5.31309743822)
  );
#7718 = CARTESIAN_POINT('',(1.091769397759,6.595770259307,5.257011279829
    ));
#7719 = CARTESIAN_POINT('',(1.109592952282,6.616355096402,5.194015168277
    ));
#7720 = CARTESIAN_POINT('',(1.128298252077,6.620978138265,5.127902589498
    ));
#7721 = ORIENTED_EDGE('',*,*,#7722,.F.);
#7722 = EDGE_CURVE('',#7723,#7714,#7725,.T.);
#7723 = VERTEX_POINT('',#7724);
#7724 = CARTESIAN_POINT('',(1.041844086466,6.384612859889,5.465433459373
    ));
#7725 = B_SPLINE_CURVE_WITH_KNOTS('',3,(#7726,#7727,#7728,#7729),
  .UNSPECIFIED.,.F.,.F.,(4,4),(8.451082728519E-14,2.372982933282E-04),
  .PIECEWISE_BEZIER_KNOTS.);
#7726 = CARTESIAN_POINT('',(1.041844086466,6.384612859889,5.465433459373
    ));
#7727 = CARTESIAN_POINT('',(1.047237146906,6.457750997099,5.432878492312
    ));
#7728 = CARTESIAN_POINT('',(1.057217321802,6.518892729352,5.379133184779
    ));
#7729 = CARTESIAN_POINT('',(1.075900883378,6.560463200156,5.31309743822)
  );
#7730 = ORIENTED_EDGE('',*,*,#7731,.F.);
#7731 = EDGE_CURVE('',#7732,#7723,#7734,.T.);
#7732 = VERTEX_POINT('',#7733);
#7733 = CARTESIAN_POINT('',(1.005392207408,6.25,5.499015461809));
#7734 = B_SPLINE_CURVE_WITH_KNOTS('',3,(#7735,#7736,#7737,#7738),
  .UNSPECIFIED.,.F.,.F.,(4,4),(1.788112030673E-18,1.440220723646E-04),
  .PIECEWISE_BEZIER_KNOTS.);
#7735 = CARTESIAN_POINT('',(1.005392207408,6.25,5.499015461809));
#7736 = CARTESIAN_POINT('',(1.027326048814,6.293418682409,5.495963488081
    ));
#7737 = CARTESIAN_POINT('',(1.038569758004,6.340207273975,5.485199103683
    ));
#7738 = CARTESIAN_POINT('',(1.041844086466,6.384612859889,5.465433459373
    ));
#7739 = ORIENTED_EDGE('',*,*,#7740,.F.);
#7740 = EDGE_CURVE('',#7741,#7732,#7743,.T.);
#7741 = VERTEX_POINT('',#7742);
#7742 = CARTESIAN_POINT('',(3.994607792362,6.25,5.49901546181));
#7743 = LINE('',#7744,#7745);
#7744 = CARTESIAN_POINT('',(-0.5,6.25,5.499015461809));
#7745 = VECTOR('',#7746,1.);
#7746 = DIRECTION('',(-1.,0.,0.));
#7747 = ORIENTED_EDGE('',*,*,#7748,.F.);
#7748 = EDGE_CURVE('',#7688,#7741,#7749,.T.);
#7749 = B_SPLINE_CURVE_WITH_KNOTS('',3,(#7750,#7751,#7752,#7753),
  .UNSPECIFIED.,.F.,.F.,(4,4),(9.545781775145E-14,1.440939132139E-04),
  .PIECEWISE_BEZIER_KNOTS.);
#7750 = CARTESIAN_POINT('',(3.958155913534,6.384612859889,5.465433459373
    ));
#7751 = CARTESIAN_POINT('',(3.961427646676,6.340242470872,5.485183436974
    ));
#7752 = CARTESIAN_POINT('',(3.972678822234,6.293409039702,5.495964165886
    ));
#7753 = CARTESIAN_POINT('',(3.994607792362,6.25,5.49901546181));
#7754 = CYLINDRICAL_SURFACE('',#7755,0.4);
#7755 = AXIS2_PLACEMENT_3D('',#7756,#7757,#7758);
#7756 = CARTESIAN_POINT('',(-0.5,6.221952518162,5.1));
#7757 = DIRECTION('',(1.,0.,0.));
#7758 = DIRECTION('',(0.,0.,-1.));
#7759 = ADVANCED_FACE('',(#7760),#7785,.T.);
#7760 = FACE_BOUND('',#7761,.T.);
#7761 = EDGE_LOOP('',(#7762,#7770,#7771,#7779));
#7762 = ORIENTED_EDGE('',*,*,#7763,.F.);
#7763 = EDGE_CURVE('',#7697,#7764,#7766,.T.);
#7764 = VERTEX_POINT('',#7765);
#7765 = CARTESIAN_POINT('',(3.55,6.700487189948,3.990870176997));
#7766 = LINE('',#7767,#7768);
#7767 = CARTESIAN_POINT('',(3.549145049326,6.700698492242,3.987848413411
    ));
#7768 = VECTOR('',#7769,1.);
#7769 = DIRECTION('',(-0.271630022788,6.713375248915E-02,-0.960057388908
    ));
#7770 = ORIENTED_EDGE('',*,*,#7705,.F.);
#7771 = ORIENTED_EDGE('',*,*,#7772,.T.);
#7772 = EDGE_CURVE('',#7706,#7773,#7775,.T.);
#7773 = VERTEX_POINT('',#7774);
#7774 = CARTESIAN_POINT('',(1.45,6.700487189948,3.990870176997));
#7775 = LINE('',#7776,#7777);
#7776 = CARTESIAN_POINT('',(1.008157734996,6.591285235931,5.552530875971
    ));
#7777 = VECTOR('',#7778,1.);
#7778 = DIRECTION('',(0.271630022788,6.713375248915E-02,-0.960057388908)
  );
#7779 = ORIENTED_EDGE('',*,*,#7780,.T.);
#7780 = EDGE_CURVE('',#7773,#7764,#7781,.T.);
#7781 = LINE('',#7782,#7783);
#7782 = CARTESIAN_POINT('',(-0.5,6.700487189948,3.990870176997));
#7783 = VECTOR('',#7784,1.);
#7784 = DIRECTION('',(1.,0.,0.));
#7785 = PLANE('',#7786);
#7786 = AXIS2_PLACEMENT_3D('',#7787,#7788,#7789);
#7787 = CARTESIAN_POINT('',(-0.5,6.620978138265,5.127902589498));
#7788 = DIRECTION('',(0.,-0.99756405026,-6.975647374413E-02));
#7789 = DIRECTION('',(0.,-6.975647374413E-02,0.99756405026));
#7790 = ADVANCED_FACE('',(#7791),#7818,.F.);
#7791 = FACE_BOUND('',#7792,.F.);
#7792 = EDGE_LOOP('',(#7793,#7803,#7810,#7811));
#7793 = ORIENTED_EDGE('',*,*,#7794,.F.);
#7794 = EDGE_CURVE('',#7795,#7797,#7799,.T.);
#7795 = VERTEX_POINT('',#7796);
#7796 = CARTESIAN_POINT('',(1.45,6.370920840911,3.569044486295));
#7797 = VERTEX_POINT('',#7798);
#7798 = CARTESIAN_POINT('',(3.55,6.370920840911,3.569044486295));
#7799 = LINE('',#7800,#7801);
#7800 = CARTESIAN_POINT('',(-0.5,6.370920840911,3.569044486295));
#7801 = VECTOR('',#7802,1.);
#7802 = DIRECTION('',(1.,0.,0.));
#7803 = ORIENTED_EDGE('',*,*,#7804,.F.);
#7804 = EDGE_CURVE('',#7773,#7795,#7805,.T.);
#7805 = CIRCLE('',#7806,0.4);
#7806 = AXIS2_PLACEMENT_3D('',#7807,#7808,#7809);
#7807 = CARTESIAN_POINT('',(1.45,6.301461569844,3.9629675875));
#7808 = DIRECTION('',(-1.,0.,3.641714079093E-16));
#7809 = DIRECTION('',(-3.641714079093E-16,0.,-1.));
#7810 = ORIENTED_EDGE('',*,*,#7780,.T.);
#7811 = ORIENTED_EDGE('',*,*,#7812,.T.);
#7812 = EDGE_CURVE('',#7764,#7797,#7813,.T.);
#7813 = CIRCLE('',#7814,0.4);
#7814 = AXIS2_PLACEMENT_3D('',#7815,#7816,#7817);
#7815 = CARTESIAN_POINT('',(3.55,6.301461569844,3.9629675875));
#7816 = DIRECTION('',(-1.,0.,-3.641714079093E-16));
#7817 = DIRECTION('',(3.641714079093E-16,0.,-1.));
#7818 = CYLINDRICAL_SURFACE('',#7819,0.4);
#7819 = AXIS2_PLACEMENT_3D('',#7820,#7821,#7822);
#7820 = CARTESIAN_POINT('',(-0.5,6.301461569844,3.9629675875));
#7821 = DIRECTION('',(1.,0.,0.));
#7822 = DIRECTION('',(0.,0.,-1.));
#7823 = ADVANCED_FACE('',(#7824),#7849,.T.);
#7824 = FACE_BOUND('',#7825,.T.);
#7825 = EDGE_LOOP('',(#7826,#7836,#7842,#7843));
#7826 = ORIENTED_EDGE('',*,*,#7827,.F.);
#7827 = EDGE_CURVE('',#7828,#7830,#7832,.T.);
#7828 = VERTEX_POINT('',#7829);
#7829 = CARTESIAN_POINT('',(3.55,5.95,3.4948247853));
#7830 = VERTEX_POINT('',#7831);
#7831 = CARTESIAN_POINT('',(1.45,5.95,3.4948247853));
#7832 = LINE('',#7833,#7834);
#7833 = CARTESIAN_POINT('',(-0.5,5.95,3.4948247853));
#7834 = VECTOR('',#7835,1.);
#7835 = DIRECTION('',(-1.,0.,0.));
#7836 = ORIENTED_EDGE('',*,*,#7837,.F.);
#7837 = EDGE_CURVE('',#7797,#7828,#7838,.T.);
#7838 = LINE('',#7839,#7840);
#7839 = CARTESIAN_POINT('',(3.55,6.370920840911,3.569044486295));
#7840 = VECTOR('',#7841,1.);
#7841 = DIRECTION('',(6.323770134184E-17,-0.984807753012,-0.173648177667
    ));
#7842 = ORIENTED_EDGE('',*,*,#7794,.F.);
#7843 = ORIENTED_EDGE('',*,*,#7844,.T.);
#7844 = EDGE_CURVE('',#7795,#7830,#7845,.T.);
#7845 = LINE('',#7846,#7847);
#7846 = CARTESIAN_POINT('',(1.45,6.370920840911,3.569044486295));
#7847 = VECTOR('',#7848,1.);
#7848 = DIRECTION('',(-6.323770134184E-17,-0.984807753012,
    -0.173648177667));
#7849 = PLANE('',#7850);
#7850 = AXIS2_PLACEMENT_3D('',#7851,#7852,#7853);
#7851 = CARTESIAN_POINT('',(-0.5,6.370920840911,3.569044486295));
#7852 = DIRECTION('',(0.,-0.173648177667,0.984807753012));
#7853 = DIRECTION('',(0.,0.984807753012,0.173648177667));
#7854 = ADVANCED_FACE('',(#7855),#7889,.T.);
#7855 = FACE_BOUND('',#7856,.T.);
#7856 = EDGE_LOOP('',(#7857,#7867,#7875,#7883));
#7857 = ORIENTED_EDGE('',*,*,#7858,.F.);
#7858 = EDGE_CURVE('',#7859,#7861,#7863,.T.);
#7859 = VERTEX_POINT('',#7860);
#7860 = CARTESIAN_POINT('',(1.45,5.95,3.291739462922));
#7861 = VERTEX_POINT('',#7862);
#7862 = CARTESIAN_POINT('',(3.55,5.95,3.291739462922));
#7863 = LINE('',#7864,#7865);
#7864 = CARTESIAN_POINT('',(-0.5,5.95,3.291739462922));
#7865 = VECTOR('',#7866,1.);
#7866 = DIRECTION('',(1.,0.,0.));
#7867 = ORIENTED_EDGE('',*,*,#7868,.T.);
#7868 = EDGE_CURVE('',#7859,#7869,#7871,.T.);
#7869 = VERTEX_POINT('',#7870);
#7870 = CARTESIAN_POINT('',(1.45,6.405650476444,3.372082935692));
#7871 = LINE('',#7872,#7873);
#7872 = CARTESIAN_POINT('',(1.45,3.592004494645,2.875961234939));
#7873 = VECTOR('',#7874,1.);
#7874 = DIRECTION('',(6.323770134184E-17,0.984807753012,0.173648177667)
  );
#7875 = ORIENTED_EDGE('',*,*,#7876,.T.);
#7876 = EDGE_CURVE('',#7869,#7877,#7879,.T.);
#7877 = VERTEX_POINT('',#7878);
#7878 = CARTESIAN_POINT('',(3.55,6.405650476444,3.372082935692));
#7879 = LINE('',#7880,#7881);
#7880 = CARTESIAN_POINT('',(-0.5,6.405650476444,3.372082935692));
#7881 = VECTOR('',#7882,1.);
#7882 = DIRECTION('',(1.,0.,0.));
#7883 = ORIENTED_EDGE('',*,*,#7884,.F.);
#7884 = EDGE_CURVE('',#7861,#7877,#7885,.T.);
#7885 = LINE('',#7886,#7887);
#7886 = CARTESIAN_POINT('',(3.55,3.592004494645,2.875961234939));
#7887 = VECTOR('',#7888,1.);
#7888 = DIRECTION('',(-6.323770134184E-17,0.984807753012,0.173648177667)
  );
#7889 = PLANE('',#7890);
#7890 = AXIS2_PLACEMENT_3D('',#7891,#7892,#7893);
#7891 = CARTESIAN_POINT('',(-0.5,3.592004494645,2.875961234939));
#7892 = DIRECTION('',(0.,0.173648177667,-0.984807753012));
#7893 = DIRECTION('',(0.,-0.984807753012,-0.173648177667));
#7894 = ADVANCED_FACE('',(#7895),#7931,.T.);
#7895 = FACE_BOUND('',#7896,.T.);
#7896 = EDGE_LOOP('',(#7897,#7906,#7907,#7916,#7923,#7924));
#7897 = ORIENTED_EDGE('',*,*,#7898,.F.);
#7898 = EDGE_CURVE('',#7877,#7899,#7901,.T.);
#7899 = VERTEX_POINT('',#7900);
#7900 = CARTESIAN_POINT('',(3.55,6.900812423268,3.990870176997));
#7901 = CIRCLE('',#7902,0.6);
#7902 = AXIS2_PLACEMENT_3D('',#7903,#7904,#7905);
#7903 = CARTESIAN_POINT('',(3.55,6.301461569844,3.9629675875));
#7904 = DIRECTION('',(1.,0.,3.641714079093E-16));
#7905 = DIRECTION('',(3.641714079093E-16,0.,-1.));
#7906 = ORIENTED_EDGE('',*,*,#7876,.F.);
#7907 = ORIENTED_EDGE('',*,*,#7908,.T.);
#7908 = EDGE_CURVE('',#7869,#7909,#7911,.T.);
#7909 = VERTEX_POINT('',#7910);
#7910 = CARTESIAN_POINT('',(1.45,6.900812423268,3.990870176997));
#7911 = CIRCLE('',#7912,0.6);
#7912 = AXIS2_PLACEMENT_3D('',#7913,#7914,#7915);
#7913 = CARTESIAN_POINT('',(1.45,6.301461569844,3.9629675875));
#7914 = DIRECTION('',(1.,0.,-3.641714079093E-16));
#7915 = DIRECTION('',(-3.641714079093E-16,0.,-1.));
#7916 = ORIENTED_EDGE('',*,*,#7917,.T.);
#7917 = EDGE_CURVE('',#7909,#7663,#7918,.T.);
#7918 = ( BOUNDED_CURVE() B_SPLINE_CURVE(3,(#7919,#7920,#7921,#7922),
.UNSPECIFIED.,.F.,.F.) B_SPLINE_CURVE_WITH_KNOTS((4,4),(1.617317421062,
1.640609496875),.PIECEWISE_BEZIER_KNOTS.) CURVE() 
GEOMETRIC_REPRESENTATION_ITEM() RATIONAL_B_SPLINE_CURVE((1.,
0.999954790445,0.999954790445,1.)) REPRESENTATION_ITEM('') );
#7919 = CARTESIAN_POINT('',(1.45,6.900812423268,3.990870176997));
#7920 = CARTESIAN_POINT('',(1.448683386022,6.90059578196,3.995523657362)
  );
#7921 = CARTESIAN_POINT('',(1.447367575153,6.900324961961,4.000174299198
    ));
#7922 = CARTESIAN_POINT('',(1.446052745852,6.9,4.004821471746));
#7923 = ORIENTED_EDGE('',*,*,#7662,.T.);
#7924 = ORIENTED_EDGE('',*,*,#7925,.F.);
#7925 = EDGE_CURVE('',#7899,#7655,#7926,.T.);
#7926 = ( BOUNDED_CURVE() B_SPLINE_CURVE(3,(#7927,#7928,#7929,#7930),
.UNSPECIFIED.,.F.,.F.) B_SPLINE_CURVE_WITH_KNOTS((4,4),(4.758910074652,
4.782202150464),.PIECEWISE_BEZIER_KNOTS.) CURVE() 
GEOMETRIC_REPRESENTATION_ITEM() RATIONAL_B_SPLINE_CURVE((1.,
0.999954790445,0.999954790445,1.)) REPRESENTATION_ITEM('') );
#7927 = CARTESIAN_POINT('',(3.55,6.900812423268,3.990870176997));
#7928 = CARTESIAN_POINT('',(3.551316613978,6.90059578196,3.995523657362)
  );
#7929 = CARTESIAN_POINT('',(3.552632424847,6.900324961961,4.000174299198
    ));
#7930 = CARTESIAN_POINT('',(3.553947254148,6.9,4.004821471746));
#7931 = CYLINDRICAL_SURFACE('',#7932,0.6);
#7932 = AXIS2_PLACEMENT_3D('',#7933,#7934,#7935);
#7933 = CARTESIAN_POINT('',(-0.5,6.301461569844,3.9629675875));
#7934 = DIRECTION('',(1.,0.,0.));
#7935 = DIRECTION('',(0.,0.,-1.));
#7936 = ADVANCED_FACE('',(#7937),#7955,.T.);
#7937 = FACE_BOUND('',#7938,.T.);
#7938 = EDGE_LOOP('',(#7939,#7945,#7946,#7947,#7953,#7954));
#7939 = ORIENTED_EDGE('',*,*,#7940,.F.);
#7940 = EDGE_CURVE('',#7830,#7859,#7941,.T.);
#7941 = LINE('',#7942,#7943);
#7942 = CARTESIAN_POINT('',(1.45,5.95,2.8));
#7943 = VECTOR('',#7944,1.);
#7944 = DIRECTION('',(-3.641714079093E-16,0.,-1.));
#7945 = ORIENTED_EDGE('',*,*,#7844,.F.);
#7946 = ORIENTED_EDGE('',*,*,#7804,.F.);
#7947 = ORIENTED_EDGE('',*,*,#7948,.T.);
#7948 = EDGE_CURVE('',#7773,#7909,#7949,.T.);
#7949 = LINE('',#7950,#7951);
#7950 = CARTESIAN_POINT('',(1.45,-1.462314593355,3.990870176997));
#7951 = VECTOR('',#7952,1.);
#7952 = DIRECTION('',(0.,1.,0.));
#7953 = ORIENTED_EDGE('',*,*,#7908,.F.);
#7954 = ORIENTED_EDGE('',*,*,#7868,.F.);
#7955 = PLANE('',#7956);
#7956 = AXIS2_PLACEMENT_3D('',#7957,#7958,#7959);
#7957 = CARTESIAN_POINT('',(1.45,-1.462314593355,2.8));
#7958 = DIRECTION('',(-1.,0.,3.641714079093E-16));
#7959 = DIRECTION('',(-3.641714079093E-16,0.,-1.));
#7960 = ADVANCED_FACE('',(#7961),#7975,.T.);
#7961 = FACE_BOUND('',#7962,.T.);
#7962 = EDGE_LOOP('',(#7963,#7964,#7970,#7971,#7972,#7973,#7974));
#7963 = ORIENTED_EDGE('',*,*,#7713,.F.);
#7964 = ORIENTED_EDGE('',*,*,#7965,.T.);
#7965 = EDGE_CURVE('',#7714,#7620,#7966,.T.);
#7966 = LINE('',#7967,#7968);
#7967 = CARTESIAN_POINT('',(1.075900883378,-1.462314593355,5.31309743822
    ));
#7968 = VECTOR('',#7969,1.);
#7969 = DIRECTION('',(0.,1.,0.));
#7970 = ORIENTED_EDGE('',*,*,#7619,.F.);
#7971 = ORIENTED_EDGE('',*,*,#7670,.F.);
#7972 = ORIENTED_EDGE('',*,*,#7917,.F.);
#7973 = ORIENTED_EDGE('',*,*,#7948,.F.);
#7974 = ORIENTED_EDGE('',*,*,#7772,.F.);
#7975 = PLANE('',#7976);
#7976 = AXIS2_PLACEMENT_3D('',#7977,#7978,#7979);
#7977 = CARTESIAN_POINT('',(1.45,-1.462314593355,3.990870176997));
#7978 = DIRECTION('',(-0.962228190296,0.,-0.272244209854));
#7979 = DIRECTION('',(0.272244209854,0.,-0.962228190296));
#7980 = ADVANCED_FACE('',(#7981),#7999,.F.);
#7981 = FACE_BOUND('',#7982,.T.);
#7982 = EDGE_LOOP('',(#7983,#7984,#7990,#7991,#7992,#7998));
#7983 = ORIENTED_EDGE('',*,*,#7837,.T.);
#7984 = ORIENTED_EDGE('',*,*,#7985,.T.);
#7985 = EDGE_CURVE('',#7828,#7861,#7986,.T.);
#7986 = LINE('',#7987,#7988);
#7987 = CARTESIAN_POINT('',(3.55,5.95,2.8));
#7988 = VECTOR('',#7989,1.);
#7989 = DIRECTION('',(3.641714079093E-16,0.,-1.));
#7990 = ORIENTED_EDGE('',*,*,#7884,.T.);
#7991 = ORIENTED_EDGE('',*,*,#7898,.T.);
#7992 = ORIENTED_EDGE('',*,*,#7993,.F.);
#7993 = EDGE_CURVE('',#7764,#7899,#7994,.T.);
#7994 = LINE('',#7995,#7996);
#7995 = CARTESIAN_POINT('',(3.55,-1.462314593355,3.990870176997));
#7996 = VECTOR('',#7997,1.);
#7997 = DIRECTION('',(0.,1.,0.));
#7998 = ORIENTED_EDGE('',*,*,#7812,.T.);
#7999 = PLANE('',#8000);
#8000 = AXIS2_PLACEMENT_3D('',#8001,#8002,#8003);
#8001 = CARTESIAN_POINT('',(3.55,-1.462314593355,2.8));
#8002 = DIRECTION('',(-1.,0.,-3.641714079093E-16));
#8003 = DIRECTION('',(3.641714079093E-16,0.,-1.));
#8004 = ADVANCED_FACE('',(#8005),#8019,.F.);
#8005 = FACE_BOUND('',#8006,.T.);
#8006 = EDGE_LOOP('',(#8007,#8008,#8014,#8015,#8016,#8017,#8018));
#8007 = ORIENTED_EDGE('',*,*,#7602,.T.);
#8008 = ORIENTED_EDGE('',*,*,#8009,.T.);
#8009 = EDGE_CURVE('',#7592,#7686,#8010,.T.);
#8010 = LINE('',#8011,#8012);
#8011 = CARTESIAN_POINT('',(3.924099116622,-1.462314593355,5.31309743822
    ));
#8012 = VECTOR('',#8013,1.);
#8013 = DIRECTION('',(0.,-1.,0.));
#8014 = ORIENTED_EDGE('',*,*,#7696,.T.);
#8015 = ORIENTED_EDGE('',*,*,#7763,.T.);
#8016 = ORIENTED_EDGE('',*,*,#7993,.T.);
#8017 = ORIENTED_EDGE('',*,*,#7925,.T.);
#8018 = ORIENTED_EDGE('',*,*,#7654,.T.);
#8019 = PLANE('',#8020);
#8020 = AXIS2_PLACEMENT_3D('',#8021,#8022,#8023);
#8021 = CARTESIAN_POINT('',(3.55,-1.462314593355,3.990870176997));
#8022 = DIRECTION('',(-0.962228190296,0.,0.272244209854));
#8023 = DIRECTION('',(-0.272244209854,0.,-0.962228190296));
#8024 = ADVANCED_FACE('',(#8025),#8037,.T.);
#8025 = FACE_BOUND('',#8026,.T.);
#8026 = EDGE_LOOP('',(#8027,#8028,#8035,#8036));
#8027 = ORIENTED_EDGE('',*,*,#7722,.F.);
#8028 = ORIENTED_EDGE('',*,*,#8029,.T.);
#8029 = EDGE_CURVE('',#7723,#7629,#8030,.T.);
#8030 = ( BOUNDED_CURVE() B_SPLINE_CURVE(3,(#8031,#8032,#8033,#8034),
.UNSPECIFIED.,.F.,.F.) B_SPLINE_CURVE_WITH_KNOTS((4,4),(2.977423445242,
3.130753691978),.PIECEWISE_BEZIER_KNOTS.) CURVE() 
GEOMETRIC_REPRESENTATION_ITEM() RATIONAL_B_SPLINE_CURVE((1.,
0.998041779029,0.998041779029,1.)) REPRESENTATION_ITEM('') );
#8031 = CARTESIAN_POINT('',(1.041844086466,6.384612859889,5.465433459373
    ));
#8032 = CARTESIAN_POINT('',(1.030138328475,6.381146321194,5.536094731139
    ));
#8033 = CARTESIAN_POINT('',(1.023878904969,6.379292657754,5.607444991929
    ));
#8034 = CARTESIAN_POINT('',(1.023102752131,6.379062758813,5.679065084669
    ));
#8035 = ORIENTED_EDGE('',*,*,#7628,.F.);
#8036 = ORIENTED_EDGE('',*,*,#7965,.F.);
#8037 = CYLINDRICAL_SURFACE('',#8038,1.4);
#8038 = AXIS2_PLACEMENT_3D('',#8039,#8040,#8041);
#8039 = CARTESIAN_POINT('',(2.423020349793,-1.462314593355,
    5.694239332015));
#8040 = DIRECTION('',(0.,1.,0.));
#8041 = DIRECTION('',(0.,-0.,1.));
#8042 = ADVANCED_FACE('',(#8043),#8055,.T.);
#8043 = FACE_BOUND('',#8044,.T.);
#8044 = EDGE_LOOP('',(#8045,#8046,#8053,#8054));
#8045 = ORIENTED_EDGE('',*,*,#7591,.F.);
#8046 = ORIENTED_EDGE('',*,*,#8047,.T.);
#8047 = EDGE_CURVE('',#7583,#7688,#8048,.T.);
#8048 = ( BOUNDED_CURVE() B_SPLINE_CURVE(3,(#8049,#8050,#8051,#8052),
.UNSPECIFIED.,.F.,.F.) B_SPLINE_CURVE_WITH_KNOTS((4,4),(3.152431615203,
3.305761861938),.PIECEWISE_BEZIER_KNOTS.) CURVE() 
GEOMETRIC_REPRESENTATION_ITEM() RATIONAL_B_SPLINE_CURVE((1.,
0.998041779029,0.998041779029,1.)) REPRESENTATION_ITEM('') );
#8049 = CARTESIAN_POINT('',(3.976897247608,6.379062758812,5.679065084669
    ));
#8050 = CARTESIAN_POINT('',(3.976121095031,6.379292657754,5.607444991928
    ));
#8051 = CARTESIAN_POINT('',(3.969861671525,6.381146321194,5.536094731139
    ));
#8052 = CARTESIAN_POINT('',(3.958155913534,6.384612859889,5.465433459373
    ));
#8053 = ORIENTED_EDGE('',*,*,#7685,.F.);
#8054 = ORIENTED_EDGE('',*,*,#8009,.F.);
#8055 = CYLINDRICAL_SURFACE('',#8056,1.4);
#8056 = AXIS2_PLACEMENT_3D('',#8057,#8058,#8059);
#8057 = CARTESIAN_POINT('',(2.576979650207,6.66916611405,5.694239332015)
  );
#8058 = DIRECTION('',(0.,1.,0.));
#8059 = DIRECTION('',(0.,-0.,1.));
#8060 = ADVANCED_FACE('',(#8061),#8077,.T.);
#8061 = FACE_BOUND('',#8062,.T.);
#8062 = EDGE_LOOP('',(#8063,#8074,#8075,#8076));
#8063 = ORIENTED_EDGE('',*,*,#8064,.F.);
#8064 = EDGE_CURVE('',#7575,#7732,#8065,.T.);
#8065 = B_SPLINE_CURVE_WITH_KNOTS('',3,(#8066,#8067,#8068,#8069,#8070,
    #8071,#8072,#8073),.UNSPECIFIED.,.F.,.F.,(4,2,2,4),(0.,
    0.358278341081,0.719821059757,1.),.UNSPECIFIED.);
#8066 = CARTESIAN_POINT('',(0.993858608708,6.25,5.699344090454));
#8067 = CARTESIAN_POINT('',(0.993784637128,6.25,5.675366343103));
#8068 = CARTESIAN_POINT('',(0.994234246268,6.25,5.651381332703));
#8069 = CARTESIAN_POINT('',(0.996182525918,6.25,5.603246506037));
#8070 = CARTESIAN_POINT('',(0.997691185957,6.25,5.579085650508));
#8071 = CARTESIAN_POINT('',(1.001299467198,6.25,5.536292564213));
#8072 = CARTESIAN_POINT('',(1.003189994461,6.25,5.517634239044));
#8073 = CARTESIAN_POINT('',(1.005392207408,6.25,5.499015461809));
#8074 = ORIENTED_EDGE('',*,*,#7639,.F.);
#8075 = ORIENTED_EDGE('',*,*,#8029,.F.);
#8076 = ORIENTED_EDGE('',*,*,#7731,.F.);
#8077 = ( BOUNDED_SURFACE() B_SPLINE_SURFACE(3,2,(
    (#8078,#8079,#8080)
    ,(#8081,#8082,#8083)
    ,(#8084,#8085,#8086)
    ,(#8087,#8088,#8089
)),.UNSPECIFIED.,.F.,.F.,.F.) B_SPLINE_SURFACE_WITH_KNOTS((4,4),(3,3),(
    0.,1.),(0.,1.),.PIECEWISE_BEZIER_KNOTS.) 
GEOMETRIC_REPRESENTATION_ITEM() RATIONAL_B_SPLINE_SURFACE((
    (1.,0.78642623375,1.)
    ,(1.,0.78644747018,1.)
    ,(1.,0.786104652925,1.)
,(1.,0.785401311068,1.))) REPRESENTATION_ITEM('') SURFACE() );
#8078 = CARTESIAN_POINT('',(1.023037437514,6.379043465882,5.701156363462
    ));
#8079 = CARTESIAN_POINT('',(1.02303884029,6.143414083934,5.701440280543)
  );
#8080 = CARTESIAN_POINT('',(0.794121699421,6.087585839,5.702638584487));
#8081 = CARTESIAN_POINT('',(1.022645188654,6.378927305446,5.621766569588
    ));
#8082 = CARTESIAN_POINT('',(1.022614399924,6.143310571542,5.61879368804)
  );
#8083 = CARTESIAN_POINT('',(0.79364539751,6.087469678631,5.606236746785)
  );
#8084 = CARTESIAN_POINT('',(1.029021513129,6.380815587897,5.542350741529
    ));
#8085 = CARTESIAN_POINT('',(1.029529175873,6.144996945065,5.536040986461
    ));
#8086 = CARTESIAN_POINT('',(0.801388088927,6.089357963934,5.50980311463)
  );
#8087 = CARTESIAN_POINT('',(1.042075563605,6.384681409738,5.464040510342
    ));
#8088 = CARTESIAN_POINT('',(1.043633278485,6.148436649459,5.454695900212
    ));
#8089 = CARTESIAN_POINT('',(0.817239423961,6.093223782856,5.414712191412
    ));
#8090 = ADVANCED_FACE('',(#8091),#8107,.T.);
#8091 = FACE_BOUND('',#8092,.T.);
#8092 = EDGE_LOOP('',(#8093,#8094,#8105,#8106));
#8093 = ORIENTED_EDGE('',*,*,#7582,.F.);
#8094 = ORIENTED_EDGE('',*,*,#8095,.F.);
#8095 = EDGE_CURVE('',#7741,#7573,#8096,.T.);
#8096 = B_SPLINE_CURVE_WITH_KNOTS('',3,(#8097,#8098,#8099,#8100,#8101,
    #8102,#8103,#8104),.UNSPECIFIED.,.F.,.F.,(4,2,2,4),(0.,
    0.132669384448,0.494227212632,1.),.UNSPECIFIED.);
#8097 = CARTESIAN_POINT('',(3.994607792362,6.25,5.49901546181));
#8098 = CARTESIAN_POINT('',(3.995650848407,6.25,5.507834059304));
#8099 = CARTESIAN_POINT('',(3.996623964659,6.25,5.516661212399));
#8100 = CARTESIAN_POINT('',(3.999986798161,6.25,5.549568022095));
#8101 = CARTESIAN_POINT('',(4.001925068378,6.25,5.573699898803));
#8102 = CARTESIAN_POINT('',(4.005306635627,6.25,5.631641418841));
#8103 = CARTESIAN_POINT('',(4.006245792511,6.25,5.665502260968));
#8104 = CARTESIAN_POINT('',(4.006141391222,6.25,5.699344090454));
#8105 = ORIENTED_EDGE('',*,*,#7748,.F.);
#8106 = ORIENTED_EDGE('',*,*,#8047,.F.);
#8107 = ( BOUNDED_SURFACE() B_SPLINE_SURFACE(3,2,(
    (#8108,#8109,#8110)
    ,(#8111,#8112,#8113)
    ,(#8114,#8115,#8116)
    ,(#8117,#8118,#8119
)),.UNSPECIFIED.,.F.,.F.,.F.) B_SPLINE_SURFACE_WITH_KNOTS((4,4),(3,3),(
    0.,1.),(0.,1.),.PIECEWISE_BEZIER_KNOTS.) 
GEOMETRIC_REPRESENTATION_ITEM() RATIONAL_B_SPLINE_SURFACE((
    (1.,0.786426229081,1.)
    ,(1.,0.786447520636,1.)
    ,(1.,0.786104704459,1.)
,(1.,0.785401310141,1.))) REPRESENTATION_ITEM('') SURFACE() );
#8108 = CARTESIAN_POINT('',(4.2058781952,6.0875858647,5.702659885757));
#8109 = CARTESIAN_POINT('',(3.976961065803,6.143414106836,5.70145854279)
  );
#8110 = CARTESIAN_POINT('',(3.976962475704,6.379043491582,5.701173905685
    ));
#8111 = CARTESIAN_POINT('',(4.206355740441,6.087469401107,5.60625091035)
  );
#8112 = CARTESIAN_POINT('',(3.97738661409,6.143310324245,5.61880583718)
  );
#8113 = CARTESIAN_POINT('',(3.977355748483,6.378927027923,5.621778233684
    ));
#8114 = CARTESIAN_POINT('',(4.198613071925,6.089357680826,5.50981003467)
  );
#8115 = CARTESIAN_POINT('',(3.97047185608,6.144996693393,5.536046900691)
  );
#8116 = CARTESIAN_POINT('',(3.97097944287,6.380815304788,5.542356440406)
  );
#8117 = CARTESIAN_POINT('',(4.182760555149,6.093223787951,5.414712066095
    ));
#8118 = CARTESIAN_POINT('',(3.956366702912,6.148436653996,5.454695792914
    ));
#8119 = CARTESIAN_POINT('',(3.957924419191,6.384681414833,5.46404040714)
  );
#8120 = ADVANCED_FACE('',(#8121,#8127),#8137,.T.);
#8121 = FACE_BOUND('',#8122,.T.);
#8122 = EDGE_LOOP('',(#8123,#8124,#8125,#8126));
#8123 = ORIENTED_EDGE('',*,*,#7827,.T.);
#8124 = ORIENTED_EDGE('',*,*,#7940,.T.);
#8125 = ORIENTED_EDGE('',*,*,#7858,.T.);
#8126 = ORIENTED_EDGE('',*,*,#7985,.F.);
#8127 = FACE_BOUND('',#8128,.T.);
#8128 = EDGE_LOOP('',(#8129,#8136));
#8129 = ORIENTED_EDGE('',*,*,#8130,.F.);
#8130 = EDGE_CURVE('',#4702,#4710,#8131,.T.);
#8131 = CIRCLE('',#8132,1.4);
#8132 = AXIS2_PLACEMENT_3D('',#8133,#8134,#8135);
#8133 = CARTESIAN_POINT('',(2.5,5.95,2.75));
#8134 = DIRECTION('',(0.,-1.,0.));
#8135 = DIRECTION('',(0.,0.,1.));
#8136 = ORIENTED_EDGE('',*,*,#4709,.F.);
#8137 = PLANE('',#8138);
#8138 = AXIS2_PLACEMENT_3D('',#8139,#8140,#8141);
#8139 = CARTESIAN_POINT('',(0.45,5.95,0.65));
#8140 = DIRECTION('',(0.,1.,0.));
#8141 = DIRECTION('',(0.,-0.,1.));
#8142 = ADVANCED_FACE('',(#8143),#8155,.F.);
#8143 = FACE_BOUND('',#8144,.F.);
#8144 = EDGE_LOOP('',(#8145,#8146,#8147,#8154));
#8145 = ORIENTED_EDGE('',*,*,#8130,.F.);
#8146 = ORIENTED_EDGE('',*,*,#4699,.F.);
#8147 = ORIENTED_EDGE('',*,*,#8148,.F.);
#8148 = EDGE_CURVE('',#4719,#4700,#8149,.T.);
#8149 = CIRCLE('',#8150,1.4);
#8150 = AXIS2_PLACEMENT_3D('',#8151,#8152,#8153);
#8151 = CARTESIAN_POINT('',(2.5,6.25,2.75));
#8152 = DIRECTION('',(0.,1.,0.));
#8153 = DIRECTION('',(0.,-0.,1.));
#8154 = ORIENTED_EDGE('',*,*,#4718,.T.);
#8155 = CYLINDRICAL_SURFACE('',#8156,1.4);
#8156 = AXIS2_PLACEMENT_3D('',#8157,#8158,#8159);
#8157 = CARTESIAN_POINT('',(2.5,9.55,2.75));
#8158 = DIRECTION('',(0.,-1.,0.));
#8159 = DIRECTION('',(0.,0.,-1.));
#8160 = ADVANCED_FACE('',(#8161,#8167,#8173),#8177,.T.);
#8161 = FACE_BOUND('',#8162,.T.);
#8162 = EDGE_LOOP('',(#8163,#8164,#8165,#8166));
#8163 = ORIENTED_EDGE('',*,*,#7373,.F.);
#8164 = ORIENTED_EDGE('',*,*,#7425,.F.);
#8165 = ORIENTED_EDGE('',*,*,#7023,.F.);
#8166 = ORIENTED_EDGE('',*,*,#7447,.F.);
#8167 = FACE_BOUND('',#8168,.T.);
#8168 = EDGE_LOOP('',(#8169,#8170,#8171,#8172));
#8169 = ORIENTED_EDGE('',*,*,#7572,.T.);
#8170 = ORIENTED_EDGE('',*,*,#8064,.T.);
#8171 = ORIENTED_EDGE('',*,*,#7740,.F.);
#8172 = ORIENTED_EDGE('',*,*,#8095,.T.);
#8173 = FACE_BOUND('',#8174,.T.);
#8174 = EDGE_LOOP('',(#8175,#8176));
#8175 = ORIENTED_EDGE('',*,*,#4726,.F.);
#8176 = ORIENTED_EDGE('',*,*,#8148,.F.);
#8177 = PLANE('',#8178);
#8178 = AXIS2_PLACEMENT_3D('',#8179,#8180,#8181);
#8179 = CARTESIAN_POINT('',(2.5,6.25,0.75));
#8180 = DIRECTION('',(0.,1.,0.));
#8181 = DIRECTION('',(0.,-0.,1.));
#8182 = ADVANCED_FACE('',(#8183),#8193,.T.);
#8183 = FACE_BOUND('',#8184,.T.);
#8184 = EDGE_LOOP('',(#8185,#8192));
#8185 = ORIENTED_EDGE('',*,*,#8186,.T.);
#8186 = EDGE_CURVE('',#4664,#4662,#8187,.T.);
#8187 = CIRCLE('',#8188,0.25);
#8188 = AXIS2_PLACEMENT_3D('',#8189,#8190,#8191);
#8189 = CARTESIAN_POINT('',(2.5,4.25,-4.35));
#8190 = DIRECTION('',(0.,0.,-1.));
#8191 = DIRECTION('',(-1.,0.,0.));
#8192 = ORIENTED_EDGE('',*,*,#4661,.T.);
#8193 = PLANE('',#8194);
#8194 = AXIS2_PLACEMENT_3D('',#8195,#8196,#8197);
#8195 = CARTESIAN_POINT('',(2.5,4.25,-4.35));
#8196 = DIRECTION('',(0.,0.,-1.));
#8197 = DIRECTION('',(-1.,0.,0.));
#8198 = ADVANCED_FACE('',(#8199),#8205,.T.);
#8199 = FACE_BOUND('',#8200,.T.);
#8200 = EDGE_LOOP('',(#8201,#8202,#8203,#8204));
#8201 = ORIENTED_EDGE('',*,*,#4672,.F.);
#8202 = ORIENTED_EDGE('',*,*,#8186,.F.);
#8203 = ORIENTED_EDGE('',*,*,#4685,.T.);
#8204 = ORIENTED_EDGE('',*,*,#4638,.F.);
#8205 = CONICAL_SURFACE('',#8206,0.25,0.463647608471);
#8206 = AXIS2_PLACEMENT_3D('',#8207,#8208,#8209);
#8207 = CARTESIAN_POINT('',(2.5,4.25,-4.35));
#8208 = DIRECTION('',(0.,0.,1.));
#8209 = DIRECTION('',(-1.,0.,0.));
#8210 = ADVANCED_FACE('',(#8211),#8217,.T.);
#8211 = FACE_BOUND('',#8212,.T.);
#8212 = EDGE_LOOP('',(#8213,#8214,#8215,#8216));
#8213 = ORIENTED_EDGE('',*,*,#4630,.F.);
#8214 = ORIENTED_EDGE('',*,*,#6829,.F.);
#8215 = ORIENTED_EDGE('',*,*,#4647,.T.);
#8216 = ORIENTED_EDGE('',*,*,#4678,.T.);
#8217 = CYLINDRICAL_SURFACE('',#8218,0.5);
#8218 = AXIS2_PLACEMENT_3D('',#8219,#8220,#8221);
#8219 = CARTESIAN_POINT('',(2.5,4.25,0.75));
#8220 = DIRECTION('',(0.,0.,-1.));
#8221 = DIRECTION('',(-1.,0.,0.));
#8222 = ( GEOMETRIC_REPRESENTATION_CONTEXT(3) 
GLOBAL_UNCERTAINTY_ASSIGNED_CONTEXT((#8226)) 
GLOBAL_UNIT_ASSIGNED_CONTEXT((#8223,#8224,#8225)) REPRESENTATION_CONTEXT
('Context #1','3D Context with UNIT and UNCERTAINTY') );
#8223 = ( LENGTH_UNIT() NAMED_UNIT(*) SI_UNIT(.MILLI.,.METRE.) );
#8224 = ( NAMED_UNIT(*) PLANE_ANGLE_UNIT() SI_UNIT($,.RADIAN.) );
#8225 = ( NAMED_UNIT(*) SI_UNIT($,.STERADIAN.) SOLID_ANGLE_UNIT() );
#8226 = UNCERTAINTY_MEASURE_WITH_UNIT(LENGTH_MEASURE(2.E-05),#8223,
  'distance_accuracy_value','confusion accuracy');
#8227 = SHAPE_DEFINITION_REPRESENTATION(#8228,#4612);
#8228 = PRODUCT_DEFINITION_SHAPE('','',#8229);
#8229 = PRODUCT_DEFINITION('design','',#8230,#8233);
#8230 = PRODUCT_DEFINITION_FORMATION('','',#8231);
#8231 = PRODUCT('TB002-500-02P_Blue - S','TB002-500-02P_Blue - S','',(
    #8232));
#8232 = PRODUCT_CONTEXT('',#2,'mechanical');
#8233 = PRODUCT_DEFINITION_CONTEXT('part definition',#2,'design');
#8234 = CONTEXT_DEPENDENT_SHAPE_REPRESENTATION(#8235,#8237);
#8235 = ( REPRESENTATION_RELATIONSHIP('','',#4612,#4602) 
REPRESENTATION_RELATIONSHIP_WITH_TRANSFORMATION(#8236) 
SHAPE_REPRESENTATION_RELATIONSHIP() );
#8236 = ITEM_DEFINED_TRANSFORMATION('','',#11,#4603);
#8237 = PRODUCT_DEFINITION_SHAPE('Placement','Placement of an item',
  #8238);
#8238 = NEXT_ASSEMBLY_USAGE_OCCURRENCE('9','NAUO1','',#4597,#8229,$);
#8239 = PRODUCT_RELATED_PRODUCT_CATEGORY('part',$,(#8231));
#8240 = CONTEXT_DEPENDENT_SHAPE_REPRESENTATION(#8241,#8243);
#8241 = ( REPRESENTATION_RELATIONSHIP('','',#4602,#4585) 
REPRESENTATION_RELATIONSHIP_WITH_TRANSFORMATION(#8242) 
SHAPE_REPRESENTATION_RELATIONSHIP() );
#8242 = ITEM_DEFINED_TRANSFORMATION('','',#11,#4586);
#8243 = PRODUCT_DEFINITION_SHAPE('Placement','Placement of an item',
  #8244);
#8244 = NEXT_ASSEMBLY_USAGE_OCCURRENCE('10','','',#4580,#4597,$);
#8245 = PRODUCT_RELATED_PRODUCT_CATEGORY('part',$,(#4599));
#8246 = CONTEXT_DEPENDENT_SHAPE_REPRESENTATION(#8247,#8249);
#8247 = ( REPRESENTATION_RELATIONSHIP('','',#4585,#10) 
REPRESENTATION_RELATIONSHIP_WITH_TRANSFORMATION(#8248) 
SHAPE_REPRESENTATION_RELATIONSHIP() );
#8248 = ITEM_DEFINED_TRANSFORMATION('','',#11,#27);
#8249 = PRODUCT_DEFINITION_SHAPE('Placement','Placement of an item',
  #8250);
#8250 = NEXT_ASSEMBLY_USAGE_OCCURRENCE('11','','',#5,#4580,$);
#8251 = PRODUCT_RELATED_PRODUCT_CATEGORY('part',$,(#4582));
#8252 = SHAPE_DEFINITION_REPRESENTATION(#8253,#8259);
#8253 = PRODUCT_DEFINITION_SHAPE('','',#8254);
#8254 = PRODUCT_DEFINITION('design','',#8255,#8258);
#8255 = PRODUCT_DEFINITION_FORMATION('','',#8256);
#8256 = PRODUCT('C2','C2','',(#8257));
#8257 = PRODUCT_CONTEXT('',#2,'mechanical');
#8258 = PRODUCT_DEFINITION_CONTEXT('part definition',#2,'design');
#8259 = SHAPE_REPRESENTATION('',(#11,#8260),#8264);
#8260 = AXIS2_PLACEMENT_3D('',#8261,#8262,#8263);
#8261 = CARTESIAN_POINT('',(23.911106660352,48.866214277539,0.));
#8262 = DIRECTION('',(0.,0.,1.));
#8263 = DIRECTION('',(-4.371138828674E-08,1.,0.));
#8264 = ( GEOMETRIC_REPRESENTATION_CONTEXT(3) 
GLOBAL_UNCERTAINTY_ASSIGNED_CONTEXT((#8268)) 
GLOBAL_UNIT_ASSIGNED_CONTEXT((#8265,#8266,#8267)) REPRESENTATION_CONTEXT
('Context #1','3D Context with UNIT and UNCERTAINTY') );
#8265 = ( LENGTH_UNIT() NAMED_UNIT(*) SI_UNIT(.MILLI.,.METRE.) );
#8266 = ( NAMED_UNIT(*) PLANE_ANGLE_UNIT() SI_UNIT($,.RADIAN.) );
#8267 = ( NAMED_UNIT(*) SI_UNIT($,.STERADIAN.) SOLID_ANGLE_UNIT() );
#8268 = UNCERTAINTY_MEASURE_WITH_UNIT(LENGTH_MEASURE(2.E-04),#8265,
  'distance_accuracy_value','confusion accuracy');
#8269 = SHAPE_REPRESENTATION('',(#11,#8270,#8322,#8374,#8426),#8646);
#8270 = MANIFOLD_SOLID_BREP('',#8271);
#8271 = CLOSED_SHELL('',(#8272,#8304,#8313));
#8272 = ADVANCED_FACE('',(#8273),#8299,.T.);
#8273 = FACE_BOUND('',#8274,.T.);
#8274 = EDGE_LOOP('',(#8275,#8284,#8291,#8298));
#8275 = ORIENTED_EDGE('',*,*,#8276,.F.);
#8276 = EDGE_CURVE('',#8277,#8277,#8279,.T.);
#8277 = VERTEX_POINT('',#8278);
#8278 = CARTESIAN_POINT('',(1.746,0.,0.));
#8279 = CIRCLE('',#8280,0.254);
#8280 = AXIS2_PLACEMENT_3D('',#8281,#8282,#8283);
#8281 = CARTESIAN_POINT('',(2.,0.,0.));
#8282 = DIRECTION('',(0.,0.,1.));
#8283 = DIRECTION('',(1.,0.,-0.));
#8284 = ORIENTED_EDGE('',*,*,#8285,.F.);
#8285 = EDGE_CURVE('',#8286,#8277,#8288,.T.);
#8286 = VERTEX_POINT('',#8287);
#8287 = CARTESIAN_POINT('',(1.746,0.,-4.064));
#8288 = B_SPLINE_CURVE_WITH_KNOTS('',1,(#8289,#8290),.UNSPECIFIED.,.F.,
  .F.,(2,2),(0.,4.064),.PIECEWISE_BEZIER_KNOTS.);
#8289 = CARTESIAN_POINT('',(1.746,9.331808609503E-17,-4.064));
#8290 = CARTESIAN_POINT('',(1.746,9.331808609503E-17,0.));
#8291 = ORIENTED_EDGE('',*,*,#8292,.F.);
#8292 = EDGE_CURVE('',#8286,#8286,#8293,.T.);
#8293 = CIRCLE('',#8294,0.254);
#8294 = AXIS2_PLACEMENT_3D('',#8295,#8296,#8297);
#8295 = CARTESIAN_POINT('',(2.,0.,-4.064));
#8296 = DIRECTION('',(0.,0.,-1.));
#8297 = DIRECTION('',(1.,0.,0.));
#8298 = ORIENTED_EDGE('',*,*,#8285,.T.);
#8299 = CYLINDRICAL_SURFACE('',#8300,0.254);
#8300 = AXIS2_PLACEMENT_3D('',#8301,#8302,#8303);
#8301 = CARTESIAN_POINT('',(2.,0.,-4.064));
#8302 = DIRECTION('',(0.,0.,1.));
#8303 = DIRECTION('',(1.,0.,-0.));
#8304 = ADVANCED_FACE('',(#8305),#8308,.F.);
#8305 = FACE_BOUND('',#8306,.T.);
#8306 = EDGE_LOOP('',(#8307));
#8307 = ORIENTED_EDGE('',*,*,#8292,.T.);
#8308 = PLANE('',#8309);
#8309 = AXIS2_PLACEMENT_3D('',#8310,#8311,#8312);
#8310 = CARTESIAN_POINT('',(2.,0.,-4.064));
#8311 = DIRECTION('',(0.,0.,1.));
#8312 = DIRECTION('',(0.,1.,0.));
#8313 = ADVANCED_FACE('',(#8314),#8317,.T.);
#8314 = FACE_BOUND('',#8315,.T.);
#8315 = EDGE_LOOP('',(#8316));
#8316 = ORIENTED_EDGE('',*,*,#8276,.T.);
#8317 = PLANE('',#8318);
#8318 = AXIS2_PLACEMENT_3D('',#8319,#8320,#8321);
#8319 = CARTESIAN_POINT('',(2.,0.,0.));
#8320 = DIRECTION('',(0.,0.,1.));
#8321 = DIRECTION('',(0.,1.,0.));
#8322 = MANIFOLD_SOLID_BREP('',#8323);
#8323 = CLOSED_SHELL('',(#8324,#8356,#8365));
#8324 = ADVANCED_FACE('',(#8325),#8351,.T.);
#8325 = FACE_BOUND('',#8326,.T.);
#8326 = EDGE_LOOP('',(#8327,#8336,#8343,#8350));
#8327 = ORIENTED_EDGE('',*,*,#8328,.F.);
#8328 = EDGE_CURVE('',#8329,#8329,#8331,.T.);
#8329 = VERTEX_POINT('',#8330);
#8330 = CARTESIAN_POINT('',(-0.254,0.,0.));
#8331 = CIRCLE('',#8332,0.254);
#8332 = AXIS2_PLACEMENT_3D('',#8333,#8334,#8335);
#8333 = CARTESIAN_POINT('',(0.,0.,0.));
#8334 = DIRECTION('',(0.,0.,1.));
#8335 = DIRECTION('',(1.,0.,-0.));
#8336 = ORIENTED_EDGE('',*,*,#8337,.F.);
#8337 = EDGE_CURVE('',#8338,#8329,#8340,.T.);
#8338 = VERTEX_POINT('',#8339);
#8339 = CARTESIAN_POINT('',(-0.254,0.,-4.064));
#8340 = B_SPLINE_CURVE_WITH_KNOTS('',1,(#8341,#8342),.UNSPECIFIED.,.F.,
  .F.,(2,2),(0.,4.064),.PIECEWISE_BEZIER_KNOTS.);
#8341 = CARTESIAN_POINT('',(-0.254,9.331808609503E-17,-4.064));
#8342 = CARTESIAN_POINT('',(-0.254,9.331808609503E-17,0.));
#8343 = ORIENTED_EDGE('',*,*,#8344,.F.);
#8344 = EDGE_CURVE('',#8338,#8338,#8345,.T.);
#8345 = CIRCLE('',#8346,0.254);
#8346 = AXIS2_PLACEMENT_3D('',#8347,#8348,#8349);
#8347 = CARTESIAN_POINT('',(0.,0.,-4.064));
#8348 = DIRECTION('',(0.,0.,-1.));
#8349 = DIRECTION('',(1.,0.,0.));
#8350 = ORIENTED_EDGE('',*,*,#8337,.T.);
#8351 = CYLINDRICAL_SURFACE('',#8352,0.254);
#8352 = AXIS2_PLACEMENT_3D('',#8353,#8354,#8355);
#8353 = CARTESIAN_POINT('',(0.,0.,-4.064));
#8354 = DIRECTION('',(0.,0.,1.));
#8355 = DIRECTION('',(1.,0.,-0.));
#8356 = ADVANCED_FACE('',(#8357),#8360,.F.);
#8357 = FACE_BOUND('',#8358,.T.);
#8358 = EDGE_LOOP('',(#8359));
#8359 = ORIENTED_EDGE('',*,*,#8344,.T.);
#8360 = PLANE('',#8361);
#8361 = AXIS2_PLACEMENT_3D('',#8362,#8363,#8364);
#8362 = CARTESIAN_POINT('',(0.,0.,-4.064));
#8363 = DIRECTION('',(0.,0.,1.));
#8364 = DIRECTION('',(0.,1.,0.));
#8365 = ADVANCED_FACE('',(#8366),#8369,.T.);
#8366 = FACE_BOUND('',#8367,.T.);
#8367 = EDGE_LOOP('',(#8368));
#8368 = ORIENTED_EDGE('',*,*,#8328,.T.);
#8369 = PLANE('',#8370);
#8370 = AXIS2_PLACEMENT_3D('',#8371,#8372,#8373);
#8371 = CARTESIAN_POINT('',(0.,0.,0.));
#8372 = DIRECTION('',(0.,0.,1.));
#8373 = DIRECTION('',(0.,1.,0.));
#8374 = MANIFOLD_SOLID_BREP('',#8375);
#8375 = CLOSED_SHELL('',(#8376,#8408,#8417));
#8376 = ADVANCED_FACE('',(#8377),#8403,.T.);
#8377 = FACE_BOUND('',#8378,.T.);
#8378 = EDGE_LOOP('',(#8379,#8388,#8395,#8402));
#8379 = ORIENTED_EDGE('',*,*,#8380,.F.);
#8380 = EDGE_CURVE('',#8381,#8381,#8383,.T.);
#8381 = VERTEX_POINT('',#8382);
#8382 = CARTESIAN_POINT('',(-1.502,0.,11.989));
#8383 = CIRCLE('',#8384,2.5019);
#8384 = AXIS2_PLACEMENT_3D('',#8385,#8386,#8387);
#8385 = CARTESIAN_POINT('',(1.,0.,11.989));
#8386 = DIRECTION('',(0.,0.,1.));
#8387 = DIRECTION('',(1.,0.,-0.));
#8388 = ORIENTED_EDGE('',*,*,#8389,.F.);
#8389 = EDGE_CURVE('',#8390,#8381,#8392,.T.);
#8390 = VERTEX_POINT('',#8391);
#8391 = CARTESIAN_POINT('',(-1.502,0.,0.));
#8392 = B_SPLINE_CURVE_WITH_KNOTS('',1,(#8393,#8394),.UNSPECIFIED.,.F.,
  .F.,(2,2),(0.,11.989),.PIECEWISE_BEZIER_KNOTS.);
#8393 = CARTESIAN_POINT('',(-1.5019,9.19183148036E-16,0.));
#8394 = CARTESIAN_POINT('',(-1.5019,9.19183148036E-16,11.989));
#8395 = ORIENTED_EDGE('',*,*,#8396,.F.);
#8396 = EDGE_CURVE('',#8390,#8390,#8397,.T.);
#8397 = CIRCLE('',#8398,2.5019);
#8398 = AXIS2_PLACEMENT_3D('',#8399,#8400,#8401);
#8399 = CARTESIAN_POINT('',(1.,0.,0.));
#8400 = DIRECTION('',(0.,0.,-1.));
#8401 = DIRECTION('',(1.,0.,0.));
#8402 = ORIENTED_EDGE('',*,*,#8389,.T.);
#8403 = CYLINDRICAL_SURFACE('',#8404,2.5019);
#8404 = AXIS2_PLACEMENT_3D('',#8405,#8406,#8407);
#8405 = CARTESIAN_POINT('',(1.,0.,0.));
#8406 = DIRECTION('',(0.,0.,1.));
#8407 = DIRECTION('',(1.,0.,-0.));
#8408 = ADVANCED_FACE('',(#8409),#8412,.F.);
#8409 = FACE_BOUND('',#8410,.T.);
#8410 = EDGE_LOOP('',(#8411));
#8411 = ORIENTED_EDGE('',*,*,#8396,.T.);
#8412 = PLANE('',#8413);
#8413 = AXIS2_PLACEMENT_3D('',#8414,#8415,#8416);
#8414 = CARTESIAN_POINT('',(1.,0.,0.));
#8415 = DIRECTION('',(0.,0.,1.));
#8416 = DIRECTION('',(0.,1.,0.));
#8417 = ADVANCED_FACE('',(#8418),#8421,.T.);
#8418 = FACE_BOUND('',#8419,.T.);
#8419 = EDGE_LOOP('',(#8420));
#8420 = ORIENTED_EDGE('',*,*,#8380,.T.);
#8421 = PLANE('',#8422);
#8422 = AXIS2_PLACEMENT_3D('',#8423,#8424,#8425);
#8423 = CARTESIAN_POINT('',(1.,0.,11.989));
#8424 = DIRECTION('',(0.,0.,1.));
#8425 = DIRECTION('',(0.,1.,0.));
#8426 = MANIFOLD_SOLID_BREP('',#8427);
#8427 = CLOSED_SHELL('',(#8428,#8484,#8540,#8562,#8586,#8610,#8622,#8634
    ));
#8428 = ADVANCED_FACE('',(#8429),#8479,.T.);
#8429 = FACE_BOUND('',#8430,.T.);
#8430 = EDGE_LOOP('',(#8431,#8441,#8449,#8457,#8465,#8473));
#8431 = ORIENTED_EDGE('',*,*,#8432,.F.);
#8432 = EDGE_CURVE('',#8433,#8435,#8437,.T.);
#8433 = VERTEX_POINT('',#8434);
#8434 = CARTESIAN_POINT('',(3.464,0.488,2.388));
#8435 = VERTEX_POINT('',#8436);
#8436 = CARTESIAN_POINT('',(3.489,0.488,2.388));
#8437 = LINE('',#8438,#8439);
#8438 = CARTESIAN_POINT('',(3.464,0.488,2.388));
#8439 = VECTOR('',#8440,1.);
#8440 = DIRECTION('',(1.,0.,0.));
#8441 = ORIENTED_EDGE('',*,*,#8442,.F.);
#8442 = EDGE_CURVE('',#8443,#8433,#8445,.T.);
#8443 = VERTEX_POINT('',#8444);
#8444 = CARTESIAN_POINT('',(3.464,0.488,11.979));
#8445 = LINE('',#8446,#8447);
#8446 = CARTESIAN_POINT('',(3.464,0.488,11.979));
#8447 = VECTOR('',#8448,1.);
#8448 = DIRECTION('',(0.,0.,-1.));
#8449 = ORIENTED_EDGE('',*,*,#8450,.F.);
#8450 = EDGE_CURVE('',#8451,#8443,#8453,.T.);
#8451 = VERTEX_POINT('',#8452);
#8452 = CARTESIAN_POINT('',(1.511,0.488,11.979));
#8453 = LINE('',#8454,#8455);
#8454 = CARTESIAN_POINT('',(1.511,0.488,11.979));
#8455 = VECTOR('',#8456,1.);
#8456 = DIRECTION('',(1.,0.,0.));
#8457 = ORIENTED_EDGE('',*,*,#8458,.F.);
#8458 = EDGE_CURVE('',#8459,#8451,#8461,.T.);
#8459 = VERTEX_POINT('',#8460);
#8460 = CARTESIAN_POINT('',(1.511,0.488,12.004));
#8461 = LINE('',#8462,#8463);
#8462 = CARTESIAN_POINT('',(1.511,0.488,12.004));
#8463 = VECTOR('',#8464,1.);
#8464 = DIRECTION('',(0.,0.,-1.));
#8465 = ORIENTED_EDGE('',*,*,#8466,.F.);
#8466 = EDGE_CURVE('',#8467,#8459,#8469,.T.);
#8467 = VERTEX_POINT('',#8468);
#8468 = CARTESIAN_POINT('',(3.489,0.488,12.004));
#8469 = LINE('',#8470,#8471);
#8470 = CARTESIAN_POINT('',(3.489,0.488,12.004));
#8471 = VECTOR('',#8472,1.);
#8472 = DIRECTION('',(-1.,0.,0.));
#8473 = ORIENTED_EDGE('',*,*,#8474,.F.);
#8474 = EDGE_CURVE('',#8435,#8467,#8475,.T.);
#8475 = LINE('',#8476,#8477);
#8476 = CARTESIAN_POINT('',(3.489,0.488,2.388));
#8477 = VECTOR('',#8478,1.);
#8478 = DIRECTION('',(0.,0.,1.));
#8479 = PLANE('',#8480);
#8480 = AXIS2_PLACEMENT_3D('',#8481,#8482,#8483);
#8481 = CARTESIAN_POINT('',(3.489,0.488,2.388));
#8482 = DIRECTION('',(0.,1.,0.));
#8483 = DIRECTION('',(0.,-0.,1.));
#8484 = ADVANCED_FACE('',(#8485),#8535,.T.);
#8485 = FACE_BOUND('',#8486,.T.);
#8486 = EDGE_LOOP('',(#8487,#8497,#8505,#8513,#8521,#8529));
#8487 = ORIENTED_EDGE('',*,*,#8488,.F.);
#8488 = EDGE_CURVE('',#8489,#8491,#8493,.T.);
#8489 = VERTEX_POINT('',#8490);
#8490 = CARTESIAN_POINT('',(3.489,-0.488,2.388));
#8491 = VERTEX_POINT('',#8492);
#8492 = CARTESIAN_POINT('',(3.464,-0.488,2.388));
#8493 = LINE('',#8494,#8495);
#8494 = CARTESIAN_POINT('',(3.489,-0.488,2.388));
#8495 = VECTOR('',#8496,1.);
#8496 = DIRECTION('',(-1.,0.,0.));
#8497 = ORIENTED_EDGE('',*,*,#8498,.F.);
#8498 = EDGE_CURVE('',#8499,#8489,#8501,.T.);
#8499 = VERTEX_POINT('',#8500);
#8500 = CARTESIAN_POINT('',(3.489,-0.488,12.004));
#8501 = LINE('',#8502,#8503);
#8502 = CARTESIAN_POINT('',(3.489,-0.488,12.004));
#8503 = VECTOR('',#8504,1.);
#8504 = DIRECTION('',(0.,0.,-1.));
#8505 = ORIENTED_EDGE('',*,*,#8506,.F.);
#8506 = EDGE_CURVE('',#8507,#8499,#8509,.T.);
#8507 = VERTEX_POINT('',#8508);
#8508 = CARTESIAN_POINT('',(1.511,-0.488,12.004));
#8509 = LINE('',#8510,#8511);
#8510 = CARTESIAN_POINT('',(1.511,-0.488,12.004));
#8511 = VECTOR('',#8512,1.);
#8512 = DIRECTION('',(1.,0.,0.));
#8513 = ORIENTED_EDGE('',*,*,#8514,.F.);
#8514 = EDGE_CURVE('',#8515,#8507,#8517,.T.);
#8515 = VERTEX_POINT('',#8516);
#8516 = CARTESIAN_POINT('',(1.511,-0.488,11.979));
#8517 = LINE('',#8518,#8519);
#8518 = CARTESIAN_POINT('',(1.511,-0.488,11.979));
#8519 = VECTOR('',#8520,1.);
#8520 = DIRECTION('',(0.,0.,1.));
#8521 = ORIENTED_EDGE('',*,*,#8522,.F.);
#8522 = EDGE_CURVE('',#8523,#8515,#8525,.T.);
#8523 = VERTEX_POINT('',#8524);
#8524 = CARTESIAN_POINT('',(3.464,-0.488,11.979));
#8525 = LINE('',#8526,#8527);
#8526 = CARTESIAN_POINT('',(3.464,-0.488,11.979));
#8527 = VECTOR('',#8528,1.);
#8528 = DIRECTION('',(-1.,0.,0.));
#8529 = ORIENTED_EDGE('',*,*,#8530,.F.);
#8530 = EDGE_CURVE('',#8491,#8523,#8531,.T.);
#8531 = LINE('',#8532,#8533);
#8532 = CARTESIAN_POINT('',(3.464,-0.488,2.388));
#8533 = VECTOR('',#8534,1.);
#8534 = DIRECTION('',(0.,0.,1.));
#8535 = PLANE('',#8536);
#8536 = AXIS2_PLACEMENT_3D('',#8537,#8538,#8539);
#8537 = CARTESIAN_POINT('',(3.464,-0.488,2.388));
#8538 = DIRECTION('',(0.,-1.,0.));
#8539 = DIRECTION('',(0.,0.,1.));
#8540 = ADVANCED_FACE('',(#8541),#8557,.T.);
#8541 = FACE_BOUND('',#8542,.T.);
#8542 = EDGE_LOOP('',(#8543,#8549,#8550,#8556));
#8543 = ORIENTED_EDGE('',*,*,#8544,.F.);
#8544 = EDGE_CURVE('',#8515,#8451,#8545,.T.);
#8545 = LINE('',#8546,#8547);
#8546 = CARTESIAN_POINT('',(1.511,-0.488,11.979));
#8547 = VECTOR('',#8548,1.);
#8548 = DIRECTION('',(0.,1.,0.));
#8549 = ORIENTED_EDGE('',*,*,#8514,.T.);
#8550 = ORIENTED_EDGE('',*,*,#8551,.F.);
#8551 = EDGE_CURVE('',#8459,#8507,#8552,.T.);
#8552 = LINE('',#8553,#8554);
#8553 = CARTESIAN_POINT('',(1.511,0.488,12.004));
#8554 = VECTOR('',#8555,1.);
#8555 = DIRECTION('',(0.,-1.,0.));
#8556 = ORIENTED_EDGE('',*,*,#8458,.T.);
#8557 = PLANE('',#8558);
#8558 = AXIS2_PLACEMENT_3D('',#8559,#8560,#8561);
#8559 = CARTESIAN_POINT('',(1.511,0.488,11.979));
#8560 = DIRECTION('',(-1.,0.,0.));
#8561 = DIRECTION('',(0.,0.,1.));
#8562 = ADVANCED_FACE('',(#8563),#8581,.T.);
#8563 = FACE_BOUND('',#8564,.T.);
#8564 = EDGE_LOOP('',(#8565,#8566,#8573,#8574));
#8565 = ORIENTED_EDGE('',*,*,#8498,.T.);
#8566 = ORIENTED_EDGE('',*,*,#8567,.F.);
#8567 = EDGE_CURVE('',#8435,#8489,#8568,.T.);
#8568 = CIRCLE('',#8569,2.5273);
#8569 = AXIS2_PLACEMENT_3D('',#8570,#8571,#8572);
#8570 = CARTESIAN_POINT('',(1.01,0.,2.388));
#8571 = DIRECTION('',(0.,0.,-1.));
#8572 = DIRECTION('',(1.,0.,0.));
#8573 = ORIENTED_EDGE('',*,*,#8474,.T.);
#8574 = ORIENTED_EDGE('',*,*,#8575,.F.);
#8575 = EDGE_CURVE('',#8499,#8467,#8576,.T.);
#8576 = CIRCLE('',#8577,2.5273);
#8577 = AXIS2_PLACEMENT_3D('',#8578,#8579,#8580);
#8578 = CARTESIAN_POINT('',(1.01,0.,12.004));
#8579 = DIRECTION('',(0.,0.,1.));
#8580 = DIRECTION('',(-1.,0.,0.));
#8581 = CYLINDRICAL_SURFACE('',#8582,2.5273);
#8582 = AXIS2_PLACEMENT_3D('',#8583,#8584,#8585);
#8583 = CARTESIAN_POINT('',(1.01,0.,2.388));
#8584 = DIRECTION('',(0.,0.,1.));
#8585 = DIRECTION('',(-1.,0.,0.));
#8586 = ADVANCED_FACE('',(#8587),#8605,.F.);
#8587 = FACE_BOUND('',#8588,.F.);
#8588 = EDGE_LOOP('',(#8589,#8596,#8597,#8604));
#8589 = ORIENTED_EDGE('',*,*,#8590,.T.);
#8590 = EDGE_CURVE('',#8443,#8523,#8591,.T.);
#8591 = CIRCLE('',#8592,2.5019);
#8592 = AXIS2_PLACEMENT_3D('',#8593,#8594,#8595);
#8593 = CARTESIAN_POINT('',(1.01,0.,11.979));
#8594 = DIRECTION('',(0.,0.,-1.));
#8595 = DIRECTION('',(1.,0.,0.));
#8596 = ORIENTED_EDGE('',*,*,#8530,.F.);
#8597 = ORIENTED_EDGE('',*,*,#8598,.T.);
#8598 = EDGE_CURVE('',#8491,#8433,#8599,.T.);
#8599 = CIRCLE('',#8600,2.5019);
#8600 = AXIS2_PLACEMENT_3D('',#8601,#8602,#8603);
#8601 = CARTESIAN_POINT('',(1.01,0.,2.388));
#8602 = DIRECTION('',(0.,0.,1.));
#8603 = DIRECTION('',(-1.,0.,0.));
#8604 = ORIENTED_EDGE('',*,*,#8442,.F.);
#8605 = CYLINDRICAL_SURFACE('',#8606,2.5019);
#8606 = AXIS2_PLACEMENT_3D('',#8607,#8608,#8609);
#8607 = CARTESIAN_POINT('',(1.01,0.,2.388));
#8608 = DIRECTION('',(0.,0.,1.));
#8609 = DIRECTION('',(-1.,0.,0.));
#8610 = ADVANCED_FACE('',(#8611),#8617,.T.);
#8611 = FACE_BOUND('',#8612,.T.);
#8612 = EDGE_LOOP('',(#8613,#8614,#8615,#8616));
#8613 = ORIENTED_EDGE('',*,*,#8432,.T.);
#8614 = ORIENTED_EDGE('',*,*,#8567,.T.);
#8615 = ORIENTED_EDGE('',*,*,#8488,.T.);
#8616 = ORIENTED_EDGE('',*,*,#8598,.T.);
#8617 = PLANE('',#8618);
#8618 = AXIS2_PLACEMENT_3D('',#8619,#8620,#8621);
#8619 = CARTESIAN_POINT('',(3.489,0.488,2.388));
#8620 = DIRECTION('',(0.,0.,-1.));
#8621 = DIRECTION('',(1.,0.,0.));
#8622 = ADVANCED_FACE('',(#8623),#8629,.T.);
#8623 = FACE_BOUND('',#8624,.T.);
#8624 = EDGE_LOOP('',(#8625,#8626,#8627,#8628));
#8625 = ORIENTED_EDGE('',*,*,#8522,.T.);
#8626 = ORIENTED_EDGE('',*,*,#8544,.T.);
#8627 = ORIENTED_EDGE('',*,*,#8450,.T.);
#8628 = ORIENTED_EDGE('',*,*,#8590,.T.);
#8629 = PLANE('',#8630);
#8630 = AXIS2_PLACEMENT_3D('',#8631,#8632,#8633);
#8631 = CARTESIAN_POINT('',(1.511,-0.488,11.979));
#8632 = DIRECTION('',(0.,0.,-1.));
#8633 = DIRECTION('',(1.,0.,0.));
#8634 = ADVANCED_FACE('',(#8635),#8641,.T.);
#8635 = FACE_BOUND('',#8636,.T.);
#8636 = EDGE_LOOP('',(#8637,#8638,#8639,#8640));
#8637 = ORIENTED_EDGE('',*,*,#8466,.T.);
#8638 = ORIENTED_EDGE('',*,*,#8551,.T.);
#8639 = ORIENTED_EDGE('',*,*,#8506,.T.);
#8640 = ORIENTED_EDGE('',*,*,#8575,.T.);
#8641 = PLANE('',#8642);
#8642 = AXIS2_PLACEMENT_3D('',#8643,#8644,#8645);
#8643 = CARTESIAN_POINT('',(1.511,0.488,12.004));
#8644 = DIRECTION('',(0.,0.,1.));
#8645 = DIRECTION('',(1.,0.,-0.));
#8646 = ( GEOMETRIC_REPRESENTATION_CONTEXT(3) 
GLOBAL_UNCERTAINTY_ASSIGNED_CONTEXT((#8650)) 
GLOBAL_UNIT_ASSIGNED_CONTEXT((#8647,#8648,#8649)) REPRESENTATION_CONTEXT
('Context #1','3D Context with UNIT and UNCERTAINTY') );
#8647 = ( LENGTH_UNIT() NAMED_UNIT(*) SI_UNIT(.MILLI.,.METRE.) );
#8648 = ( NAMED_UNIT(*) PLANE_ANGLE_UNIT() SI_UNIT($,.RADIAN.) );
#8649 = ( NAMED_UNIT(*) SI_UNIT($,.STERADIAN.) SOLID_ANGLE_UNIT() );
#8650 = UNCERTAINTY_MEASURE_WITH_UNIT(LENGTH_MEASURE(2.E-04),#8647,
  'distance_accuracy_value','confusion accuracy');
#8651 = SHAPE_DEFINITION_REPRESENTATION(#8652,#8269);
#8652 = PRODUCT_DEFINITION_SHAPE('','',#8653);
#8653 = PRODUCT_DEFINITION('design','',#8654,#8657);
#8654 = PRODUCT_DEFINITION_FORMATION('','',#8655);
#8655 = PRODUCT('9137943968','9137943968','',(#8656));
#8656 = PRODUCT_CONTEXT('',#2,'mechanical');
#8657 = PRODUCT_DEFINITION_CONTEXT('part definition',#2,'design');
#8658 = CONTEXT_DEPENDENT_SHAPE_REPRESENTATION(#8659,#8661);
#8659 = ( REPRESENTATION_RELATIONSHIP('','',#8269,#8259) 
REPRESENTATION_RELATIONSHIP_WITH_TRANSFORMATION(#8660) 
SHAPE_REPRESENTATION_RELATIONSHIP() );
#8660 = ITEM_DEFINED_TRANSFORMATION('','',#11,#8260);
#8661 = PRODUCT_DEFINITION_SHAPE('Placement','Placement of an item',
  #8662);
#8662 = NEXT_ASSEMBLY_USAGE_OCCURRENCE('12','','',#8254,#8653,$);
#8663 = PRODUCT_RELATED_PRODUCT_CATEGORY('part',$,(#8655));
#8664 = CONTEXT_DEPENDENT_SHAPE_REPRESENTATION(#8665,#8667);
#8665 = ( REPRESENTATION_RELATIONSHIP('','',#8259,#10) 
REPRESENTATION_RELATIONSHIP_WITH_TRANSFORMATION(#8666) 
SHAPE_REPRESENTATION_RELATIONSHIP() );
#8666 = ITEM_DEFINED_TRANSFORMATION('','',#11,#31);
#8667 = PRODUCT_DEFINITION_SHAPE('Placement','Placement of an item',
  #8668);
#8668 = NEXT_ASSEMBLY_USAGE_OCCURRENCE('13','','',#5,#8254,$);
#8669 = PRODUCT_RELATED_PRODUCT_CATEGORY('part',$,(#8256));
#8670 = SHAPE_DEFINITION_REPRESENTATION(#8671,#8677);
#8671 = PRODUCT_DEFINITION_SHAPE('','',#8672);
#8672 = PRODUCT_DEFINITION('design','',#8673,#8676);
#8673 = PRODUCT_DEFINITION_FORMATION('','',#8674);
#8674 = PRODUCT('C1','C1','',(#8675));
#8675 = PRODUCT_CONTEXT('',#2,'mechanical');
#8676 = PRODUCT_DEFINITION_CONTEXT('part definition',#2,'design');
#8677 = SHAPE_REPRESENTATION('',(#11,#8678),#8682);
#8678 = AXIS2_PLACEMENT_3D('',#8679,#8680,#8681);
#8679 = CARTESIAN_POINT('',(45.00000436543,49.000003340039,0.));
#8680 = DIRECTION('',(0.,0.,1.));
#8681 = DIRECTION('',(-4.371138828674E-08,1.,0.));
#8682 = ( GEOMETRIC_REPRESENTATION_CONTEXT(3) 
GLOBAL_UNCERTAINTY_ASSIGNED_CONTEXT((#8686)) 
GLOBAL_UNIT_ASSIGNED_CONTEXT((#8683,#8684,#8685)) REPRESENTATION_CONTEXT
('Context #1','3D Context with UNIT and UNCERTAINTY') );
#8683 = ( LENGTH_UNIT() NAMED_UNIT(*) SI_UNIT(.MILLI.,.METRE.) );
#8684 = ( NAMED_UNIT(*) PLANE_ANGLE_UNIT() SI_UNIT($,.RADIAN.) );
#8685 = ( NAMED_UNIT(*) SI_UNIT($,.STERADIAN.) SOLID_ANGLE_UNIT() );
#8686 = UNCERTAINTY_MEASURE_WITH_UNIT(LENGTH_MEASURE(2.E-04),#8683,
  'distance_accuracy_value','confusion accuracy');
#8687 = CONTEXT_DEPENDENT_SHAPE_REPRESENTATION(#8688,#8690);
#8688 = ( REPRESENTATION_RELATIONSHIP('','',#8269,#8677) 
REPRESENTATION_RELATIONSHIP_WITH_TRANSFORMATION(#8689) 
SHAPE_REPRESENTATION_RELATIONSHIP() );
#8689 = ITEM_DEFINED_TRANSFORMATION('','',#11,#8678);
#8690 = PRODUCT_DEFINITION_SHAPE('Placement','Placement of an item',
  #8691);
#8691 = NEXT_ASSEMBLY_USAGE_OCCURRENCE('14','','',#8672,#8653,$);
#8692 = CONTEXT_DEPENDENT_SHAPE_REPRESENTATION(#8693,#8695);
#8693 = ( REPRESENTATION_RELATIONSHIP('','',#8677,#10) 
REPRESENTATION_RELATIONSHIP_WITH_TRANSFORMATION(#8694) 
SHAPE_REPRESENTATION_RELATIONSHIP() );
#8694 = ITEM_DEFINED_TRANSFORMATION('','',#11,#35);
#8695 = PRODUCT_DEFINITION_SHAPE('Placement','Placement of an item',
  #8696);
#8696 = NEXT_ASSEMBLY_USAGE_OCCURRENCE('15','','',#5,#8672,$);
#8697 = PRODUCT_RELATED_PRODUCT_CATEGORY('part',$,(#8674));
#8698 = MECHANICAL_DESIGN_GEOMETRIC_PRESENTATION_REPRESENTATION('',(
    #8699),#665);
#8699 = STYLED_ITEM('color',(#8700),#63);
#8700 = PRESENTATION_STYLE_ASSIGNMENT((#8701,#8707));
#8701 = SURFACE_STYLE_USAGE(.BOTH.,#8702);
#8702 = SURFACE_SIDE_STYLE('',(#8703));
#8703 = SURFACE_STYLE_FILL_AREA(#8704);
#8704 = FILL_AREA_STYLE('',(#8705));
#8705 = FILL_AREA_STYLE_COLOUR('',#8706);
#8706 = COLOUR_RGB('',0.,0.501960785193,0.);
#8707 = CURVE_STYLE('',#8708,POSITIVE_LENGTH_MEASURE(0.1),#8706);
#8708 = DRAUGHTING_PRE_DEFINED_CURVE_FONT('continuous');
#8709 = MECHANICAL_DESIGN_GEOMETRIC_PRESENTATION_REPRESENTATION('',(
    #8710,#8718,#8726,#8733,#8740,#8747,#8754,#8761,#8768,#8775,#8782,
    #8789,#8796,#8803,#8810,#8817,#8824,#8831,#8838,#8845,#8852,#8859,
    #8866,#8873,#8880,#8887,#8894,#8901,#8908,#8915,#8922,#8929,#8936,
    #8943,#8950,#8957,#8964,#8971,#8978,#8985,#8992,#8999),#8222);
#8710 = STYLED_ITEM('color',(#8711),#4613);
#8711 = PRESENTATION_STYLE_ASSIGNMENT((#8712));
#8712 = SURFACE_STYLE_USAGE(.BOTH.,#8713);
#8713 = SURFACE_SIDE_STYLE('',(#8714));
#8714 = SURFACE_STYLE_FILL_AREA(#8715);
#8715 = FILL_AREA_STYLE('',(#8716));
#8716 = FILL_AREA_STYLE_COLOUR('',#8717);
#8717 = COLOUR_RGB('',0.792156867455,0.819607826924,0.933333342953);
#8718 = OVER_RIDING_STYLED_ITEM('overriding color',(#8719),#4737,#8710);
#8719 = PRESENTATION_STYLE_ASSIGNMENT((#8720));
#8720 = SURFACE_STYLE_USAGE(.BOTH.,#8721);
#8721 = SURFACE_SIDE_STYLE('',(#8722));
#8722 = SURFACE_STYLE_FILL_AREA(#8723);
#8723 = FILL_AREA_STYLE('',(#8724));
#8724 = FILL_AREA_STYLE_COLOUR('',#8725);
#8725 = COLOUR_RGB('',0.286274508045,0.643137266454,0.866666664203);
#8726 = OVER_RIDING_STYLED_ITEM('overriding color',(#8727),#4979,#8710);
#8727 = PRESENTATION_STYLE_ASSIGNMENT((#8728));
#8728 = SURFACE_STYLE_USAGE(.BOTH.,#8729);
#8729 = SURFACE_SIDE_STYLE('',(#8730));
#8730 = SURFACE_STYLE_FILL_AREA(#8731);
#8731 = FILL_AREA_STYLE('',(#8732));
#8732 = FILL_AREA_STYLE_COLOUR('',#8725);
#8733 = OVER_RIDING_STYLED_ITEM('overriding color',(#8734),#6141,#8710);
#8734 = PRESENTATION_STYLE_ASSIGNMENT((#8735));
#8735 = SURFACE_STYLE_USAGE(.BOTH.,#8736);
#8736 = SURFACE_SIDE_STYLE('',(#8737));
#8737 = SURFACE_STYLE_FILL_AREA(#8738);
#8738 = FILL_AREA_STYLE('',(#8739));
#8739 = FILL_AREA_STYLE_COLOUR('',#8725);
#8740 = OVER_RIDING_STYLED_ITEM('overriding color',(#8741),#6172,#8710);
#8741 = PRESENTATION_STYLE_ASSIGNMENT((#8742));
#8742 = SURFACE_STYLE_USAGE(.BOTH.,#8743);
#8743 = SURFACE_SIDE_STYLE('',(#8744));
#8744 = SURFACE_STYLE_FILL_AREA(#8745);
#8745 = FILL_AREA_STYLE('',(#8746));
#8746 = FILL_AREA_STYLE_COLOUR('',#8725);
#8747 = OVER_RIDING_STYLED_ITEM('overriding color',(#8748),#6196,#8710);
#8748 = PRESENTATION_STYLE_ASSIGNMENT((#8749));
#8749 = SURFACE_STYLE_USAGE(.BOTH.,#8750);
#8750 = SURFACE_SIDE_STYLE('',(#8751));
#8751 = SURFACE_STYLE_FILL_AREA(#8752);
#8752 = FILL_AREA_STYLE('',(#8753));
#8753 = FILL_AREA_STYLE_COLOUR('',#8725);
#8754 = OVER_RIDING_STYLED_ITEM('overriding color',(#8755),#6220,#8710);
#8755 = PRESENTATION_STYLE_ASSIGNMENT((#8756));
#8756 = SURFACE_STYLE_USAGE(.BOTH.,#8757);
#8757 = SURFACE_SIDE_STYLE('',(#8758));
#8758 = SURFACE_STYLE_FILL_AREA(#8759);
#8759 = FILL_AREA_STYLE('',(#8760));
#8760 = FILL_AREA_STYLE_COLOUR('',#8725);
#8761 = OVER_RIDING_STYLED_ITEM('overriding color',(#8762),#6269,#8710);
#8762 = PRESENTATION_STYLE_ASSIGNMENT((#8763));
#8763 = SURFACE_STYLE_USAGE(.BOTH.,#8764);
#8764 = SURFACE_SIDE_STYLE('',(#8765));
#8765 = SURFACE_STYLE_FILL_AREA(#8766);
#8766 = FILL_AREA_STYLE('',(#8767));
#8767 = FILL_AREA_STYLE_COLOUR('',#8725);
#8768 = OVER_RIDING_STYLED_ITEM('overriding color',(#8769),#6309,#8710);
#8769 = PRESENTATION_STYLE_ASSIGNMENT((#8770));
#8770 = SURFACE_STYLE_USAGE(.BOTH.,#8771);
#8771 = SURFACE_SIDE_STYLE('',(#8772));
#8772 = SURFACE_STYLE_FILL_AREA(#8773);
#8773 = FILL_AREA_STYLE('',(#8774));
#8774 = FILL_AREA_STYLE_COLOUR('',#8725);
#8775 = OVER_RIDING_STYLED_ITEM('overriding color',(#8776),#6340,#8710);
#8776 = PRESENTATION_STYLE_ASSIGNMENT((#8777));
#8777 = SURFACE_STYLE_USAGE(.BOTH.,#8778);
#8778 = SURFACE_SIDE_STYLE('',(#8779));
#8779 = SURFACE_STYLE_FILL_AREA(#8780);
#8780 = FILL_AREA_STYLE('',(#8781));
#8781 = FILL_AREA_STYLE_COLOUR('',#8725);
#8782 = OVER_RIDING_STYLED_ITEM('overriding color',(#8783),#6364,#8710);
#8783 = PRESENTATION_STYLE_ASSIGNMENT((#8784));
#8784 = SURFACE_STYLE_USAGE(.BOTH.,#8785);
#8785 = SURFACE_SIDE_STYLE('',(#8786));
#8786 = SURFACE_STYLE_FILL_AREA(#8787);
#8787 = FILL_AREA_STYLE('',(#8788));
#8788 = FILL_AREA_STYLE_COLOUR('',#8725);
#8789 = OVER_RIDING_STYLED_ITEM('overriding color',(#8790),#6388,#8710);
#8790 = PRESENTATION_STYLE_ASSIGNMENT((#8791));
#8791 = SURFACE_STYLE_USAGE(.BOTH.,#8792);
#8792 = SURFACE_SIDE_STYLE('',(#8793));
#8793 = SURFACE_STYLE_FILL_AREA(#8794);
#8794 = FILL_AREA_STYLE('',(#8795));
#8795 = FILL_AREA_STYLE_COLOUR('',#8725);
#8796 = OVER_RIDING_STYLED_ITEM('overriding color',(#8797),#6405,#8710);
#8797 = PRESENTATION_STYLE_ASSIGNMENT((#8798));
#8798 = SURFACE_STYLE_USAGE(.BOTH.,#8799);
#8799 = SURFACE_SIDE_STYLE('',(#8800));
#8800 = SURFACE_STYLE_FILL_AREA(#8801);
#8801 = FILL_AREA_STYLE('',(#8802));
#8802 = FILL_AREA_STYLE_COLOUR('',#8725);
#8803 = OVER_RIDING_STYLED_ITEM('overriding color',(#8804),#6441,#8710);
#8804 = PRESENTATION_STYLE_ASSIGNMENT((#8805));
#8805 = SURFACE_STYLE_USAGE(.BOTH.,#8806);
#8806 = SURFACE_SIDE_STYLE('',(#8807));
#8807 = SURFACE_STYLE_FILL_AREA(#8808);
#8808 = FILL_AREA_STYLE('',(#8809));
#8809 = FILL_AREA_STYLE_COLOUR('',#8725);
#8810 = OVER_RIDING_STYLED_ITEM('overriding color',(#8811),#6472,#8710);
#8811 = PRESENTATION_STYLE_ASSIGNMENT((#8812));
#8812 = SURFACE_STYLE_USAGE(.BOTH.,#8813);
#8813 = SURFACE_SIDE_STYLE('',(#8814));
#8814 = SURFACE_STYLE_FILL_AREA(#8815);
#8815 = FILL_AREA_STYLE('',(#8816));
#8816 = FILL_AREA_STYLE_COLOUR('',#8725);
#8817 = OVER_RIDING_STYLED_ITEM('overriding color',(#8818),#6496,#8710);
#8818 = PRESENTATION_STYLE_ASSIGNMENT((#8819));
#8819 = SURFACE_STYLE_USAGE(.BOTH.,#8820);
#8820 = SURFACE_SIDE_STYLE('',(#8821));
#8821 = SURFACE_STYLE_FILL_AREA(#8822);
#8822 = FILL_AREA_STYLE('',(#8823));
#8823 = FILL_AREA_STYLE_COLOUR('',#8725);
#8824 = OVER_RIDING_STYLED_ITEM('overriding color',(#8825),#6520,#8710);
#8825 = PRESENTATION_STYLE_ASSIGNMENT((#8826));
#8826 = SURFACE_STYLE_USAGE(.BOTH.,#8827);
#8827 = SURFACE_SIDE_STYLE('',(#8828));
#8828 = SURFACE_STYLE_FILL_AREA(#8829);
#8829 = FILL_AREA_STYLE('',(#8830));
#8830 = FILL_AREA_STYLE_COLOUR('',#8725);
#8831 = OVER_RIDING_STYLED_ITEM('overriding color',(#8832),#6629,#8710);
#8832 = PRESENTATION_STYLE_ASSIGNMENT((#8833));
#8833 = SURFACE_STYLE_USAGE(.BOTH.,#8834);
#8834 = SURFACE_SIDE_STYLE('',(#8835));
#8835 = SURFACE_STYLE_FILL_AREA(#8836);
#8836 = FILL_AREA_STYLE('',(#8837));
#8837 = FILL_AREA_STYLE_COLOUR('',#8725);
#8838 = OVER_RIDING_STYLED_ITEM('overriding color',(#8839),#6660,#8710);
#8839 = PRESENTATION_STYLE_ASSIGNMENT((#8840));
#8840 = SURFACE_STYLE_USAGE(.BOTH.,#8841);
#8841 = SURFACE_SIDE_STYLE('',(#8842));
#8842 = SURFACE_STYLE_FILL_AREA(#8843);
#8843 = FILL_AREA_STYLE('',(#8844));
#8844 = FILL_AREA_STYLE_COLOUR('',#8725);
#8845 = OVER_RIDING_STYLED_ITEM('overriding color',(#8846),#6684,#8710);
#8846 = PRESENTATION_STYLE_ASSIGNMENT((#8847));
#8847 = SURFACE_STYLE_USAGE(.BOTH.,#8848);
#8848 = SURFACE_SIDE_STYLE('',(#8849));
#8849 = SURFACE_STYLE_FILL_AREA(#8850);
#8850 = FILL_AREA_STYLE('',(#8851));
#8851 = FILL_AREA_STYLE_COLOUR('',#8725);
#8852 = OVER_RIDING_STYLED_ITEM('overriding color',(#8853),#6729,#8710);
#8853 = PRESENTATION_STYLE_ASSIGNMENT((#8854));
#8854 = SURFACE_STYLE_USAGE(.BOTH.,#8855);
#8855 = SURFACE_SIDE_STYLE('',(#8856));
#8856 = SURFACE_STYLE_FILL_AREA(#8857);
#8857 = FILL_AREA_STYLE('',(#8858));
#8858 = FILL_AREA_STYLE_COLOUR('',#8725);
#8859 = OVER_RIDING_STYLED_ITEM('overriding color',(#8860),#6760,#8710);
#8860 = PRESENTATION_STYLE_ASSIGNMENT((#8861));
#8861 = SURFACE_STYLE_USAGE(.BOTH.,#8862);
#8862 = SURFACE_SIDE_STYLE('',(#8863));
#8863 = SURFACE_STYLE_FILL_AREA(#8864);
#8864 = FILL_AREA_STYLE('',(#8865));
#8865 = FILL_AREA_STYLE_COLOUR('',#8725);
#8866 = OVER_RIDING_STYLED_ITEM('overriding color',(#8867),#6841,#8710);
#8867 = PRESENTATION_STYLE_ASSIGNMENT((#8868));
#8868 = SURFACE_STYLE_USAGE(.BOTH.,#8869);
#8869 = SURFACE_SIDE_STYLE('',(#8870));
#8870 = SURFACE_STYLE_FILL_AREA(#8871);
#8871 = FILL_AREA_STYLE('',(#8872));
#8872 = FILL_AREA_STYLE_COLOUR('',#8725);
#8873 = OVER_RIDING_STYLED_ITEM('overriding color',(#8874),#6865,#8710);
#8874 = PRESENTATION_STYLE_ASSIGNMENT((#8875));
#8875 = SURFACE_STYLE_USAGE(.BOTH.,#8876);
#8876 = SURFACE_SIDE_STYLE('',(#8877));
#8877 = SURFACE_STYLE_FILL_AREA(#8878);
#8878 = FILL_AREA_STYLE('',(#8879));
#8879 = FILL_AREA_STYLE_COLOUR('',#8725);
#8880 = OVER_RIDING_STYLED_ITEM('overriding color',(#8881),#6883,#8710);
#8881 = PRESENTATION_STYLE_ASSIGNMENT((#8882));
#8882 = SURFACE_STYLE_USAGE(.BOTH.,#8883);
#8883 = SURFACE_SIDE_STYLE('',(#8884));
#8884 = SURFACE_STYLE_FILL_AREA(#8885);
#8885 = FILL_AREA_STYLE('',(#8886));
#8886 = FILL_AREA_STYLE_COLOUR('',#8725);
#8887 = OVER_RIDING_STYLED_ITEM('overriding color',(#8888),#6901,#8710);
#8888 = PRESENTATION_STYLE_ASSIGNMENT((#8889));
#8889 = SURFACE_STYLE_USAGE(.BOTH.,#8890);
#8890 = SURFACE_SIDE_STYLE('',(#8891));
#8891 = SURFACE_STYLE_FILL_AREA(#8892);
#8892 = FILL_AREA_STYLE('',(#8893));
#8893 = FILL_AREA_STYLE_COLOUR('',#8725);
#8894 = OVER_RIDING_STYLED_ITEM('overriding color',(#8895),#6919,#8710);
#8895 = PRESENTATION_STYLE_ASSIGNMENT((#8896));
#8896 = SURFACE_STYLE_USAGE(.BOTH.,#8897);
#8897 = SURFACE_SIDE_STYLE('',(#8898));
#8898 = SURFACE_STYLE_FILL_AREA(#8899);
#8899 = FILL_AREA_STYLE('',(#8900));
#8900 = FILL_AREA_STYLE_COLOUR('',#8725);
#8901 = OVER_RIDING_STYLED_ITEM('overriding color',(#8902),#6944,#8710);
#8902 = PRESENTATION_STYLE_ASSIGNMENT((#8903));
#8903 = SURFACE_STYLE_USAGE(.BOTH.,#8904);
#8904 = SURFACE_SIDE_STYLE('',(#8905));
#8905 = SURFACE_STYLE_FILL_AREA(#8906);
#8906 = FILL_AREA_STYLE('',(#8907));
#8907 = FILL_AREA_STYLE_COLOUR('',#8725);
#8908 = OVER_RIDING_STYLED_ITEM('overriding color',(#8909),#7001,#8710);
#8909 = PRESENTATION_STYLE_ASSIGNMENT((#8910));
#8910 = SURFACE_STYLE_USAGE(.BOTH.,#8911);
#8911 = SURFACE_SIDE_STYLE('',(#8912));
#8912 = SURFACE_STYLE_FILL_AREA(#8913);
#8913 = FILL_AREA_STYLE('',(#8914));
#8914 = FILL_AREA_STYLE_COLOUR('',#8725);
#8915 = OVER_RIDING_STYLED_ITEM('overriding color',(#8916),#7285,#8710);
#8916 = PRESENTATION_STYLE_ASSIGNMENT((#8917));
#8917 = SURFACE_STYLE_USAGE(.BOTH.,#8918);
#8918 = SURFACE_SIDE_STYLE('',(#8919));
#8919 = SURFACE_STYLE_FILL_AREA(#8920);
#8920 = FILL_AREA_STYLE('',(#8921));
#8921 = FILL_AREA_STYLE_COLOUR('',#8725);
#8922 = OVER_RIDING_STYLED_ITEM('overriding color',(#8923),#7297,#8710);
#8923 = PRESENTATION_STYLE_ASSIGNMENT((#8924));
#8924 = SURFACE_STYLE_USAGE(.BOTH.,#8925);
#8925 = SURFACE_SIDE_STYLE('',(#8926));
#8926 = SURFACE_STYLE_FILL_AREA(#8927);
#8927 = FILL_AREA_STYLE('',(#8928));
#8928 = FILL_AREA_STYLE_COLOUR('',#8725);
#8929 = OVER_RIDING_STYLED_ITEM('overriding color',(#8930),#7337,#8710);
#8930 = PRESENTATION_STYLE_ASSIGNMENT((#8931));
#8931 = SURFACE_STYLE_USAGE(.BOTH.,#8932);
#8932 = SURFACE_SIDE_STYLE('',(#8933));
#8933 = SURFACE_STYLE_FILL_AREA(#8934);
#8934 = FILL_AREA_STYLE('',(#8935));
#8935 = FILL_AREA_STYLE_COLOUR('',#8725);
#8936 = OVER_RIDING_STYLED_ITEM('overriding color',(#8937),#7359,#8710);
#8937 = PRESENTATION_STYLE_ASSIGNMENT((#8938));
#8938 = SURFACE_STYLE_USAGE(.BOTH.,#8939);
#8939 = SURFACE_SIDE_STYLE('',(#8940));
#8940 = SURFACE_STYLE_FILL_AREA(#8941);
#8941 = FILL_AREA_STYLE('',(#8942));
#8942 = FILL_AREA_STYLE_COLOUR('',#8725);
#8943 = OVER_RIDING_STYLED_ITEM('overriding color',(#8944),#7399,#8710);
#8944 = PRESENTATION_STYLE_ASSIGNMENT((#8945));
#8945 = SURFACE_STYLE_USAGE(.BOTH.,#8946);
#8946 = SURFACE_SIDE_STYLE('',(#8947));
#8947 = SURFACE_STYLE_FILL_AREA(#8948);
#8948 = FILL_AREA_STYLE('',(#8949));
#8949 = FILL_AREA_STYLE_COLOUR('',#8725);
#8950 = OVER_RIDING_STYLED_ITEM('overriding color',(#8951),#7421,#8710);
#8951 = PRESENTATION_STYLE_ASSIGNMENT((#8952));
#8952 = SURFACE_STYLE_USAGE(.BOTH.,#8953);
#8953 = SURFACE_SIDE_STYLE('',(#8954));
#8954 = SURFACE_STYLE_FILL_AREA(#8955);
#8955 = FILL_AREA_STYLE('',(#8956));
#8956 = FILL_AREA_STYLE_COLOUR('',#8725);
#8957 = OVER_RIDING_STYLED_ITEM('overriding color',(#8958),#7443,#8710);
#8958 = PRESENTATION_STYLE_ASSIGNMENT((#8959));
#8959 = SURFACE_STYLE_USAGE(.BOTH.,#8960);
#8960 = SURFACE_SIDE_STYLE('',(#8961));
#8961 = SURFACE_STYLE_FILL_AREA(#8962);
#8962 = FILL_AREA_STYLE('',(#8963));
#8963 = FILL_AREA_STYLE_COLOUR('',#8725);
#8964 = OVER_RIDING_STYLED_ITEM('overriding color',(#8965),#7465,#8710);
#8965 = PRESENTATION_STYLE_ASSIGNMENT((#8966));
#8966 = SURFACE_STYLE_USAGE(.BOTH.,#8967);
#8967 = SURFACE_SIDE_STYLE('',(#8968));
#8968 = SURFACE_STYLE_FILL_AREA(#8969);
#8969 = FILL_AREA_STYLE('',(#8970));
#8970 = FILL_AREA_STYLE_COLOUR('',#8725);
#8971 = OVER_RIDING_STYLED_ITEM('overriding color',(#8972),#7498,#8710);
#8972 = PRESENTATION_STYLE_ASSIGNMENT((#8973));
#8973 = SURFACE_STYLE_USAGE(.BOTH.,#8974);
#8974 = SURFACE_SIDE_STYLE('',(#8975));
#8975 = SURFACE_STYLE_FILL_AREA(#8976);
#8976 = FILL_AREA_STYLE('',(#8977));
#8977 = FILL_AREA_STYLE_COLOUR('',#8725);
#8978 = OVER_RIDING_STYLED_ITEM('overriding color',(#8979),#7515,#8710);
#8979 = PRESENTATION_STYLE_ASSIGNMENT((#8980));
#8980 = SURFACE_STYLE_USAGE(.BOTH.,#8981);
#8981 = SURFACE_SIDE_STYLE('',(#8982));
#8982 = SURFACE_STYLE_FILL_AREA(#8983);
#8983 = FILL_AREA_STYLE('',(#8984));
#8984 = FILL_AREA_STYLE_COLOUR('',#8725);
#8985 = OVER_RIDING_STYLED_ITEM('overriding color',(#8986),#7532,#8710);
#8986 = PRESENTATION_STYLE_ASSIGNMENT((#8987));
#8987 = SURFACE_STYLE_USAGE(.BOTH.,#8988);
#8988 = SURFACE_SIDE_STYLE('',(#8989));
#8989 = SURFACE_STYLE_FILL_AREA(#8990);
#8990 = FILL_AREA_STYLE('',(#8991));
#8991 = FILL_AREA_STYLE_COLOUR('',#8725);
#8992 = OVER_RIDING_STYLED_ITEM('overriding color',(#8993),#7544,#8710);
#8993 = PRESENTATION_STYLE_ASSIGNMENT((#8994));
#8994 = SURFACE_STYLE_USAGE(.BOTH.,#8995);
#8995 = SURFACE_SIDE_STYLE('',(#8996));
#8996 = SURFACE_STYLE_FILL_AREA(#8997);
#8997 = FILL_AREA_STYLE('',(#8998));
#8998 = FILL_AREA_STYLE_COLOUR('',#8725);
#8999 = OVER_RIDING_STYLED_ITEM('overriding color',(#9000),#7556,#8710);
#9000 = PRESENTATION_STYLE_ASSIGNMENT((#9001));
#9001 = SURFACE_STYLE_USAGE(.BOTH.,#9002);
#9002 = SURFACE_SIDE_STYLE('',(#9003));
#9003 = SURFACE_STYLE_FILL_AREA(#9004);
#9004 = FILL_AREA_STYLE('',(#9005));
#9005 = FILL_AREA_STYLE_COLOUR('',#8725);
#9006 = MECHANICAL_DESIGN_GEOMETRIC_PRESENTATION_REPRESENTATION('',(
    #9007,#9017,#9026,#9035,#9044,#9053,#9062,#9072,#9081,#9090,#9100,
    #9109,#9118,#9127,#9136,#9145,#9154),#8646);
#9007 = STYLED_ITEM('color',(#9008),#8272);
#9008 = PRESENTATION_STYLE_ASSIGNMENT((#9009,#9015));
#9009 = SURFACE_STYLE_USAGE(.BOTH.,#9010);
#9010 = SURFACE_SIDE_STYLE('',(#9011));
#9011 = SURFACE_STYLE_FILL_AREA(#9012);
#9012 = FILL_AREA_STYLE('',(#9013));
#9013 = FILL_AREA_STYLE_COLOUR('',#9014);
#9014 = COLOUR_RGB('',0.72499999117,0.72499999117,0.72499999117);
#9015 = CURVE_STYLE('',#9016,POSITIVE_LENGTH_MEASURE(0.1),#9014);
#9016 = DRAUGHTING_PRE_DEFINED_CURVE_FONT('continuous');
#9017 = STYLED_ITEM('color',(#9018),#8304);
#9018 = PRESENTATION_STYLE_ASSIGNMENT((#9019,#9024));
#9019 = SURFACE_STYLE_USAGE(.BOTH.,#9020);
#9020 = SURFACE_SIDE_STYLE('',(#9021));
#9021 = SURFACE_STYLE_FILL_AREA(#9022);
#9022 = FILL_AREA_STYLE('',(#9023));
#9023 = FILL_AREA_STYLE_COLOUR('',#9014);
#9024 = CURVE_STYLE('',#9025,POSITIVE_LENGTH_MEASURE(0.1),#9014);
#9025 = DRAUGHTING_PRE_DEFINED_CURVE_FONT('continuous');
#9026 = STYLED_ITEM('color',(#9027),#8313);
#9027 = PRESENTATION_STYLE_ASSIGNMENT((#9028,#9033));
#9028 = SURFACE_STYLE_USAGE(.BOTH.,#9029);
#9029 = SURFACE_SIDE_STYLE('',(#9030));
#9030 = SURFACE_STYLE_FILL_AREA(#9031);
#9031 = FILL_AREA_STYLE('',(#9032));
#9032 = FILL_AREA_STYLE_COLOUR('',#9014);
#9033 = CURVE_STYLE('',#9034,POSITIVE_LENGTH_MEASURE(0.1),#9014);
#9034 = DRAUGHTING_PRE_DEFINED_CURVE_FONT('continuous');
#9035 = STYLED_ITEM('color',(#9036),#8324);
#9036 = PRESENTATION_STYLE_ASSIGNMENT((#9037,#9042));
#9037 = SURFACE_STYLE_USAGE(.BOTH.,#9038);
#9038 = SURFACE_SIDE_STYLE('',(#9039));
#9039 = SURFACE_STYLE_FILL_AREA(#9040);
#9040 = FILL_AREA_STYLE('',(#9041));
#9041 = FILL_AREA_STYLE_COLOUR('',#9014);
#9042 = CURVE_STYLE('',#9043,POSITIVE_LENGTH_MEASURE(0.1),#9014);
#9043 = DRAUGHTING_PRE_DEFINED_CURVE_FONT('continuous');
#9044 = STYLED_ITEM('color',(#9045),#8356);
#9045 = PRESENTATION_STYLE_ASSIGNMENT((#9046,#9051));
#9046 = SURFACE_STYLE_USAGE(.BOTH.,#9047);
#9047 = SURFACE_SIDE_STYLE('',(#9048));
#9048 = SURFACE_STYLE_FILL_AREA(#9049);
#9049 = FILL_AREA_STYLE('',(#9050));
#9050 = FILL_AREA_STYLE_COLOUR('',#9014);
#9051 = CURVE_STYLE('',#9052,POSITIVE_LENGTH_MEASURE(0.1),#9014);
#9052 = DRAUGHTING_PRE_DEFINED_CURVE_FONT('continuous');
#9053 = STYLED_ITEM('color',(#9054),#8365);
#9054 = PRESENTATION_STYLE_ASSIGNMENT((#9055,#9060));
#9055 = SURFACE_STYLE_USAGE(.BOTH.,#9056);
#9056 = SURFACE_SIDE_STYLE('',(#9057));
#9057 = SURFACE_STYLE_FILL_AREA(#9058);
#9058 = FILL_AREA_STYLE('',(#9059));
#9059 = FILL_AREA_STYLE_COLOUR('',#9014);
#9060 = CURVE_STYLE('',#9061,POSITIVE_LENGTH_MEASURE(0.1),#9014);
#9061 = DRAUGHTING_PRE_DEFINED_CURVE_FONT('continuous');
#9062 = STYLED_ITEM('color',(#9063),#8376);
#9063 = PRESENTATION_STYLE_ASSIGNMENT((#9064,#9070));
#9064 = SURFACE_STYLE_USAGE(.BOTH.,#9065);
#9065 = SURFACE_SIDE_STYLE('',(#9066));
#9066 = SURFACE_STYLE_FILL_AREA(#9067);
#9067 = FILL_AREA_STYLE('',(#9068));
#9068 = FILL_AREA_STYLE_COLOUR('',#9069);
#9069 = COLOUR_RGB('',0.293999993999,0.,0.);
#9070 = CURVE_STYLE('',#9071,POSITIVE_LENGTH_MEASURE(0.1),#9069);
#9071 = DRAUGHTING_PRE_DEFINED_CURVE_FONT('continuous');
#9072 = STYLED_ITEM('color',(#9073),#8408);
#9073 = PRESENTATION_STYLE_ASSIGNMENT((#9074,#9079));
#9074 = SURFACE_STYLE_USAGE(.BOTH.,#9075);
#9075 = SURFACE_SIDE_STYLE('',(#9076));
#9076 = SURFACE_STYLE_FILL_AREA(#9077);
#9077 = FILL_AREA_STYLE('',(#9078));
#9078 = FILL_AREA_STYLE_COLOUR('',#9069);
#9079 = CURVE_STYLE('',#9080,POSITIVE_LENGTH_MEASURE(0.1),#9069);
#9080 = DRAUGHTING_PRE_DEFINED_CURVE_FONT('continuous');
#9081 = STYLED_ITEM('color',(#9082),#8417);
#9082 = PRESENTATION_STYLE_ASSIGNMENT((#9083,#9088));
#9083 = SURFACE_STYLE_USAGE(.BOTH.,#9084);
#9084 = SURFACE_SIDE_STYLE('',(#9085));
#9085 = SURFACE_STYLE_FILL_AREA(#9086);
#9086 = FILL_AREA_STYLE('',(#9087));
#9087 = FILL_AREA_STYLE_COLOUR('',#9069);
#9088 = CURVE_STYLE('',#9089,POSITIVE_LENGTH_MEASURE(0.1),#9069);
#9089 = DRAUGHTING_PRE_DEFINED_CURVE_FONT('continuous');
#9090 = STYLED_ITEM('color',(#9091),#8428);
#9091 = PRESENTATION_STYLE_ASSIGNMENT((#9092,#9098));
#9092 = SURFACE_STYLE_USAGE(.BOTH.,#9093);
#9093 = SURFACE_SIDE_STYLE('',(#9094));
#9094 = SURFACE_STYLE_FILL_AREA(#9095);
#9095 = FILL_AREA_STYLE('',(#9096));
#9096 = FILL_AREA_STYLE_COLOUR('',#9097);
#9097 = COLOUR_RGB('',0.587999997538,0.587999997538,0.587999997538);
#9098 = CURVE_STYLE('',#9099,POSITIVE_LENGTH_MEASURE(0.1),#9097);
#9099 = DRAUGHTING_PRE_DEFINED_CURVE_FONT('continuous');
#9100 = STYLED_ITEM('color',(#9101),#8484);
#9101 = PRESENTATION_STYLE_ASSIGNMENT((#9102,#9107));
#9102 = SURFACE_STYLE_USAGE(.BOTH.,#9103);
#9103 = SURFACE_SIDE_STYLE('',(#9104));
#9104 = SURFACE_STYLE_FILL_AREA(#9105);
#9105 = FILL_AREA_STYLE('',(#9106));
#9106 = FILL_AREA_STYLE_COLOUR('',#9097);
#9107 = CURVE_STYLE('',#9108,POSITIVE_LENGTH_MEASURE(0.1),#9097);
#9108 = DRAUGHTING_PRE_DEFINED_CURVE_FONT('continuous');
#9109 = STYLED_ITEM('color',(#9110),#8540);
#9110 = PRESENTATION_STYLE_ASSIGNMENT((#9111,#9116));
#9111 = SURFACE_STYLE_USAGE(.BOTH.,#9112);
#9112 = SURFACE_SIDE_STYLE('',(#9113));
#9113 = SURFACE_STYLE_FILL_AREA(#9114);
#9114 = FILL_AREA_STYLE('',(#9115));
#9115 = FILL_AREA_STYLE_COLOUR('',#9097);
#9116 = CURVE_STYLE('',#9117,POSITIVE_LENGTH_MEASURE(0.1),#9097);
#9117 = DRAUGHTING_PRE_DEFINED_CURVE_FONT('continuous');
#9118 = STYLED_ITEM('color',(#9119),#8562);
#9119 = PRESENTATION_STYLE_ASSIGNMENT((#9120,#9125));
#9120 = SURFACE_STYLE_USAGE(.BOTH.,#9121);
#9121 = SURFACE_SIDE_STYLE('',(#9122));
#9122 = SURFACE_STYLE_FILL_AREA(#9123);
#9123 = FILL_AREA_STYLE('',(#9124));
#9124 = FILL_AREA_STYLE_COLOUR('',#9097);
#9125 = CURVE_STYLE('',#9126,POSITIVE_LENGTH_MEASURE(0.1),#9097);
#9126 = DRAUGHTING_PRE_DEFINED_CURVE_FONT('continuous');
#9127 = STYLED_ITEM('color',(#9128),#8586);
#9128 = PRESENTATION_STYLE_ASSIGNMENT((#9129,#9134));
#9129 = SURFACE_STYLE_USAGE(.BOTH.,#9130);
#9130 = SURFACE_SIDE_STYLE('',(#9131));
#9131 = SURFACE_STYLE_FILL_AREA(#9132);
#9132 = FILL_AREA_STYLE('',(#9133));
#9133 = FILL_AREA_STYLE_COLOUR('',#9097);
#9134 = CURVE_STYLE('',#9135,POSITIVE_LENGTH_MEASURE(0.1),#9097);
#9135 = DRAUGHTING_PRE_DEFINED_CURVE_FONT('continuous');
#9136 = STYLED_ITEM('color',(#9137),#8610);
#9137 = PRESENTATION_STYLE_ASSIGNMENT((#9138,#9143));
#9138 = SURFACE_STYLE_USAGE(.BOTH.,#9139);
#9139 = SURFACE_SIDE_STYLE('',(#9140));
#9140 = SURFACE_STYLE_FILL_AREA(#9141);
#9141 = FILL_AREA_STYLE('',(#9142));
#9142 = FILL_AREA_STYLE_COLOUR('',#9097);
#9143 = CURVE_STYLE('',#9144,POSITIVE_LENGTH_MEASURE(0.1),#9097);
#9144 = DRAUGHTING_PRE_DEFINED_CURVE_FONT('continuous');
#9145 = STYLED_ITEM('color',(#9146),#8622);
#9146 = PRESENTATION_STYLE_ASSIGNMENT((#9147,#9152));
#9147 = SURFACE_STYLE_USAGE(.BOTH.,#9148);
#9148 = SURFACE_SIDE_STYLE('',(#9149));
#9149 = SURFACE_STYLE_FILL_AREA(#9150);
#9150 = FILL_AREA_STYLE('',(#9151));
#9151 = FILL_AREA_STYLE_COLOUR('',#9097);
#9152 = CURVE_STYLE('',#9153,POSITIVE_LENGTH_MEASURE(0.1),#9097);
#9153 = DRAUGHTING_PRE_DEFINED_CURVE_FONT('continuous');
#9154 = STYLED_ITEM('color',(#9155),#8634);
#9155 = PRESENTATION_STYLE_ASSIGNMENT((#9156,#9161));
#9156 = SURFACE_STYLE_USAGE(.BOTH.,#9157);
#9157 = SURFACE_SIDE_STYLE('',(#9158));
#9158 = SURFACE_STYLE_FILL_AREA(#9159);
#9159 = FILL_AREA_STYLE('',(#9160));
#9160 = FILL_AREA_STYLE_COLOUR('',#9097);
#9161 = CURVE_STYLE('',#9162,POSITIVE_LENGTH_MEASURE(0.1),#9097);
#9162 = DRAUGHTING_PRE_DEFINED_CURVE_FONT('continuous');
#9163 = MECHANICAL_DESIGN_GEOMETRIC_PRESENTATION_REPRESENTATION('',(
    #9164),#874);
#9164 = STYLED_ITEM('color',(#9165),#724);
#9165 = PRESENTATION_STYLE_ASSIGNMENT((#9166,#9172));
#9166 = SURFACE_STYLE_USAGE(.BOTH.,#9167);
#9167 = SURFACE_SIDE_STYLE('',(#9168));
#9168 = SURFACE_STYLE_FILL_AREA(#9169);
#9169 = FILL_AREA_STYLE('',(#9170));
#9170 = FILL_AREA_STYLE_COLOUR('',#9171);
#9171 = COLOUR_RGB('',0.501960785193,0.501960785193,0.501960785193);
#9172 = CURVE_STYLE('',#9173,POSITIVE_LENGTH_MEASURE(0.1),#9171);
#9173 = DRAUGHTING_PRE_DEFINED_CURVE_FONT('continuous');
#9174 = MECHANICAL_DESIGN_GEOMETRIC_PRESENTATION_REPRESENTATION('',(
    #9175,#9182,#9189,#9196,#9203,#9210,#9217,#9224,#9231,#9238,#9245,
    #9252,#9259,#9266,#9273,#9280,#9287,#9294,#9301,#9308,#9315,#9322,
    #9329,#9336,#9343,#9350,#9357,#9364,#9371,#9378,#9385,#9392,#9399,
    #9406,#9413,#9420,#9427,#9434,#9441,#9448,#9455,#9462),#4548);
#9175 = STYLED_ITEM('color',(#9176),#939);
#9176 = PRESENTATION_STYLE_ASSIGNMENT((#9177));
#9177 = SURFACE_STYLE_USAGE(.BOTH.,#9178);
#9178 = SURFACE_SIDE_STYLE('',(#9179));
#9179 = SURFACE_STYLE_FILL_AREA(#9180);
#9180 = FILL_AREA_STYLE('',(#9181));
#9181 = FILL_AREA_STYLE_COLOUR('',#8717);
#9182 = OVER_RIDING_STYLED_ITEM('overriding color',(#9183),#1063,#9175);
#9183 = PRESENTATION_STYLE_ASSIGNMENT((#9184));
#9184 = SURFACE_STYLE_USAGE(.BOTH.,#9185);
#9185 = SURFACE_SIDE_STYLE('',(#9186));
#9186 = SURFACE_STYLE_FILL_AREA(#9187);
#9187 = FILL_AREA_STYLE('',(#9188));
#9188 = FILL_AREA_STYLE_COLOUR('',#8725);
#9189 = OVER_RIDING_STYLED_ITEM('overriding color',(#9190),#1305,#9175);
#9190 = PRESENTATION_STYLE_ASSIGNMENT((#9191));
#9191 = SURFACE_STYLE_USAGE(.BOTH.,#9192);
#9192 = SURFACE_SIDE_STYLE('',(#9193));
#9193 = SURFACE_STYLE_FILL_AREA(#9194);
#9194 = FILL_AREA_STYLE('',(#9195));
#9195 = FILL_AREA_STYLE_COLOUR('',#8725);
#9196 = OVER_RIDING_STYLED_ITEM('overriding color',(#9197),#2467,#9175);
#9197 = PRESENTATION_STYLE_ASSIGNMENT((#9198));
#9198 = SURFACE_STYLE_USAGE(.BOTH.,#9199);
#9199 = SURFACE_SIDE_STYLE('',(#9200));
#9200 = SURFACE_STYLE_FILL_AREA(#9201);
#9201 = FILL_AREA_STYLE('',(#9202));
#9202 = FILL_AREA_STYLE_COLOUR('',#8725);
#9203 = OVER_RIDING_STYLED_ITEM('overriding color',(#9204),#2498,#9175);
#9204 = PRESENTATION_STYLE_ASSIGNMENT((#9205));
#9205 = SURFACE_STYLE_USAGE(.BOTH.,#9206);
#9206 = SURFACE_SIDE_STYLE('',(#9207));
#9207 = SURFACE_STYLE_FILL_AREA(#9208);
#9208 = FILL_AREA_STYLE('',(#9209));
#9209 = FILL_AREA_STYLE_COLOUR('',#8725);
#9210 = OVER_RIDING_STYLED_ITEM('overriding color',(#9211),#2522,#9175);
#9211 = PRESENTATION_STYLE_ASSIGNMENT((#9212));
#9212 = SURFACE_STYLE_USAGE(.BOTH.,#9213);
#9213 = SURFACE_SIDE_STYLE('',(#9214));
#9214 = SURFACE_STYLE_FILL_AREA(#9215);
#9215 = FILL_AREA_STYLE('',(#9216));
#9216 = FILL_AREA_STYLE_COLOUR('',#8725);
#9217 = OVER_RIDING_STYLED_ITEM('overriding color',(#9218),#2546,#9175);
#9218 = PRESENTATION_STYLE_ASSIGNMENT((#9219));
#9219 = SURFACE_STYLE_USAGE(.BOTH.,#9220);
#9220 = SURFACE_SIDE_STYLE('',(#9221));
#9221 = SURFACE_STYLE_FILL_AREA(#9222);
#9222 = FILL_AREA_STYLE('',(#9223));
#9223 = FILL_AREA_STYLE_COLOUR('',#8725);
#9224 = OVER_RIDING_STYLED_ITEM('overriding color',(#9225),#2595,#9175);
#9225 = PRESENTATION_STYLE_ASSIGNMENT((#9226));
#9226 = SURFACE_STYLE_USAGE(.BOTH.,#9227);
#9227 = SURFACE_SIDE_STYLE('',(#9228));
#9228 = SURFACE_STYLE_FILL_AREA(#9229);
#9229 = FILL_AREA_STYLE('',(#9230));
#9230 = FILL_AREA_STYLE_COLOUR('',#8725);
#9231 = OVER_RIDING_STYLED_ITEM('overriding color',(#9232),#2635,#9175);
#9232 = PRESENTATION_STYLE_ASSIGNMENT((#9233));
#9233 = SURFACE_STYLE_USAGE(.BOTH.,#9234);
#9234 = SURFACE_SIDE_STYLE('',(#9235));
#9235 = SURFACE_STYLE_FILL_AREA(#9236);
#9236 = FILL_AREA_STYLE('',(#9237));
#9237 = FILL_AREA_STYLE_COLOUR('',#8725);
#9238 = OVER_RIDING_STYLED_ITEM('overriding color',(#9239),#2666,#9175);
#9239 = PRESENTATION_STYLE_ASSIGNMENT((#9240));
#9240 = SURFACE_STYLE_USAGE(.BOTH.,#9241);
#9241 = SURFACE_SIDE_STYLE('',(#9242));
#9242 = SURFACE_STYLE_FILL_AREA(#9243);
#9243 = FILL_AREA_STYLE('',(#9244));
#9244 = FILL_AREA_STYLE_COLOUR('',#8725);
#9245 = OVER_RIDING_STYLED_ITEM('overriding color',(#9246),#2690,#9175);
#9246 = PRESENTATION_STYLE_ASSIGNMENT((#9247));
#9247 = SURFACE_STYLE_USAGE(.BOTH.,#9248);
#9248 = SURFACE_SIDE_STYLE('',(#9249));
#9249 = SURFACE_STYLE_FILL_AREA(#9250);
#9250 = FILL_AREA_STYLE('',(#9251));
#9251 = FILL_AREA_STYLE_COLOUR('',#8725);
#9252 = OVER_RIDING_STYLED_ITEM('overriding color',(#9253),#2714,#9175);
#9253 = PRESENTATION_STYLE_ASSIGNMENT((#9254));
#9254 = SURFACE_STYLE_USAGE(.BOTH.,#9255);
#9255 = SURFACE_SIDE_STYLE('',(#9256));
#9256 = SURFACE_STYLE_FILL_AREA(#9257);
#9257 = FILL_AREA_STYLE('',(#9258));
#9258 = FILL_AREA_STYLE_COLOUR('',#8725);
#9259 = OVER_RIDING_STYLED_ITEM('overriding color',(#9260),#2731,#9175);
#9260 = PRESENTATION_STYLE_ASSIGNMENT((#9261));
#9261 = SURFACE_STYLE_USAGE(.BOTH.,#9262);
#9262 = SURFACE_SIDE_STYLE('',(#9263));
#9263 = SURFACE_STYLE_FILL_AREA(#9264);
#9264 = FILL_AREA_STYLE('',(#9265));
#9265 = FILL_AREA_STYLE_COLOUR('',#8725);
#9266 = OVER_RIDING_STYLED_ITEM('overriding color',(#9267),#2767,#9175);
#9267 = PRESENTATION_STYLE_ASSIGNMENT((#9268));
#9268 = SURFACE_STYLE_USAGE(.BOTH.,#9269);
#9269 = SURFACE_SIDE_STYLE('',(#9270));
#9270 = SURFACE_STYLE_FILL_AREA(#9271);
#9271 = FILL_AREA_STYLE('',(#9272));
#9272 = FILL_AREA_STYLE_COLOUR('',#8725);
#9273 = OVER_RIDING_STYLED_ITEM('overriding color',(#9274),#2798,#9175);
#9274 = PRESENTATION_STYLE_ASSIGNMENT((#9275));
#9275 = SURFACE_STYLE_USAGE(.BOTH.,#9276);
#9276 = SURFACE_SIDE_STYLE('',(#9277));
#9277 = SURFACE_STYLE_FILL_AREA(#9278);
#9278 = FILL_AREA_STYLE('',(#9279));
#9279 = FILL_AREA_STYLE_COLOUR('',#8725);
#9280 = OVER_RIDING_STYLED_ITEM('overriding color',(#9281),#2822,#9175);
#9281 = PRESENTATION_STYLE_ASSIGNMENT((#9282));
#9282 = SURFACE_STYLE_USAGE(.BOTH.,#9283);
#9283 = SURFACE_SIDE_STYLE('',(#9284));
#9284 = SURFACE_STYLE_FILL_AREA(#9285);
#9285 = FILL_AREA_STYLE('',(#9286));
#9286 = FILL_AREA_STYLE_COLOUR('',#8725);
#9287 = OVER_RIDING_STYLED_ITEM('overriding color',(#9288),#2846,#9175);
#9288 = PRESENTATION_STYLE_ASSIGNMENT((#9289));
#9289 = SURFACE_STYLE_USAGE(.BOTH.,#9290);
#9290 = SURFACE_SIDE_STYLE('',(#9291));
#9291 = SURFACE_STYLE_FILL_AREA(#9292);
#9292 = FILL_AREA_STYLE('',(#9293));
#9293 = FILL_AREA_STYLE_COLOUR('',#8725);
#9294 = OVER_RIDING_STYLED_ITEM('overriding color',(#9295),#2955,#9175);
#9295 = PRESENTATION_STYLE_ASSIGNMENT((#9296));
#9296 = SURFACE_STYLE_USAGE(.BOTH.,#9297);
#9297 = SURFACE_SIDE_STYLE('',(#9298));
#9298 = SURFACE_STYLE_FILL_AREA(#9299);
#9299 = FILL_AREA_STYLE('',(#9300));
#9300 = FILL_AREA_STYLE_COLOUR('',#8725);
#9301 = OVER_RIDING_STYLED_ITEM('overriding color',(#9302),#2986,#9175);
#9302 = PRESENTATION_STYLE_ASSIGNMENT((#9303));
#9303 = SURFACE_STYLE_USAGE(.BOTH.,#9304);
#9304 = SURFACE_SIDE_STYLE('',(#9305));
#9305 = SURFACE_STYLE_FILL_AREA(#9306);
#9306 = FILL_AREA_STYLE('',(#9307));
#9307 = FILL_AREA_STYLE_COLOUR('',#8725);
#9308 = OVER_RIDING_STYLED_ITEM('overriding color',(#9309),#3010,#9175);
#9309 = PRESENTATION_STYLE_ASSIGNMENT((#9310));
#9310 = SURFACE_STYLE_USAGE(.BOTH.,#9311);
#9311 = SURFACE_SIDE_STYLE('',(#9312));
#9312 = SURFACE_STYLE_FILL_AREA(#9313);
#9313 = FILL_AREA_STYLE('',(#9314));
#9314 = FILL_AREA_STYLE_COLOUR('',#8725);
#9315 = OVER_RIDING_STYLED_ITEM('overriding color',(#9316),#3055,#9175);
#9316 = PRESENTATION_STYLE_ASSIGNMENT((#9317));
#9317 = SURFACE_STYLE_USAGE(.BOTH.,#9318);
#9318 = SURFACE_SIDE_STYLE('',(#9319));
#9319 = SURFACE_STYLE_FILL_AREA(#9320);
#9320 = FILL_AREA_STYLE('',(#9321));
#9321 = FILL_AREA_STYLE_COLOUR('',#8725);
#9322 = OVER_RIDING_STYLED_ITEM('overriding color',(#9323),#3086,#9175);
#9323 = PRESENTATION_STYLE_ASSIGNMENT((#9324));
#9324 = SURFACE_STYLE_USAGE(.BOTH.,#9325);
#9325 = SURFACE_SIDE_STYLE('',(#9326));
#9326 = SURFACE_STYLE_FILL_AREA(#9327);
#9327 = FILL_AREA_STYLE('',(#9328));
#9328 = FILL_AREA_STYLE_COLOUR('',#8725);
#9329 = OVER_RIDING_STYLED_ITEM('overriding color',(#9330),#3167,#9175);
#9330 = PRESENTATION_STYLE_ASSIGNMENT((#9331));
#9331 = SURFACE_STYLE_USAGE(.BOTH.,#9332);
#9332 = SURFACE_SIDE_STYLE('',(#9333));
#9333 = SURFACE_STYLE_FILL_AREA(#9334);
#9334 = FILL_AREA_STYLE('',(#9335));
#9335 = FILL_AREA_STYLE_COLOUR('',#8725);
#9336 = OVER_RIDING_STYLED_ITEM('overriding color',(#9337),#3191,#9175);
#9337 = PRESENTATION_STYLE_ASSIGNMENT((#9338));
#9338 = SURFACE_STYLE_USAGE(.BOTH.,#9339);
#9339 = SURFACE_SIDE_STYLE('',(#9340));
#9340 = SURFACE_STYLE_FILL_AREA(#9341);
#9341 = FILL_AREA_STYLE('',(#9342));
#9342 = FILL_AREA_STYLE_COLOUR('',#8725);
#9343 = OVER_RIDING_STYLED_ITEM('overriding color',(#9344),#3209,#9175);
#9344 = PRESENTATION_STYLE_ASSIGNMENT((#9345));
#9345 = SURFACE_STYLE_USAGE(.BOTH.,#9346);
#9346 = SURFACE_SIDE_STYLE('',(#9347));
#9347 = SURFACE_STYLE_FILL_AREA(#9348);
#9348 = FILL_AREA_STYLE('',(#9349));
#9349 = FILL_AREA_STYLE_COLOUR('',#8725);
#9350 = OVER_RIDING_STYLED_ITEM('overriding color',(#9351),#3227,#9175);
#9351 = PRESENTATION_STYLE_ASSIGNMENT((#9352));
#9352 = SURFACE_STYLE_USAGE(.BOTH.,#9353);
#9353 = SURFACE_SIDE_STYLE('',(#9354));
#9354 = SURFACE_STYLE_FILL_AREA(#9355);
#9355 = FILL_AREA_STYLE('',(#9356));
#9356 = FILL_AREA_STYLE_COLOUR('',#8725);
#9357 = OVER_RIDING_STYLED_ITEM('overriding color',(#9358),#3245,#9175);
#9358 = PRESENTATION_STYLE_ASSIGNMENT((#9359));
#9359 = SURFACE_STYLE_USAGE(.BOTH.,#9360);
#9360 = SURFACE_SIDE_STYLE('',(#9361));
#9361 = SURFACE_STYLE_FILL_AREA(#9362);
#9362 = FILL_AREA_STYLE('',(#9363));
#9363 = FILL_AREA_STYLE_COLOUR('',#8725);
#9364 = OVER_RIDING_STYLED_ITEM('overriding color',(#9365),#3270,#9175);
#9365 = PRESENTATION_STYLE_ASSIGNMENT((#9366));
#9366 = SURFACE_STYLE_USAGE(.BOTH.,#9367);
#9367 = SURFACE_SIDE_STYLE('',(#9368));
#9368 = SURFACE_STYLE_FILL_AREA(#9369);
#9369 = FILL_AREA_STYLE('',(#9370));
#9370 = FILL_AREA_STYLE_COLOUR('',#8725);
#9371 = OVER_RIDING_STYLED_ITEM('overriding color',(#9372),#3327,#9175);
#9372 = PRESENTATION_STYLE_ASSIGNMENT((#9373));
#9373 = SURFACE_STYLE_USAGE(.BOTH.,#9374);
#9374 = SURFACE_SIDE_STYLE('',(#9375));
#9375 = SURFACE_STYLE_FILL_AREA(#9376);
#9376 = FILL_AREA_STYLE('',(#9377));
#9377 = FILL_AREA_STYLE_COLOUR('',#8725);
#9378 = OVER_RIDING_STYLED_ITEM('overriding color',(#9379),#3611,#9175);
#9379 = PRESENTATION_STYLE_ASSIGNMENT((#9380));
#9380 = SURFACE_STYLE_USAGE(.BOTH.,#9381);
#9381 = SURFACE_SIDE_STYLE('',(#9382));
#9382 = SURFACE_STYLE_FILL_AREA(#9383);
#9383 = FILL_AREA_STYLE('',(#9384));
#9384 = FILL_AREA_STYLE_COLOUR('',#8725);
#9385 = OVER_RIDING_STYLED_ITEM('overriding color',(#9386),#3623,#9175);
#9386 = PRESENTATION_STYLE_ASSIGNMENT((#9387));
#9387 = SURFACE_STYLE_USAGE(.BOTH.,#9388);
#9388 = SURFACE_SIDE_STYLE('',(#9389));
#9389 = SURFACE_STYLE_FILL_AREA(#9390);
#9390 = FILL_AREA_STYLE('',(#9391));
#9391 = FILL_AREA_STYLE_COLOUR('',#8725);
#9392 = OVER_RIDING_STYLED_ITEM('overriding color',(#9393),#3663,#9175);
#9393 = PRESENTATION_STYLE_ASSIGNMENT((#9394));
#9394 = SURFACE_STYLE_USAGE(.BOTH.,#9395);
#9395 = SURFACE_SIDE_STYLE('',(#9396));
#9396 = SURFACE_STYLE_FILL_AREA(#9397);
#9397 = FILL_AREA_STYLE('',(#9398));
#9398 = FILL_AREA_STYLE_COLOUR('',#8725);
#9399 = OVER_RIDING_STYLED_ITEM('overriding color',(#9400),#3685,#9175);
#9400 = PRESENTATION_STYLE_ASSIGNMENT((#9401));
#9401 = SURFACE_STYLE_USAGE(.BOTH.,#9402);
#9402 = SURFACE_SIDE_STYLE('',(#9403));
#9403 = SURFACE_STYLE_FILL_AREA(#9404);
#9404 = FILL_AREA_STYLE('',(#9405));
#9405 = FILL_AREA_STYLE_COLOUR('',#8725);
#9406 = OVER_RIDING_STYLED_ITEM('overriding color',(#9407),#3725,#9175);
#9407 = PRESENTATION_STYLE_ASSIGNMENT((#9408));
#9408 = SURFACE_STYLE_USAGE(.BOTH.,#9409);
#9409 = SURFACE_SIDE_STYLE('',(#9410));
#9410 = SURFACE_STYLE_FILL_AREA(#9411);
#9411 = FILL_AREA_STYLE('',(#9412));
#9412 = FILL_AREA_STYLE_COLOUR('',#8725);
#9413 = OVER_RIDING_STYLED_ITEM('overriding color',(#9414),#3747,#9175);
#9414 = PRESENTATION_STYLE_ASSIGNMENT((#9415));
#9415 = SURFACE_STYLE_USAGE(.BOTH.,#9416);
#9416 = SURFACE_SIDE_STYLE('',(#9417));
#9417 = SURFACE_STYLE_FILL_AREA(#9418);
#9418 = FILL_AREA_STYLE('',(#9419));
#9419 = FILL_AREA_STYLE_COLOUR('',#8725);
#9420 = OVER_RIDING_STYLED_ITEM('overriding color',(#9421),#3769,#9175);
#9421 = PRESENTATION_STYLE_ASSIGNMENT((#9422));
#9422 = SURFACE_STYLE_USAGE(.BOTH.,#9423);
#9423 = SURFACE_SIDE_STYLE('',(#9424));
#9424 = SURFACE_STYLE_FILL_AREA(#9425);
#9425 = FILL_AREA_STYLE('',(#9426));
#9426 = FILL_AREA_STYLE_COLOUR('',#8725);
#9427 = OVER_RIDING_STYLED_ITEM('overriding color',(#9428),#3791,#9175);
#9428 = PRESENTATION_STYLE_ASSIGNMENT((#9429));
#9429 = SURFACE_STYLE_USAGE(.BOTH.,#9430);
#9430 = SURFACE_SIDE_STYLE('',(#9431));
#9431 = SURFACE_STYLE_FILL_AREA(#9432);
#9432 = FILL_AREA_STYLE('',(#9433));
#9433 = FILL_AREA_STYLE_COLOUR('',#8725);
#9434 = OVER_RIDING_STYLED_ITEM('overriding color',(#9435),#3824,#9175);
#9435 = PRESENTATION_STYLE_ASSIGNMENT((#9436));
#9436 = SURFACE_STYLE_USAGE(.BOTH.,#9437);
#9437 = SURFACE_SIDE_STYLE('',(#9438));
#9438 = SURFACE_STYLE_FILL_AREA(#9439);
#9439 = FILL_AREA_STYLE('',(#9440));
#9440 = FILL_AREA_STYLE_COLOUR('',#8725);
#9441 = OVER_RIDING_STYLED_ITEM('overriding color',(#9442),#3841,#9175);
#9442 = PRESENTATION_STYLE_ASSIGNMENT((#9443));
#9443 = SURFACE_STYLE_USAGE(.BOTH.,#9444);
#9444 = SURFACE_SIDE_STYLE('',(#9445));
#9445 = SURFACE_STYLE_FILL_AREA(#9446);
#9446 = FILL_AREA_STYLE('',(#9447));
#9447 = FILL_AREA_STYLE_COLOUR('',#8725);
#9448 = OVER_RIDING_STYLED_ITEM('overriding color',(#9449),#3858,#9175);
#9449 = PRESENTATION_STYLE_ASSIGNMENT((#9450));
#9450 = SURFACE_STYLE_USAGE(.BOTH.,#9451);
#9451 = SURFACE_SIDE_STYLE('',(#9452));
#9452 = SURFACE_STYLE_FILL_AREA(#9453);
#9453 = FILL_AREA_STYLE('',(#9454));
#9454 = FILL_AREA_STYLE_COLOUR('',#8725);
#9455 = OVER_RIDING_STYLED_ITEM('overriding color',(#9456),#3870,#9175);
#9456 = PRESENTATION_STYLE_ASSIGNMENT((#9457));
#9457 = SURFACE_STYLE_USAGE(.BOTH.,#9458);
#9458 = SURFACE_SIDE_STYLE('',(#9459));
#9459 = SURFACE_STYLE_FILL_AREA(#9460);
#9460 = FILL_AREA_STYLE('',(#9461));
#9461 = FILL_AREA_STYLE_COLOUR('',#8725);
#9462 = OVER_RIDING_STYLED_ITEM('overriding color',(#9463),#3882,#9175);
#9463 = PRESENTATION_STYLE_ASSIGNMENT((#9464));
#9464 = SURFACE_STYLE_USAGE(.BOTH.,#9465);
#9465 = SURFACE_SIDE_STYLE('',(#9466));
#9466 = SURFACE_STYLE_FILL_AREA(#9467);
#9467 = FILL_AREA_STYLE('',(#9468));
#9468 = FILL_AREA_STYLE_COLOUR('',#8725);
ENDSEC;
END-ISO-10303-21;
